solid OpenSCAD_Model
  facet normal 0 -0.8005412409243657 -0.5992776665113398
    outer loop
      vertex -1.5 -11.858159284228362 -18.854476958661817
      vertex -1.4900000000000002 -11.858159284228362 -18.854476958661817
      vertex -1.5 -11.943727856151007 -18.740170728713593
    endloop
  endfacet
  facet normal -1 0 0
    outer loop
      vertex -1.5 -11.858159284228362 -18.854476958661817
      vertex -1.5 -11.943727856151007 -18.740170728713593
      vertex -1.5 -11.767248723062774 -18.964582201835857
    endloop
  endfacet
  facet normal 0 -0.7711197197453876 -0.6366901741190881
    outer loop
      vertex -1.5 -11.858159284228362 -18.854476958661817
      vertex -1.5 -11.767248723062774 -18.964582201835857
      vertex -1.4900000000000002 -11.858159284228362 -18.854476958661817
    endloop
  endfacet
  facet normal -1 0 0
    outer loop
      vertex -1.5 -11.767248723062774 -18.964582201835857
      vertex -1.5 -11.943727856151007 -18.740170728713593
      vertex -1.5 -11.67120211431521 -19.070237034446336
    endloop
  endfacet
  facet normal -1 0 0
    outer loop
      vertex -1.5 -12.228895986063556 -18.24624503900566
      vertex -1.5 -12.098076211353316 -18.5
      vertex -1.5 -12.16650634596477 -18.37467956518223
    endloop
  endfacet
  facet normal -1 0 0
    outer loop
      vertex -1.5 -12.228895986063556 -18.24624503900566
      vertex -1.5 -12.285103799048219 -18.114987366980984
      vertex -1.5 -12.098076211353316 -18.5
    endloop
  endfacet
  facet normal -1 0 0
    outer loop
      vertex -1.5 -12.335002456144005 -17.981203889952262
      vertex -1.5 -12.378478920843492 -17.84519767052429
      vertex -1.5 -12.285103799048219 -18.114987366980984
    endloop
  endfacet
  facet normal -1 0 0
    outer loop
      vertex -1.5 -12.378478920843492 -17.84519767052429
      vertex -1.5 -12.415434704970625 -17.70727680652828
      vertex -1.5 -12.285103799048219 -18.114987366980984
    endloop
  endfacet
  facet normal -1 0 0
    outer loop
      vertex -1.5 -12.415434704970625 -17.70727680652828
      vertex -1.5 -12.44578609178812 -17.567753733081233
      vertex -1.5 -12.469464325642798 -17.426944514819855
    endloop
  endfacet
  facet normal -1 0 0
    outer loop
      vertex -1.5 -12.415434704970625 -17.70727680652828
      vertex -1.5 -12.5 -17
      vertex -1.5 -12.098076211353316 -18.5
    endloop
  endfacet
  facet normal -1 0 0
    outer loop
      vertex -1.5 -12.415434704970625 -17.70727680652828
      vertex -1.5 -12.098076211353316 -18.5
      vertex -1.5 -12.285103799048219 -18.114987366980984
    endloop
  endfacet
  facet normal -1 0 0
    outer loop
      vertex -1.5 -12.023760598493542 -18.621922452366793
      vertex -1.5 -12.098076211353316 -18.5
      vertex -1.5 -11.943727856151007 -18.740170728713593
    endloop
  endfacet
  facet normal -1 0 0
    outer loop
      vertex -1.5 -11.67120211431521 -19.070237034446336
      vertex -1.5 -11.464582201835857 -19.267248723062774
      vertex -1.5 -11.570237034446336 -19.17120211431521
    endloop
  endfacet
  facet normal -1 0 0
    outer loop
      vertex -1.5 -11.943727856151007 -18.740170728713593
      vertex -1.5 -11 -19.598076211353316
      vertex -1.5 -11.67120211431521 -19.070237034446336
    endloop
  endfacet
  facet normal -1 0 0
    outer loop
      vertex -1.5 -12.098076211353316 -18.5
      vertex -1.5 -11 -19.598076211353316
      vertex -1.5 -11.943727856151007 -18.740170728713593
    endloop
  endfacet
  facet normal -1 0 0
    outer loop
      vertex -1.5 -11.67120211431521 -19.070237034446336
      vertex -1.5 -11.354476958661817 -19.358159284228364
      vertex -1.5 -11.464582201835857 -19.267248723062774
    endloop
  endfacet
  facet normal -1 0 0
    outer loop
      vertex -1.5 -11.67120211431521 -19.070237034446336
      vertex -1.5 -11.240170728713593 -19.443727856151007
      vertex -1.5 -11.354476958661817 -19.358159284228364
    endloop
  endfacet
  facet normal -1 0 0
    outer loop
      vertex -1.5 -11.240170728713593 -19.443727856151007
      vertex -1.5 -11 -19.598076211353316
      vertex -1.5 -11.121922452366794 -19.523760598493542
    endloop
  endfacet
  facet normal -1 0 0
    outer loop
      vertex -1.5 -11.67120211431521 -19.070237034446336
      vertex -1.5 -11 -19.598076211353316
      vertex -1.5 -11.240170728713593 -19.443727856151007
    endloop
  endfacet
  facet normal -1 0 0
    outer loop
      vertex -1.5 -12.415434704970625 -17.70727680652828
      vertex -1.5 -12.469464325642798 -17.426944514819855
      vertex -1.5 -12.5 -17
    endloop
  endfacet
  facet normal -1 0 0
    outer loop
      vertex -1.5 -12.469464325642798 -17.426944514819855
      vertex -1.5 -12.486415767719254 -17.28516812991255
      vertex -1.5 -12.5 -17
    endloop
  endfacet
  facet normal -1 0 0
    outer loop
      vertex -1.5 -12.486415767719254 -17.28516812991255
      vertex -1.5 -12.496602017549023 -17.142745747471228
      vertex -1.5 -12.5 -17
    endloop
  endfacet
  facet normal -1 0 0
    outer loop
      vertex -1.5 -11 -19.598076211353316
      vertex -1.5 -10.614987366980982 -19.78510379904822
      vertex -1.5 -10.746245039005661 -19.728895986063556
    endloop
  endfacet
  facet normal -1 0 0
    outer loop
      vertex -1.5 -11 -19.598076211353316
      vertex -1.5 -10.746245039005661 -19.728895986063556
      vertex -1.5 -10.87467956518223 -19.66650634596477
    endloop
  endfacet
  facet normal -1 0 0
    outer loop
      vertex -1.5 -11 -19.598076211353316
      vertex -1.5 -10.20727680652828 -19.915434704970625
      vertex -1.5 -10.614987366980982 -19.78510379904822
    endloop
  endfacet
  facet normal -1 0 0
    outer loop
      vertex -1.5 -12.098076211353316 -18.5
      vertex -1.5 -9.5 -20
      vertex -1.5 -11 -19.598076211353316
    endloop
  endfacet
  facet normal -1 0 0
    outer loop
      vertex -1.5 -10.614987366980982 -19.78510379904822
      vertex -1.5 -10.20727680652828 -19.915434704970625
      vertex -1.5 -10.481203889952264 -19.835002456144007
    endloop
  endfacet
  facet normal -1 0 0
    outer loop
      vertex -1.5 -10.481203889952264 -19.835002456144007
      vertex -1.5 -10.20727680652828 -19.915434704970625
      vertex -1.5 -10.34519767052429 -19.87847892084349
    endloop
  endfacet
  facet normal -1 0 0
    outer loop
      vertex -1.5 -11 -19.598076211353316
      vertex -1.5 -9.5 -20
      vertex -1.5 -10.20727680652828 -19.915434704970625
    endloop
  endfacet
  facet normal -1 0 0
    outer loop
      vertex -1.5 -10.20727680652828 -19.915434704970625
      vertex -1.5 -9.926944514819855 -19.969464325642797
      vertex -1.5 -10.067753733081233 -19.94578609178812
    endloop
  endfacet
  facet normal -1 0 0
    outer loop
      vertex -1.5 -10.20727680652828 -19.915434704970625
      vertex -1.5 -9.5 -20
      vertex -1.5 -9.926944514819855 -19.969464325642797
    endloop
  endfacet
  facet normal -1 0 0
    outer loop
      vertex -1.5 -9.926944514819855 -19.969464325642797
      vertex -1.5 -9.5 -20
      vertex -1.5 -9.785168129912547 -19.986415767719254
    endloop
  endfacet
  facet normal -1 0 0
    outer loop
      vertex -1.5 -9.785168129912547 -19.986415767719254
      vertex -1.5 -9.5 -20
      vertex -1.5 -9.642745747471228 -19.996602017549023
    endloop
  endfacet
  facet normal -1 0 0
    outer loop
      vertex -1.5 -12.098076211353316 -18.5
      vertex -1.5 -9.20609444167944 -15.328384222748234
      vertex -1.5 -9.188820645368942 -15.386271242968684
    endloop
  endfacet
  facet normal -1 0 0
    outer loop
      vertex -1.5 -12.098076211353316 -18.5
      vertex -1.5 -9.22055134853659 -15.269730245959757
      vertex -1.5 -9.20609444167944 -15.328384222748234
    endloop
  endfacet
  facet normal -1 0 0
    outer loop
      vertex -1.5 -12.098076211353316 -18.5
      vertex -1.5 -9.232157601164564 -15.210446301683799
      vertex -1.5 -9.22055134853659 -15.269730245959757
    endloop
  endfacet
  facet normal -1 0 0
    outer loop
      vertex -1.5 -12.098076211353316 -18.5
      vertex -1.5 -9.240886092622567 -15.150670850319154
      vertex -1.5 -9.232157601164564 -15.210446301683799
    endloop
  endfacet
  facet normal -1 0 0
    outer loop
      vertex -1.5 -12.098076211353316 -18.5
      vertex -1.5 -9.246716437114364 -15.090543500202202
      vertex -1.5 -9.240886092622567 -15.150670850319154
    endloop
  endfacet
  facet normal -1 0 0
    outer loop
      vertex -1.5 -12.098076211353316 -18.5
      vertex -1.5 -9.24963501760024 -15.030204681545165
      vertex -1.5 -9.246716437114364 -15.090543500202202
    endloop
  endfacet
  facet normal -1 0 0
    outer loop
      vertex -1.5 -12.098076211353316 -18.5
      vertex -1.5 -9.24963501760024 -14.969795318454835
      vertex -1.5 -9.24963501760024 -15.030204681545165
    endloop
  endfacet
  facet normal -1 0 0
    outer loop
      vertex -1.5 -12.098076211353316 -18.5
      vertex -1.5 -8.633699817266988 -16.07746208360006
      vertex -1.5 -8.580903965054711 -16.106820032066512
    endloop
  endfacet
  facet normal -1 0 0
    outer loop
      vertex -1.5 -12.098076211353316 -18.5
      vertex -1.5 -9.092460040783147 -15.60747926655326
      vertex -1.5 -9.061834918901901 -15.659550305132665
    endloop
  endfacet
  facet normal -1 0 0
    outer loop
      vertex -1.5 -12.098076211353316 -18.5
      vertex -1.5 -9.061834918901901 -15.659550305132665
      vertex -1.5 -9.02872983236707 -15.710080933413945
    endloop
  endfacet
  facet normal -1 0 0
    outer loop
      vertex -1.5 -12.098076211353316 -18.5
      vertex -1.5 -8.955394650682312 -15.806052765920214
      vertex -1.5 -8.915335833247218 -15.851269823483495
    endloop
  endfacet
  facet normal -1 0 0
    outer loop
      vertex -1.5 -12.098076211353316 -18.5
      vertex -1.5 -8.915335833247218 -15.851269823483495
      vertex -1.5 -8.873139206561172 -15.89449870093015
    endloop
  endfacet
  facet normal -1 0 0
    outer loop
      vertex -1.5 -12.098076211353316 -18.5
      vertex -1.5 -9.02872983236707 -15.710080933413945
      vertex -1.5 -8.993222099642193 -15.758953134773389
    endloop
  endfacet
  facet normal -1 0 0
    outer loop
      vertex -1.5 -12.098076211353316 -18.5
      vertex -1.5 -8.993222099642193 -15.758953134773389
      vertex -1.5 -8.955394650682312 -15.806052765920214
    endloop
  endfacet
  facet normal -1 0 0
    outer loop
      vertex -1.5 -12.098076211353316 -18.5
      vertex -1.5 -9.145990244145729 -15.49920572945712
      vertex -1.5 -9.12053367161963 -15.553989431999053
    endloop
  endfacet
  facet normal -1 0 0
    outer loop
      vertex -1.5 -12.098076211353316 -18.5
      vertex -1.5 -9.16877030335677 -15.443256108803169
      vertex -1.5 -9.145990244145729 -15.49920572945712
    endloop
  endfacet
  facet normal -1 0 0
    outer loop
      vertex -1.5 -12.098076211353316 -18.5
      vertex -1.5 -9.188820645368942 -15.386271242968684
      vertex -1.5 -9.16877030335677 -15.443256108803169
    endloop
  endfacet
  facet normal -1 0 0
    outer loop
      vertex -1.5 -12.098076211353316 -18.5
      vertex -1.5 -9.12053367161963 -15.553989431999053
      vertex -1.5 -9.092460040783147 -15.60747926655326
    endloop
  endfacet
  facet normal -1 0 0
    outer loop
      vertex -1.5 -12.098076211353316 -18.5
      vertex -1.5 -8.873139206561172 -15.89449870093015
      vertex -1.5 -8.828903322800993 -15.935638435213876
    endloop
  endfacet
  facet normal -1 0 0
    outer loop
      vertex -1.5 -12.098076211353316 -18.5
      vertex -1.5 -8.828903322800993 -15.935638435213876
      vertex -1.5 -8.782731496922892 -15.974592942579028
    endloop
  endfacet
  facet normal -1 0 0
    outer loop
      vertex -1.5 -12.098076211353316 -18.5
      vertex -1.5 -8.782731496922892 -15.974592942579028
      vertex -1.5 -8.73473156536559 -16.011271242968682
    endloop
  endfacet
  facet normal -1 0 0
    outer loop
      vertex -1.5 -12.098076211353316 -18.5
      vertex -1.5 -8.73473156536559 -16.011271242968682
      vertex -1.5 -8.685015634193338 -16.045587672512784
    endloop
  endfacet
  facet normal -1 0 0
    outer loop
      vertex -1.5 -12.098076211353316 -18.5
      vertex -1.5 -8.685015634193338 -16.045587672512784
      vertex -1.5 -8.633699817266988 -16.07746208360006
    endloop
  endfacet
  facet normal -1 0 0
    outer loop
      vertex -1.5 -12.098076211353316 -18.5
      vertex -1.5 -8.580903965054711 -16.106820032066512
      vertex -1.5 -8.526751384715661 -16.133592951063182
    endloop
  endfacet
  facet normal -1 0 0
    outer loop
      vertex -1.5 -12.098076211353316 -18.5
      vertex -1.5 -8.526751384715661 -16.133592951063182
      vertex -1.5 -8.4713685521104 -16.157718311197222
    endloop
  endfacet
  facet normal -1 0 0
    outer loop
      vertex -1.5 -12.098076211353316 -18.5
      vertex -1.5 -8.41488481641066 -16.179139766572177
      vertex -1.5 -8.357432097998363 -16.197807286386457
    endloop
  endfacet
  facet normal -1 0 0
    outer loop
      vertex -1.5 -12.098076211353316 -18.5
      vertex -1.5 -8.4713685521104 -16.157718311197222
      vertex -1.5 -8.41488481641066 -16.179139766572177
    endloop
  endfacet
  facet normal -1 0 0
    outer loop
      vertex -1.5 -12.098076211353316 -18.5
      vertex -1.5 -8.357432097998363 -16.197807286386457
      vertex -1.5 -8.299144580359448 -16.213677271782565
    endloop
  endfacet
  facet normal -1 0 0
    outer loop
      vertex -1.5 -12.098076211353316 -18.5
      vertex -1.5 -8.299144580359448 -16.213677271782565
      vertex -1.5 -8.240158396692136 -16.226712657674266
    endloop
  endfacet
  facet normal -1 0 0
    outer loop
      vertex -1.5 -12.098076211353316 -18.5
      vertex -1.5 -8.240158396692136 -16.226712657674266
      vertex -1.5 -8.180611311961528 -16.236882999313814
    endloop
  endfacet
  facet normal -1 0 0
    outer loop
      vertex -1.5 -12.098076211353316 -18.5
      vertex -1.5 -8.180611311961528 -16.236882999313814
      vertex -1.5 -8.120642401143144 -16.244164543397062
    endloop
  endfacet
  facet normal -1 0 0
    outer loop
      vertex -1.5 -12.098076211353316 -18.5
      vertex -1.5 -8.120642401143144 -16.244164543397062
      vertex -1.5 -8.060391724406884 -16.248540283540407
    endloop
  endfacet
  facet normal -1 0 0
    outer loop
      vertex -1.5 -12.098076211353316 -18.5
      vertex -1.5 -12.5 -17
      vertex -1.5 -12.496602017549023 17.142745747471228
    endloop
  endfacet
  facet normal -1 0 0
    outer loop
      vertex -1.5 -12.098076211353316 -18.5
      vertex -1.5 -9.5 20
      vertex -1.5 -9.24963501760024 -14.969795318454835
    endloop
  endfacet
  facet normal -1 0 0
    outer loop
      vertex -1.5 -9.5 20
      vertex -1.5 -9.246716437114364 -14.909456499797798
      vertex -1.5 -9.24963501760024 -14.969795318454835
    endloop
  endfacet
  facet normal -1 0 0
    outer loop
      vertex -1.5 -9.5 20
      vertex -1.5 -9.240886092622567 -14.849329149680846
      vertex -1.5 -9.246716437114364 -14.909456499797798
    endloop
  endfacet
  facet normal -1 0 0
    outer loop
      vertex -1.5 -9.5 20
      vertex -1.5 -9.232157601164564 -14.789553698316201
      vertex -1.5 -9.240886092622567 -14.849329149680846
    endloop
  endfacet
  facet normal -1 0 0
    outer loop
      vertex -1.5 -9.5 20
      vertex -1.5 -9.22055134853659 -14.730269754040243
      vertex -1.5 -9.232157601164564 -14.789553698316201
    endloop
  endfacet
  facet normal -1 0 0
    outer loop
      vertex -1.5 -9.5 20
      vertex -1.5 -9.20609444167944 -14.671615777251766
      vertex -1.5 -9.22055134853659 -14.730269754040243
    endloop
  endfacet
  facet normal -1 0 0
    outer loop
      vertex -1.5 -9.5 20
      vertex -1.5 -9.188820645368942 -14.613728757031316
      vertex -1.5 -9.20609444167944 -14.671615777251766
    endloop
  endfacet
  facet normal -1 0 0
    outer loop
      vertex -1.5 -9.5 20
      vertex -1.5 -9.16877030335677 -14.556743891196831
      vertex -1.5 -9.188820645368942 -14.613728757031316
    endloop
  endfacet
  facet normal -1 0 0
    outer loop
      vertex -1.5 -9.5 20
      vertex -1.5 -9.145990244145729 -14.50079427054288
      vertex -1.5 -9.16877030335677 -14.556743891196831
    endloop
  endfacet
  facet normal -1 0 0
    outer loop
      vertex -1.5 -9.5 20
      vertex -1.5 -9.12053367161963 -14.446010568000947
      vertex -1.5 -9.145990244145729 -14.50079427054288
    endloop
  endfacet
  facet normal -1 0 0
    outer loop
      vertex -1.5 -9.5 20
      vertex -1.5 -9.092460040783148 -14.392520733446743
      vertex -1.5 -9.12053367161963 -14.446010568000947
    endloop
  endfacet
  facet normal -1 0 0
    outer loop
      vertex -1.5 -9.5 20
      vertex -1.5 -9.061834918901901 -14.340449694867335
      vertex -1.5 -9.092460040783148 -14.392520733446743
    endloop
  endfacet
  facet normal -1 0 0
    outer loop
      vertex -1.5 -9.5 20
      vertex -1.5 -9.02872983236707 -14.289919066586055
      vertex -1.5 -9.061834918901901 -14.340449694867335
    endloop
  endfacet
  facet normal -1 0 0
    outer loop
      vertex -1.5 -9.5 20
      vertex -1.5 -8.993222099642193 -14.241046865226611
      vertex -1.5 -9.02872983236707 -14.289919066586055
    endloop
  endfacet
  facet normal -1 0 0
    outer loop
      vertex -1.5 -9.5 20
      vertex -1.5 -8.95539465068231 -14.193947234079786
      vertex -1.5 -8.993222099642193 -14.241046865226611
    endloop
  endfacet
  facet normal -1 0 0
    outer loop
      vertex -1.5 -9.5 20
      vertex -1.5 -8.915335833247216 -14.148730176516503
      vertex -1.5 -8.95539465068231 -14.193947234079786
    endloop
  endfacet
  facet normal -1 0 0
    outer loop
      vertex -1.5 -9.5 20
      vertex -1.5 -8.873139206561172 -14.10550129906985
      vertex -1.5 -8.915335833247216 -14.148730176516503
    endloop
  endfacet
  facet normal -1 0 0
    outer loop
      vertex -1.5 -9.5 20
      vertex -1.5 -8.828903322800993 -14.064361564786124
      vertex -1.5 -8.873139206561172 -14.10550129906985
    endloop
  endfacet
  facet normal -1 0 0
    outer loop
      vertex -1.5 -9.5 20
      vertex -1.5 -8.782731496922892 -14.025407057420972
      vertex -1.5 -8.828903322800993 -14.064361564786124
    endloop
  endfacet
  facet normal -1 0 0
    outer loop
      vertex -1.5 -9.5 20
      vertex -1.5 -8.73473156536559 -13.988728757031316
      vertex -1.5 -8.782731496922892 -14.025407057420972
    endloop
  endfacet
  facet normal -1 0 0
    outer loop
      vertex -1.5 -9.5 20
      vertex -1.5 -8.685015634193338 -13.954412327487216
      vertex -1.5 -8.73473156536559 -13.988728757031316
    endloop
  endfacet
  facet normal -1 0 0
    outer loop
      vertex -1.5 -9.5 20
      vertex -1.5 -8.633699817266988 -13.92253791639994
      vertex -1.5 -8.685015634193338 -13.954412327487216
    endloop
  endfacet
  facet normal -1 0 0
    outer loop
      vertex -1.5 -9.5 20
      vertex -1.5 -8.580903965054711 -13.893179967933488
      vertex -1.5 -8.633699817266988 -13.92253791639994
    endloop
  endfacet
  facet normal -1 0 0
    outer loop
      vertex -1.5 -9.5 20
      vertex -1.5 -8.526751384715661 -13.866407048936818
      vertex -1.5 -8.580903965054711 -13.893179967933488
    endloop
  endfacet
  facet normal -1 0 0
    outer loop
      vertex -1.5 -9.5 20
      vertex -1.5 -8.4713685521104 -13.84228168880278
      vertex -1.5 -8.526751384715661 -13.866407048936818
    endloop
  endfacet
  facet normal -1 0 0
    outer loop
      vertex -1.5 -9.5 20
      vertex -1.5 -8.41488481641066 -13.82086023342782
      vertex -1.5 -8.4713685521104 -13.84228168880278
    endloop
  endfacet
  facet normal -1 0 0
    outer loop
      vertex -1.5 -9.5 20
      vertex -1.5 -8.35743209799836 -13.802192713613543
      vertex -1.5 -8.41488481641066 -13.82086023342782
    endloop
  endfacet
  facet normal -1 0 0
    outer loop
      vertex -1.5 -9.5 20
      vertex -1.5 -8.299144580359448 -13.786322728217435
      vertex -1.5 -8.35743209799836 -13.802192713613543
    endloop
  endfacet
  facet normal -1 0 0
    outer loop
      vertex -1.5 -9.5 20
      vertex -1.5 -8.240158396692136 -13.773287342325734
      vertex -1.5 -8.299144580359448 -13.786322728217435
    endloop
  endfacet
  facet normal -1 0 0
    outer loop
      vertex -1.5 -9.5 20
      vertex -1.5 -8.180611311961528 -13.763117000686186
      vertex -1.5 -8.240158396692136 -13.773287342325734
    endloop
  endfacet
  facet normal -1 0 0
    outer loop
      vertex -1.5 -9.5 20
      vertex -1.5 -8.120642401143144 -13.75583545660294
      vertex -1.5 -8.180611311961528 -13.763117000686186
    endloop
  endfacet
  facet normal -1 0 0
    outer loop
      vertex -1.5 -9.5 20
      vertex -1.5 -8.060391724406884 -13.751459716459593
      vertex -1.5 -8.120642401143144 -13.75583545660294
    endloop
  endfacet
  facet normal -1 0 0
    outer loop
      vertex -1.5 -9.5 20
      vertex -1.5 -8 -13.75
      vertex -1.5 -8.060391724406884 -13.751459716459593
    endloop
  endfacet
  facet normal -1 0 0
    outer loop
      vertex -1.5 -9.5 20
      vertex -1.5 -7.939608275593116 -13.751459716459593
      vertex -1.5 -8 -13.75
    endloop
  endfacet
  facet normal -1 0 0
    outer loop
      vertex -1.5 -9.5 20
      vertex -1.5 -7.879357598856856 -13.75583545660294
      vertex -1.5 -7.939608275593116 -13.751459716459593
    endloop
  endfacet
  facet normal -1 0 0
    outer loop
      vertex -1.5 -9.5 20
      vertex -1.5 -7.819388688038473 -13.763117000686186
      vertex -1.5 -7.879357598856856 -13.75583545660294
    endloop
  endfacet
  facet normal -1 0 0
    outer loop
      vertex -1.5 -9.5 20
      vertex -1.5 -7.759841603307865 -13.773287342325734
      vertex -1.5 -7.819388688038473 -13.763117000686186
    endloop
  endfacet
  facet normal -1 0 0
    outer loop
      vertex -1.5 -9.5 20
      vertex -1.5 -7.700855419640553 -13.786322728217435
      vertex -1.5 -7.759841603307865 -13.773287342325734
    endloop
  endfacet
  facet normal -1 0 0
    outer loop
      vertex -1.5 -9.5 20
      vertex -1.5 -7.642567902001638 -13.802192713613543
      vertex -1.5 -7.700855419640553 -13.786322728217435
    endloop
  endfacet
  facet normal -1 0 0
    outer loop
      vertex -1.5 -9.5 20
      vertex -1.5 -7.585115183589339 -13.82086023342782
      vertex -1.5 -7.642567902001638 -13.802192713613543
    endloop
  endfacet
  facet normal -1 0 0
    outer loop
      vertex -1.5 -9.5 20
      vertex -1.5 -7.528631447889599 -13.84228168880278
      vertex -1.5 -7.585115183589339 -13.82086023342782
    endloop
  endfacet
  facet normal -1 0 0
    outer loop
      vertex -1.5 -9.5 20
      vertex -1.5 -7.473248615284339 -13.866407048936818
      vertex -1.5 -7.528631447889599 -13.84228168880278
    endloop
  endfacet
  facet normal -1 0 0
    outer loop
      vertex -1.5 -9.5 20
      vertex -1.5 -7.41909603494529 -13.893179967933488
      vertex -1.5 -7.473248615284339 -13.866407048936818
    endloop
  endfacet
  facet normal -1 0 0
    outer loop
      vertex -1.5 -9.5 20
      vertex -1.5 -7.366300182733013 -13.92253791639994
      vertex -1.5 -7.41909603494529 -13.893179967933488
    endloop
  endfacet
  facet normal -1 0 0
    outer loop
      vertex -1.5 -9.5 20
      vertex -1.5 -7.314984365806662 -13.954412327487216
      vertex -1.5 -7.366300182733013 -13.92253791639994
    endloop
  endfacet
  facet normal -1 0 0
    outer loop
      vertex -1.5 -9.5 20
      vertex -1.5 -7.265268434634408 -13.988728757031316
      vertex -1.5 -7.314984365806662 -13.954412327487216
    endloop
  endfacet
  facet normal -1 0 0
    outer loop
      vertex -1.5 -9.5 20
      vertex -1.5 -7.217268503077108 -14.025407057420972
      vertex -1.5 -7.265268434634408 -13.988728757031316
    endloop
  endfacet
  facet normal -1 0 0
    outer loop
      vertex -1.5 -9.5 20
      vertex -1.5 -7.171096677199006 -14.064361564786124
      vertex -1.5 -7.217268503077108 -14.025407057420972
    endloop
  endfacet
  facet normal -1 0 0
    outer loop
      vertex -1.5 -9.5 20
      vertex -1.5 -7.126860793438828 -14.10550129906985
      vertex -1.5 -7.171096677199006 -14.064361564786124
    endloop
  endfacet
  facet normal -1 0 0
    outer loop
      vertex -1.5 -12.098076211353316 -18.5
      vertex -1.5 9.642745747471228 -19.996602017549023
      vertex -1.5 -9.5 -20
    endloop
  endfacet
  facet normal -1 0 0
    outer loop
      vertex -1.5 -12.098076211353316 -18.5
      vertex -1.5 -8.060391724406884 -16.248540283540407
      vertex -1.5 12.5 -17
    endloop
  endfacet
  facet normal -1 0 0
    outer loop
      vertex -1.5 -7.314984365806662 -16.045587672512784
      vertex -1.5 -7.265268434634408 -16.011271242968682
      vertex -1.5 7.314984365806662 -16.045587672512784
    endloop
  endfacet
  facet normal -1 0 0
    outer loop
      vertex -1.5 -7.265268434634408 -16.011271242968682
      vertex -1.5 -7.217268503077108 -15.974592942579028
      vertex -1.5 7.265268434634408 -16.011271242968682
    endloop
  endfacet
  facet normal -1 0 0
    outer loop
      vertex -1.5 -7.217268503077108 -15.974592942579028
      vertex -1.5 -7.171096677199006 -15.935638435213876
      vertex -1.5 7.217268503077108 -15.974592942579028
    endloop
  endfacet
  facet normal -1 0 0
    outer loop
      vertex -1.5 -7.171096677199006 -15.935638435213876
      vertex -1.5 -7.126860793438829 -15.894498700930152
      vertex -1.5 7.171096677199006 -15.935638435213876
    endloop
  endfacet
  facet normal -1 0 0
    outer loop
      vertex -1.5 -7.126860793438829 -15.894498700930152
      vertex -1.5 -7.084664166752783 -15.851269823483497
      vertex -1.5 7.126860793438828 -15.89449870093015
    endloop
  endfacet
  facet normal -1 0 0
    outer loop
      vertex -1.5 -7.04460534931769 -15.806052765920214
      vertex -1.5 7.084664166752782 -15.851269823483495
      vertex -1.5 -7.084664166752783 -15.851269823483497
    endloop
  endfacet
  facet normal -1 0 0
    outer loop
      vertex -1.5 -7.0067779003578075 -15.758953134773389
      vertex -1.5 7.044605349317689 -15.806052765920214
      vertex -1.5 -7.04460534931769 -15.806052765920214
    endloop
  endfacet
  facet normal -1 0 0
    outer loop
      vertex -1.5 -6.971270167632929 -15.710080933413945
      vertex -1.5 7.006777900357807 -15.758953134773389
      vertex -1.5 -7.0067779003578075 -15.758953134773389
    endloop
  endfacet
  facet normal -1 0 0
    outer loop
      vertex -1.5 -6.938165081098099 -15.659550305132665
      vertex -1.5 6.97127016763293 -15.710080933413945
      vertex -1.5 -6.971270167632929 -15.710080933413945
    endloop
  endfacet
  facet normal -1 0 0
    outer loop
      vertex -1.5 -6.9075399592168525 -15.607479266553257
      vertex -1.5 6.938165081098099 -15.659550305132665
      vertex -1.5 -6.938165081098099 -15.659550305132665
    endloop
  endfacet
  facet normal -1 0 0
    outer loop
      vertex -1.5 -6.879466328380371 -15.553989431999051
      vertex -1.5 6.9075399592168525 -15.60747926655326
      vertex -1.5 -6.9075399592168525 -15.607479266553257
    endloop
  endfacet
  facet normal -1 0 0
    outer loop
      vertex -1.5 -6.854009755854272 -15.49920572945712
      vertex -1.5 6.879466328380371 -15.553989431999053
      vertex -1.5 -6.879466328380371 -15.553989431999051
    endloop
  endfacet
  facet normal -1 0 0
    outer loop
      vertex -1.5 -6.8312296966432315 -15.443256108803169
      vertex -1.5 6.854009755854272 -15.49920572945712
      vertex -1.5 -6.854009755854272 -15.49920572945712
    endloop
  endfacet
  facet normal -1 0 0
    outer loop
      vertex -1.5 -6.811179354631058 -15.386271242968684
      vertex -1.5 6.8312296966432315 -15.443256108803169
      vertex -1.5 -6.8312296966432315 -15.443256108803169
    endloop
  endfacet
  facet normal -1 0 0
    outer loop
      vertex -1.5 -6.793905558320561 -15.328384222748234
      vertex -1.5 6.811179354631058 -15.386271242968684
      vertex -1.5 -6.811179354631058 -15.386271242968684
    endloop
  endfacet
  facet normal -1 0 0
    outer loop
      vertex -1.5 -6.77944865146341 -15.269730245959757
      vertex -1.5 6.793905558320561 -15.328384222748234
      vertex -1.5 -6.793905558320561 -15.328384222748234
    endloop
  endfacet
  facet normal -1 0 0
    outer loop
      vertex -1.5 -6.767842398835437 -15.210446301683799
      vertex -1.5 6.77944865146341 -15.269730245959757
      vertex -1.5 -6.77944865146341 -15.269730245959757
    endloop
  endfacet
  facet normal -1 0 0
    outer loop
      vertex -1.5 -6.759113907377433 -15.150670850319154
      vertex -1.5 6.767842398835437 -15.210446301683799
      vertex -1.5 -6.767842398835437 -15.210446301683799
    endloop
  endfacet
  facet normal -1 0 0
    outer loop
      vertex -1.5 -6.7532835628856365 -15.090543500202203
      vertex -1.5 6.759113907377433 -15.150670850319154
      vertex -1.5 -6.759113907377433 -15.150670850319154
    endloop
  endfacet
  facet normal -1 0 0
    outer loop
      vertex -1.5 -6.750364982399759 -15.030204681545165
      vertex -1.5 6.7532835628856365 -15.090543500202202
      vertex -1.5 -6.7532835628856365 -15.090543500202203
    endloop
  endfacet
  facet normal -1 0 0
    outer loop
      vertex -1.5 -6.750364982399759 -14.969795318454835
      vertex -1.5 6.750364982399759 -15.030204681545165
      vertex -1.5 -6.750364982399759 -15.030204681545165
    endloop
  endfacet
  facet normal -1 0 0
    outer loop
      vertex -1.5 12.5 -17
      vertex -1.5 -8.060391724406884 -16.248540283540407
      vertex -1.5 -8 -16.25
    endloop
  endfacet
  facet normal -1 0 0
    outer loop
      vertex -1.5 12.5 -17
      vertex -1.5 -8 -16.25
      vertex -1.5 -7.939608275593116 -16.248540283540407
    endloop
  endfacet
  facet normal -1 0 0
    outer loop
      vertex -1.5 12.5 -17
      vertex -1.5 -7.939608275593116 -16.248540283540407
      vertex -1.5 -7.879357598856856 -16.244164543397062
    endloop
  endfacet
  facet normal -1 0 0
    outer loop
      vertex -1.5 12.5 -17
      vertex -1.5 -7.879357598856856 -16.244164543397062
      vertex -1.5 -7.819388688038473 -16.236882999313814
    endloop
  endfacet
  facet normal -1 0 0
    outer loop
      vertex -1.5 12.5 -17
      vertex -1.5 -7.819388688038473 -16.236882999313814
      vertex -1.5 -7.759841603307865 -16.226712657674266
    endloop
  endfacet
  facet normal -1 0 0
    outer loop
      vertex -1.5 12.5 -17
      vertex -1.5 -7.759841603307865 -16.226712657674266
      vertex -1.5 -7.700855419640553 -16.213677271782565
    endloop
  endfacet
  facet normal -1 0 0
    outer loop
      vertex -1.5 12.5 -17
      vertex -1.5 -7.700855419640553 -16.213677271782565
      vertex -1.5 -7.642567902001638 -16.197807286386457
    endloop
  endfacet
  facet normal -1 0 0
    outer loop
      vertex -1.5 12.5 -17
      vertex -1.5 -7.642567902001638 -16.197807286386457
      vertex -1.5 -7.585115183589339 -16.179139766572177
    endloop
  endfacet
  facet normal -1 0 0
    outer loop
      vertex -1.5 12.5 -17
      vertex -1.5 -7.585115183589339 -16.179139766572177
      vertex -1.5 -7.5286314478896 -16.157718311197222
    endloop
  endfacet
  facet normal -1 0 0
    outer loop
      vertex -1.5 12.5 -17
      vertex -1.5 -7.5286314478896 -16.157718311197222
      vertex -1.5 -7.473248615284339 -16.133592951063182
    endloop
  endfacet
  facet normal -1 0 0
    outer loop
      vertex -1.5 12.5 -17
      vertex -1.5 -7.473248615284339 -16.133592951063182
      vertex -1.5 -7.419096034945289 -16.106820032066512
    endloop
  endfacet
  facet normal -1 0 0
    outer loop
      vertex -1.5 12.5 -17
      vertex -1.5 -7.419096034945289 -16.106820032066512
      vertex -1.5 -7.366300182733012 -16.07746208360006
    endloop
  endfacet
  facet normal -1 0 0
    outer loop
      vertex -1.5 12.5 -17
      vertex -1.5 -7.366300182733012 -16.07746208360006
      vertex -1.5 -7.314984365806662 -16.045587672512784
    endloop
  endfacet
  facet normal -1 0 0
    outer loop
      vertex -1.5 -7.04460534931769 -14.193947234079786
      vertex -1.5 7.0067779003578075 -14.241046865226611
      vertex -1.5 -7.0067779003578075 -14.241046865226611
    endloop
  endfacet
  facet normal -1 0 0
    outer loop
      vertex -1.5 -7.084664166752783 -14.148730176516503
      vertex -1.5 7.04460534931769 -14.193947234079786
      vertex -1.5 -7.04460534931769 -14.193947234079786
    endloop
  endfacet
  facet normal -1 0 0
    outer loop
      vertex -1.5 -7.126860793438828 -14.10550129906985
      vertex -1.5 7.084664166752783 -14.148730176516503
      vertex -1.5 -7.084664166752783 -14.148730176516503
    endloop
  endfacet
  facet normal -1 0 0
    outer loop
      vertex -1.5 -6.7532835628856365 -14.909456499797797
      vertex -1.5 6.750364982399759 -14.969795318454835
      vertex -1.5 -6.750364982399759 -14.969795318454835
    endloop
  endfacet
  facet normal -1 0 0
    outer loop
      vertex -1.5 -6.759113907377433 -14.849329149680846
      vertex -1.5 6.7532835628856365 -14.909456499797798
      vertex -1.5 -6.7532835628856365 -14.909456499797797
    endloop
  endfacet
  facet normal -1 0 0
    outer loop
      vertex -1.5 -6.767842398835437 -14.789553698316201
      vertex -1.5 6.759113907377433 -14.849329149680846
      vertex -1.5 -6.759113907377433 -14.849329149680846
    endloop
  endfacet
  facet normal -1 0 0
    outer loop
      vertex -1.5 -6.77944865146341 -14.730269754040243
      vertex -1.5 6.767842398835437 -14.789553698316201
      vertex -1.5 -6.767842398835437 -14.789553698316201
    endloop
  endfacet
  facet normal -1 0 0
    outer loop
      vertex -1.5 -6.793905558320561 -14.671615777251766
      vertex -1.5 6.77944865146341 -14.730269754040243
      vertex -1.5 -6.77944865146341 -14.730269754040243
    endloop
  endfacet
  facet normal -1 0 0
    outer loop
      vertex -1.5 -6.811179354631058 -14.613728757031316
      vertex -1.5 6.793905558320561 -14.671615777251766
      vertex -1.5 -6.793905558320561 -14.671615777251766
    endloop
  endfacet
  facet normal -1 0 0
    outer loop
      vertex -1.5 -6.8312296966432315 -14.556743891196831
      vertex -1.5 6.811179354631058 -14.613728757031316
      vertex -1.5 -6.811179354631058 -14.613728757031316
    endloop
  endfacet
  facet normal -1 0 0
    outer loop
      vertex -1.5 -6.854009755854272 -14.50079427054288
      vertex -1.5 6.8312296966432315 -14.556743891196831
      vertex -1.5 -6.8312296966432315 -14.556743891196831
    endloop
  endfacet
  facet normal -1 0 0
    outer loop
      vertex -1.5 -6.9075399592168525 -14.392520733446743
      vertex -1.5 6.879466328380371 -14.446010568000947
      vertex -1.5 -6.879466328380371 -14.446010568000949
    endloop
  endfacet
  facet normal -1 0 0
    outer loop
      vertex -1.5 -6.938165081098099 -14.340449694867335
      vertex -1.5 6.9075399592168525 -14.392520733446743
      vertex -1.5 -6.9075399592168525 -14.392520733446743
    endloop
  endfacet
  facet normal -1 0 0
    outer loop
      vertex -1.5 -6.879466328380371 -14.446010568000949
      vertex -1.5 6.854009755854272 -14.50079427054288
      vertex -1.5 -6.854009755854272 -14.50079427054288
    endloop
  endfacet
  facet normal -1 0 0
    outer loop
      vertex -1.5 -6.971270167632929 -14.289919066586055
      vertex -1.5 6.938165081098099 -14.340449694867335
      vertex -1.5 -6.938165081098099 -14.340449694867335
    endloop
  endfacet
  facet normal -1 0 0
    outer loop
      vertex -1.5 -7.0067779003578075 -14.241046865226611
      vertex -1.5 6.971270167632929 -14.289919066586055
      vertex -1.5 -6.971270167632929 -14.289919066586055
    endloop
  endfacet
  facet normal -1 0 0
    outer loop
      vertex -1.5 -9.5 20
      vertex -1.5 7.126860793438828 -14.10550129906985
      vertex -1.5 -7.126860793438828 -14.10550129906985
    endloop
  endfacet
  facet normal -3.6873858078839007e-19 -0.8005412409243657 -0.5992776665113398
    outer loop
      vertex -1.4900000000000002 -11.858159284228362 -18.854476958661817
      vertex 1.5 -11.943727856151007 -18.740170728713593
      vertex -1.5 -11.943727856151007 -18.740170728713593
    endloop
  endfacet
  facet normal 0 -0.7711197197453877 -0.6366901741190881
    outer loop
      vertex -1.4900000000000002 -11.858159284228362 -18.854476958661817
      vertex -1.5 -11.767248723062774 -18.964582201835857
      vertex 1.5 -11.858159284228362 -18.854476958661817
    endloop
  endfacet
  facet normal 1.5200321805943203e-18 -0.877678989567259 -0.47924898672005045
    outer loop
      vertex -1.5 -12.16650634596477 -18.37467956518223
      vertex -1.5 -12.098076211353316 -18.5
      vertex 1.5 -12.098076211353316 -18.5
    endloop
  endfacet
  facet normal 0 -0.8994884619105963 -0.43694451236937387
    outer loop
      vertex -1.5 -12.228895986063556 -18.24624503900566
      vertex -1.5 -12.16650634596477 -18.37467956518223
      vertex 1.5 -12.228895986063556 -18.24624503900566
    endloop
  endfacet
  facet normal -3.1840279735562784e-19 -0.9192603035816649 -0.3936502181619428
    outer loop
      vertex -1.5 -12.228895986063556 -18.24624503900566
      vertex 1.5 -12.285103799048219 -18.114987366980984
      vertex -1.5 -12.285103799048219 -18.114987366980984
    endloop
  endfacet
  facet normal 5.20493738019271e-19 -0.9525166539358597 -0.30448649226990915
    outer loop
      vertex -1.5 -12.335002456144005 -17.981203889952262
      vertex 1.5 -12.378478920843492 -17.84519767052429
      vertex -1.5 -12.378478920843492 -17.84519767052429
    endloop
  endfacet
  facet normal 7.406307052671739e-19 -0.9659258262890672 -0.2588190451025247
    outer loop
      vertex -1.5 -12.378478920843492 -17.84519767052429
      vertex 1.5 -12.415434704970625 -17.70727680652828
      vertex -1.5 -12.415434704970625 -17.70727680652828
    endloop
  endfacet
  facet normal 0 -0.9771468659711587 -0.2125652895529804
    outer loop
      vertex -1.5 -12.415434704970625 -17.70727680652828
      vertex 1.5 -12.415434704970625 -17.70727680652828
      vertex -1.5 -12.44578609178812 -17.567753733081233
    endloop
  endfacet
  facet normal 8.793823609304093e-20 -0.9369497249997678 -0.34946417959908194
    outer loop
      vertex -1.5 -12.335002456144005 -17.981203889952262
      vertex -1.5 -12.285103799048219 -18.114987366980984
      vertex 1.5 -12.285103799048219 -18.114987366980984
    endloop
  endfacet
  facet normal 4.3925260031536e-19 -0.8538812920211429 -0.5204678079730806
    outer loop
      vertex -1.5 -12.023760598493542 -18.621922452366793
      vertex 1.5 -12.098076211353316 -18.5
      vertex -1.5 -12.098076211353316 -18.5
    endloop
  endfacet
  facet normal 1.3311546897167008e-18 -0.828149278711373 -0.5605076022408907
    outer loop
      vertex -1.5 -12.023760598493542 -18.621922452366793
      vertex -1.5 -11.943727856151007 -18.740170728713593
      vertex 1.5 -11.943727856151007 -18.740170728713593
    endloop
  endfacet
  facet normal 7.977735291989192e-19 -0.7071067811865476 -0.7071067811865476
    outer loop
      vertex -1.5 -11.67120211431521 -19.070237034446336
      vertex -1.5 -11.570237034446336 -19.17120211431521
      vertex 1.4900000000000002 -11.570237034446336 -19.17120211431521
    endloop
  endfacet
  facet normal 0 -0.6726603737012544 -0.7399513643828821
    outer loop
      vertex -1.5 -11.570237034446336 -19.17120211431521
      vertex -1.5 -11.464582201835857 -19.267248723062774
      vertex 1.4900000000000002 -11.570237034446336 -19.17120211431521
    endloop
  endfacet
  facet normal -1.1682482550047535e-18 -0.7399513643828821 -0.6726603737012544
    outer loop
      vertex -1.5 -11.767248723062774 -18.964582201835857
      vertex -1.5 -11.67120211431521 -19.070237034446336
      vertex 1.4900000000000002 -11.67120211431521 -19.070237034446336
    endloop
  endfacet
  facet normal 0 -0.6366901741190956 -0.7711197197453816
    outer loop
      vertex -1.5 -11.464582201835857 -19.267248723062774
      vertex -1.5 -11.354476958661817 -19.358159284228364
      vertex 1.4900000000000002 -11.464582201835857 -19.267248723062774
    endloop
  endfacet
  facet normal 0 -0.5992776665113319 -0.8005412409243717
    outer loop
      vertex -1.5 -11.354476958661817 -19.358159284228364
      vertex -1.5 -11.240170728713593 -19.443727856151007
      vertex 1.4900000000000002 -11.354476958661817 -19.358159284228364
    endloop
  endfacet
  facet normal 1.1467802933877288e-18 -0.5605076022408965 -0.8281492787113691
    outer loop
      vertex -1.5 -11.240170728713593 -19.443727856151007
      vertex -1.5 -11.121922452366794 -19.523760598493542
      vertex 1.4900000000000002 -11.121922452366794 -19.523760598493542
    endloop
  endfacet
  facet normal 0 -0.520467807973075 -0.8538812920211464
    outer loop
      vertex -1.5 -11.121922452366794 -19.523760598493542
      vertex -1.5 -11 -19.598076211353316
      vertex 1.4900000000000002 -11.121922452366794 -19.523760598493542
    endloop
  endfacet
  facet normal -1.6097439171979038e-20 -0.986154353718187 -0.16583000525437153
    outer loop
      vertex -1.5 -12.44578609178812 -17.567753733081233
      vertex 1.5 -12.469464325642798 -17.426944514819855
      vertex -1.5 -12.469464325642798 -17.426944514819855
    endloop
  endfacet
  facet normal 0 -0.9929278846732879 -0.11871906265730922
    outer loop
      vertex -1.5 -12.469464325642798 -17.426944514819855
      vertex 1.5 -12.469464325642798 -17.426944514819855
      vertex -1.5 -12.486415767719254 -17.28516812991255
    endloop
  endfacet
  facet normal 0 -0.9974521146102544 -0.07133918319922078
    outer loop
      vertex -1.5 -12.486415767719254 -17.28516812991255
      vertex 1.5 -12.486415767719254 -17.28516812991255
      vertex -1.5 -12.496602017549023 -17.142745747471228
    endloop
  endfacet
  facet normal -5.690041621158818e-20 -0.9997167946931288 -0.023797697546114664
    outer loop
      vertex -1.5 -12.496602017549023 -17.142745747471228
      vertex 1.5 -12.5 -17
      vertex -1.5 -12.5 -17
    endloop
  endfacet
  facet normal 1.52511590026186e-18 -0.47924898672005056 -0.8776789895672592
    outer loop
      vertex -1.5 -11 -19.598076211353316
      vertex -1.5 -10.87467956518223 -19.66650634596477
      vertex 1.4900000000000002 -10.87467956518223 -19.66650634596477
    endloop
  endfacet
  facet normal -4.61900289917659e-19 -0.43694451236937387 -0.8994884619105962
    outer loop
      vertex -1.5 -10.746245039005661 -19.728895986063556
      vertex 1.4900000000000002 -10.87467956518223 -19.66650634596477
      vertex -1.5 -10.87467956518223 -19.66650634596477
    endloop
  endfacet
  facet normal 0 -0.3936502181619383 -0.9192603035816669
    outer loop
      vertex -1.5 -10.746245039005661 -19.728895986063556
      vertex -1.5 -10.614987366980982 -19.78510379904822
      vertex 1.4900000000000002 -10.746245039005661 -19.728895986063556
    endloop
  endfacet
  facet normal 8.90464189587198e-19 -0.349464179599101 -0.9369497249997607
    outer loop
      vertex -1.5 -10.614987366980982 -19.78510379904822
      vertex -1.5 -10.481203889952264 -19.835002456144007
      vertex 1.5 -10.481203889952264 -19.835002456144007
    endloop
  endfacet
  facet normal -4.900324950330287e-19 -0.3044864922698943 -0.9525166539358646
    outer loop
      vertex -1.5 -10.481203889952264 -19.835002456144007
      vertex -1.5 -10.34519767052429 -19.87847892084349
      vertex 1.5 -10.34519767052429 -19.87847892084349
    endloop
  endfacet
  facet normal 0 -0.2588190451025247 -0.9659258262890672
    outer loop
      vertex -1.5 -10.34519767052429 -19.87847892084349
      vertex -1.5 -10.20727680652828 -19.915434704970625
      vertex 1.5 -10.34519767052429 -19.87847892084349
    endloop
  endfacet
  facet normal 8.887169718732285e-19 -0.21256528955296852 -0.9771468659711613
    outer loop
      vertex -1.5 -10.20727680652828 -19.915434704970625
      vertex -1.5 -10.067753733081233 -19.94578609178812
      vertex 1.4900000000000002 -10.067753733081233 -19.94578609178812
    endloop
  endfacet
  facet normal 0 -0.16583000525437153 -0.986154353718187
    outer loop
      vertex -1.5 -10.067753733081233 -19.94578609178812
      vertex -1.5 -9.926944514819855 -19.969464325642797
      vertex 1.4900000000000002 -10.067753733081233 -19.94578609178812
    endloop
  endfacet
  facet normal -2.590129885469274e-19 -0.11871906265732 -0.9929278846732864
    outer loop
      vertex -1.5 -9.926944514819855 -19.969464325642797
      vertex -1.5 -9.785168129912547 -19.986415767719254
      vertex 1.5 -9.785168129912547 -19.986415767719254
    endloop
  endfacet
  facet normal -6.731072705880106e-20 -0.07133918319922165 -0.9974521146102543
    outer loop
      vertex -1.5 -9.785168129912547 -19.986415767719254
      vertex -1.5 -9.642745747471228 -19.996602017549023
      vertex 1.4900000000000002 -9.642745747471228 -19.996602017549023
    endloop
  endfacet
  facet normal 0 -0.02379769754611466 -0.9997167946931289
    outer loop
      vertex -1.5 -9.642745747471228 -19.996602017549023
      vertex -1.5 -9.5 -20
      vertex 1.4900000000000002 -9.642745747471228 -19.996602017549023
    endloop
  endfacet
  facet normal 0 0 -1
    outer loop
      vertex -1.5 -9.5 -20
      vertex -1.5 9.5 -20
      vertex 1.4900000000000002 -9.5 -20
    endloop
  endfacet
  facet normal -1 0 0
    outer loop
      vertex -1.5 -12.5 -17
      vertex -1.5 -12.5 17
      vertex -1.5 -12.496602017549023 17.142745747471228
    endloop
  endfacet
  facet normal -1 0 0
    outer loop
      vertex -1.5 -12.098076211353316 -18.5
      vertex -1.5 -12.496602017549023 17.142745747471228
      vertex -1.5 -9.5 20
    endloop
  endfacet
  facet normal -1 0 0
    outer loop
      vertex -1.5 -12.496602017549023 17.142745747471228
      vertex -1.5 -12.486415767719254 17.28516812991255
      vertex -1.5 -12.469464325642798 17.426944514819855
    endloop
  endfacet
  facet normal -1 0 0
    outer loop
      vertex -1.5 -12.496602017549023 17.142745747471228
      vertex -1.5 -12.469464325642798 17.426944514819855
      vertex -1.5 -12.415434704970625 17.70727680652828
    endloop
  endfacet
  facet normal -1 0 0
    outer loop
      vertex -1.5 -12.469464325642798 17.426944514819855
      vertex -1.5 -12.44578609178812 17.567753733081233
      vertex -1.5 -12.415434704970625 17.70727680652828
    endloop
  endfacet
  facet normal -1 0 0
    outer loop
      vertex -1.5 -12.496602017549023 17.142745747471228
      vertex -1.5 -12.415434704970625 17.70727680652828
      vertex -1.5 -12.228895986063556 18.246245039005657
    endloop
  endfacet
  facet normal -1 0 0
    outer loop
      vertex -1.5 -12.415434704970625 17.70727680652828
      vertex -1.5 -12.378478920843492 17.84519767052429
      vertex -1.5 -12.335002456144005 17.981203889952265
    endloop
  endfacet
  facet normal -1 0 0
    outer loop
      vertex -1.5 -12.415434704970625 17.70727680652828
      vertex -1.5 -12.335002456144005 17.981203889952265
      vertex -1.5 -12.228895986063556 18.246245039005657
    endloop
  endfacet
  facet normal -1 0 0
    outer loop
      vertex -1.5 -12.335002456144005 17.981203889952265
      vertex -1.5 -12.285103799048219 18.114987366980984
      vertex -1.5 -12.228895986063556 18.246245039005657
    endloop
  endfacet
  facet normal -2.6019055235428866e-16 -0.9369497249997648 0.34946417959909004
    outer loop
      vertex -1.5 -12.335002456144005 17.981203889952265
      vertex -1.4900000000000002 -12.285103799048219 18.114987366980984
      vertex -1.5 -12.285103799048219 18.114987366980984
    endloop
  endfacet
  facet normal 0 -0.9192603035816611 0.39365021816195184
    outer loop
      vertex -1.5 -12.285103799048219 18.114987366980984
      vertex -1.4900000000000002 -12.285103799048219 18.114987366980984
      vertex -1.5 -12.228895986063556 18.246245039005657
    endloop
  endfacet
  facet normal -1 0 0
    outer loop
      vertex -1.5 -12.228895986063556 18.246245039005657
      vertex -1.5 -12.16650634596477 18.37467956518223
      vertex -1.5 -12.098076211353316 18.5
    endloop
  endfacet
  facet normal -1 0 0
    outer loop
      vertex -1.5 -12.496602017549023 17.142745747471228
      vertex -1.5 -12.228895986063556 18.246245039005657
      vertex -1.5 -11.570237034446336 19.17120211431521
    endloop
  endfacet
  facet normal -1 0 0
    outer loop
      vertex -1.5 -12.228895986063556 18.246245039005657
      vertex -1.5 -12.098076211353316 18.5
      vertex -1.5 -11.943727856151007 18.740170728713593
    endloop
  endfacet
  facet normal -1 0 0
    outer loop
      vertex -1.5 -12.098076211353316 18.5
      vertex -1.5 -12.023760598493544 18.621922452366793
      vertex -1.5 -11.943727856151007 18.740170728713593
    endloop
  endfacet
  facet normal -1 0 0
    outer loop
      vertex -1.5 -12.228895986063556 18.246245039005657
      vertex -1.5 -11.943727856151007 18.740170728713593
      vertex -1.5 -11.570237034446336 19.17120211431521
    endloop
  endfacet
  facet normal 1.1062157423651939e-16 -0.8005412409243657 0.5992776665113398
    outer loop
      vertex -1.5 -11.943727856151007 18.740170728713593
      vertex -1.4900000000000002 -11.858159284228362 18.854476958661817
      vertex -1.5 -11.858159284228362 18.854476958661817
    endloop
  endfacet
  facet normal -1 0 0
    outer loop
      vertex -1.5 -11.943727856151007 18.740170728713593
      vertex -1.5 -11.858159284228362 18.854476958661817
      vertex -1.5 -11.767248723062774 18.964582201835857
    endloop
  endfacet
  facet normal 0 -0.7711197197453876 0.6366901741190881
    outer loop
      vertex -1.5 -11.858159284228362 18.854476958661817
      vertex -1.4900000000000002 -11.858159284228362 18.854476958661817
      vertex -1.5 -11.767248723062774 18.964582201835857
    endloop
  endfacet
  facet normal -1 0 0
    outer loop
      vertex -1.5 -11.943727856151007 18.740170728713593
      vertex -1.5 -11.767248723062774 18.964582201835857
      vertex -1.5 -11.570237034446336 19.17120211431521
    endloop
  endfacet
  facet normal 3.4319744541360446e-16 -0.7711197197453876 0.6366901741190881
    outer loop
      vertex -1.4900000000000002 -11.858159284228362 18.854476958661817
      vertex -1.4900000000000002 -11.767248723062774 18.964582201835857
      vertex -1.5 -11.767248723062774 18.964582201835857
    endloop
  endfacet
  facet normal -1 0 0
    outer loop
      vertex -1.5 -11.767248723062774 18.964582201835857
      vertex -1.5 -11.67120211431521 19.070237034446336
      vertex -1.5 -11.570237034446336 19.17120211431521
    endloop
  endfacet
  facet normal -1 0 0
    outer loop
      vertex -1.5 -11.570237034446336 19.17120211431521
      vertex -1.5 -11.464582201835855 19.267248723062774
      vertex -1.5 -11.354476958661817 19.358159284228364
    endloop
  endfacet
  facet normal -1 0 0
    outer loop
      vertex -1.5 -11.570237034446336 19.17120211431521
      vertex -1.5 -11.354476958661817 19.358159284228364
      vertex -1.5 -11.121922452366793 19.523760598493546
    endloop
  endfacet
  facet normal -1 0 0
    outer loop
      vertex -1.5 -12.496602017549023 17.142745747471228
      vertex -1.5 -11.570237034446336 19.17120211431521
      vertex -1.5 -9.5 20
    endloop
  endfacet
  facet normal -1 0 0
    outer loop
      vertex -1.5 -11.354476958661817 19.358159284228364
      vertex -1.5 -11.240170728713595 19.443727856151007
      vertex -1.5 -11.121922452366793 19.523760598493546
    endloop
  endfacet
  facet normal -1 0 0
    outer loop
      vertex -1.5 -11.570237034446336 19.17120211431521
      vertex -1.5 -11.121922452366793 19.523760598493546
      vertex -1.5 -10.614987366980982 19.78510379904822
    endloop
  endfacet
  facet normal -1 0 0
    outer loop
      vertex -1.5 -11.121922452366793 19.523760598493546
      vertex -1.5 -11 19.598076211353316
      vertex -1.5 -10.874679565182232 19.66650634596477
    endloop
  endfacet
  facet normal -1 0 0
    outer loop
      vertex -1.5 -11.121922452366793 19.523760598493546
      vertex -1.5 -10.874679565182232 19.66650634596477
      vertex -1.5 -10.614987366980982 19.78510379904822
    endloop
  endfacet
  facet normal -1 0 0
    outer loop
      vertex -1.5 -10.874679565182232 19.66650634596477
      vertex -1.5 -10.74624503900566 19.728895986063556
      vertex -1.5 -10.614987366980982 19.78510379904822
    endloop
  endfacet
  facet normal -1 0 0
    outer loop
      vertex -1.5 -11.570237034446336 19.17120211431521
      vertex -1.5 -10.614987366980982 19.78510379904822
      vertex -1.5 -9.5 20
    endloop
  endfacet
  facet normal -1 0 0
    outer loop
      vertex -1.5 -10.614987366980982 19.78510379904822
      vertex -1.5 -10.481203889952265 19.835002456144004
      vertex -1.5 -10.34519767052429 19.87847892084349
    endloop
  endfacet
  facet normal -1 0 0
    outer loop
      vertex -1.5 -10.614987366980982 19.78510379904822
      vertex -1.5 -10.34519767052429 19.87847892084349
      vertex -1.5 -10.067753733081231 19.945786091788122
    endloop
  endfacet
  facet normal -1 0 0
    outer loop
      vertex -1.5 -10.34519767052429 19.87847892084349
      vertex -1.5 -10.20727680652828 19.915434704970625
      vertex -1.5 -10.067753733081231 19.945786091788122
    endloop
  endfacet
  facet normal -1 0 0
    outer loop
      vertex -1.5 -10.614987366980982 19.78510379904822
      vertex -1.5 -10.067753733081231 19.945786091788122
      vertex -1.5 -9.5 20
    endloop
  endfacet
  facet normal -1 0 0
    outer loop
      vertex -1.5 -10.067753733081231 19.945786091788122
      vertex -1.5 -9.926944514819855 19.969464325642797
      vertex -1.5 -9.785168129912549 19.986415767719254
    endloop
  endfacet
  facet normal -1 0 0
    outer loop
      vertex -1.5 -10.067753733081231 19.945786091788122
      vertex -1.5 -9.785168129912549 19.986415767719254
      vertex -1.5 -9.5 20
    endloop
  endfacet
  facet normal -1 0 0
    outer loop
      vertex -1.5 -9.785168129912549 19.986415767719254
      vertex -1.5 -9.642745747471226 19.996602017549023
      vertex -1.5 -9.5 20
    endloop
  endfacet
  facet normal 0 -1 0
    outer loop
      vertex -1.5 -12.5 -17
      vertex 1.4900000000000002 -12.5 17
      vertex -1.5 -12.5 17
    endloop
  endfacet
  facet normal 0 -0.9997167946931289 0.02379769754611466
    outer loop
      vertex -1.5 -12.5 17
      vertex 1.4900000000000002 -12.5 17
      vertex -1.5 -12.496602017549023 17.142745747471228
    endloop
  endfacet
  facet normal 0 -0.9974521146102544 0.07133918319922078
    outer loop
      vertex -1.5 -12.496602017549023 17.142745747471228
      vertex 1.5 -12.496602017549023 17.142745747471228
      vertex -1.5 -12.486415767719254 17.28516812991255
    endloop
  endfacet
  facet normal 1.0798012451958244e-19 -0.9929278846732879 0.11871906265730922
    outer loop
      vertex -1.5 -12.486415767719254 17.28516812991255
      vertex 1.5 -12.469464325642798 17.426944514819855
      vertex -1.5 -12.469464325642798 17.426944514819855
    endloop
  endfacet
  facet normal 0 -0.986154353718187 0.16583000525437153
    outer loop
      vertex -1.5 -12.469464325642798 17.426944514819855
      vertex 1.5 -12.469464325642798 17.426944514819855
      vertex -1.5 -12.44578609178812 17.567753733081233
    endloop
  endfacet
  facet normal 6.192239840926432e-19 -0.9771468659711587 0.2125652895529804
    outer loop
      vertex -1.5 -12.44578609178812 17.567753733081233
      vertex 1.5 -12.415434704970625 17.70727680652828
      vertex -1.5 -12.415434704970625 17.70727680652828
    endloop
  endfacet
  facet normal 0 -0.9659258262890672 0.2588190451025247
    outer loop
      vertex -1.5 -12.415434704970625 17.70727680652828
      vertex 1.5 -12.415434704970625 17.70727680652828
      vertex -1.5 -12.378478920843492 17.84519767052429
    endloop
  endfacet
  facet normal 0 -0.9525166539358622 0.304486492269902
    outer loop
      vertex -1.5 -12.378478920843492 17.84519767052429
      vertex 1.5 -12.378478920843492 17.84519767052429
      vertex -1.5 -12.335002456144005 17.981203889952265
    endloop
  endfacet
  facet normal 0 -0.9369497249997648 0.3494641795990901
    outer loop
      vertex -1.5 -12.335002456144005 17.981203889952265
      vertex 1.5 -12.335002456144005 17.981203889952265
      vertex -1.4900000000000002 -12.285103799048219 18.114987366980984
    endloop
  endfacet
  facet normal -1.4164709789850017e-19 -0.9192603035816611 0.39365021816195184
    outer loop
      vertex -1.4900000000000002 -12.285103799048219 18.114987366980984
      vertex 1.5 -12.228895986063556 18.246245039005657
      vertex -1.5 -12.228895986063556 18.246245039005657
    endloop
  endfacet
  facet normal 0 -0.899488461910601 0.43694451236936405
    outer loop
      vertex -1.5 -12.228895986063556 18.246245039005657
      vertex 1.5 -12.228895986063556 18.246245039005657
      vertex -1.5 -12.16650634596477 18.37467956518223
    endloop
  endfacet
  facet normal -1.5200321805943203e-18 -0.877678989567259 0.47924898672005045
    outer loop
      vertex -1.5 -12.16650634596477 18.37467956518223
      vertex 1.5 -12.098076211353316 18.5
      vertex -1.5 -12.098076211353316 18.5
    endloop
  endfacet
  facet normal 1.739074622607048e-19 -0.8538812920211486 0.5204678079730716
    outer loop
      vertex -1.5 -12.098076211353316 18.5
      vertex 1.5 -12.023760598493544 18.621922452366793
      vertex -1.5 -12.023760598493544 18.621922452366793
    endloop
  endfacet
  facet normal -9.819289284915855e-19 -0.8281492787113672 0.5605076022408992
    outer loop
      vertex -1.5 -12.023760598493544 18.621922452366793
      vertex 1.5 -11.943727856151007 18.740170728713593
      vertex -1.5 -11.943727856151007 18.740170728713593
    endloop
  endfacet
  facet normal 0 -0.8005412409243657 0.5992776665113398
    outer loop
      vertex -1.5 -11.943727856151007 18.740170728713593
      vertex 1.5 -11.943727856151007 18.740170728713593
      vertex -1.4900000000000002 -11.858159284228362 18.854476958661817
    endloop
  endfacet
  facet normal 0 -0.7711197197453877 0.6366901741190881
    outer loop
      vertex -1.4900000000000002 -11.858159284228362 18.854476958661817
      vertex 1.5 -11.858159284228362 18.854476958661817
      vertex -1.4900000000000002 -11.767248723062774 18.964582201835857
    endloop
  endfacet
  facet normal 0 -0.7399513643828822 0.6726603737012543
    outer loop
      vertex -1.5 -11.767248723062774 18.964582201835857
      vertex -1.4900000000000002 -11.767248723062774 18.964582201835857
      vertex 1.5 -11.67120211431521 19.070237034446336
    endloop
  endfacet
  facet normal 1.1643540941547376e-18 -0.7399513643828821 0.6726603737012543
    outer loop
      vertex -1.5 -11.767248723062774 18.964582201835857
      vertex 1.5 -11.67120211431521 19.070237034446336
      vertex -1.5 -11.67120211431521 19.070237034446336
    endloop
  endfacet
  facet normal 0 -0.7071067811865476 0.7071067811865476
    outer loop
      vertex -1.5 -11.67120211431521 19.070237034446336
      vertex 1.5 -11.67120211431521 19.070237034446336
      vertex -1.5 -11.570237034446336 19.17120211431521
    endloop
  endfacet
  facet normal 0 -0.6726603737012482 0.7399513643828878
    outer loop
      vertex -1.5 -11.570237034446336 19.17120211431521
      vertex 1.5 -11.570237034446336 19.17120211431521
      vertex -1.5 -11.464582201835855 19.267248723062774
    endloop
  endfacet
  facet normal -2.517197613354658e-19 -0.6366901741191017 0.7711197197453766
    outer loop
      vertex -1.5 -11.464582201835855 19.267248723062774
      vertex 1.5 -11.354476958661817 19.358159284228364
      vertex -1.5 -11.354476958661817 19.358159284228364
    endloop
  endfacet
  facet normal 1.703540139811984e-18 -0.5992776665113378 0.8005412409243672
    outer loop
      vertex -1.5 -11.354476958661817 19.358159284228364
      vertex 1.4900000000000002 -11.240170728713595 19.443727856151007
      vertex -1.5 -11.240170728713595 19.443727856151007
    endloop
  endfacet
  facet normal 0 -0.560507602240902 0.8281492787113655
    outer loop
      vertex -1.5 -11.240170728713595 19.443727856151007
      vertex 1.4900000000000002 -11.240170728713595 19.443727856151007
      vertex -1.5 -11.121922452366793 19.523760598493546
    endloop
  endfacet
  facet normal 7.896998576957634e-19 -0.5204678079730625 0.853881292021154
    outer loop
      vertex -1.5 -11.121922452366793 19.523760598493546
      vertex 1.4900000000000002 -11 19.598076211353316
      vertex -1.5 -11 19.598076211353316
    endloop
  endfacet
  facet normal 0 -0.4792489867200558 0.8776789895672563
    outer loop
      vertex -1.5 -11 19.598076211353316
      vertex 1.4900000000000002 -11 19.598076211353316
      vertex -1.5 -10.874679565182232 19.66650634596477
    endloop
  endfacet
  facet normal -4.549406488068512e-19 -0.43694451236936405 0.899488461910601
    outer loop
      vertex -1.5 -10.874679565182232 19.66650634596477
      vertex 1.5 -10.74624503900566 19.728895986063556
      vertex -1.5 -10.74624503900566 19.728895986063556
    endloop
  endfacet
  facet normal 0 -0.3936502181619428 0.9192603035816649
    outer loop
      vertex -1.5 -10.74624503900566 19.728895986063556
      vertex 1.5 -10.74624503900566 19.728895986063556
      vertex -1.5 -10.614987366980982 19.78510379904822
    endloop
  endfacet
  facet normal 0 -0.3494641795990832 0.9369497249997674
    outer loop
      vertex -1.5 -10.614987366980982 19.78510379904822
      vertex 1.5 -10.614987366980982 19.78510379904822
      vertex -1.5 -10.481203889952265 19.835002456144004
    endloop
  endfacet
  facet normal 7.355951052483107e-19 -0.3044864922699133 0.9525166539358585
    outer loop
      vertex -1.5 -10.481203889952265 19.835002456144004
      vertex 1.5 -10.34519767052429 19.87847892084349
      vertex -1.5 -10.34519767052429 19.87847892084349
    endloop
  endfacet
  facet normal -7.431077310372982e-19 -0.2588190451025247 0.9659258262890672
    outer loop
      vertex -1.5 -10.34519767052429 19.87847892084349
      vertex 1.4900000000000002 -10.20727680652828 19.915434704970625
      vertex -1.5 -10.20727680652828 19.915434704970625
    endloop
  endfacet
  facet normal 0 -0.2125652895529897 0.9771468659711567
    outer loop
      vertex -1.5 -10.20727680652828 19.915434704970625
      vertex 1.4900000000000002 -10.20727680652828 19.915434704970625
      vertex -1.5 -10.067753733081231 19.945786091788122
    endloop
  endfacet
  facet normal 0 -0.16583000525434935 0.9861543537181907
    outer loop
      vertex -1.5 -10.067753733081231 19.945786091788122
      vertex 1.5 -10.067753733081231 19.945786091788122
      vertex -1.5 -9.926944514819855 19.969464325642797
    endloop
  endfacet
  facet normal -1.794750655767932e-19 -0.11871906265732148 0.9929278846732863
    outer loop
      vertex -1.5 -9.926944514819855 19.969464325642797
      vertex 1.5 -9.785168129912549 19.986415767719254
      vertex -1.5 -9.785168129912549 19.986415767719254
    endloop
  endfacet
  facet normal 1.2171019409294305e-20 -0.07133918319921989 0.9974521146102544
    outer loop
      vertex -1.5 -9.785168129912549 19.986415767719254
      vertex 1.5 -9.642745747471226 19.996602017549023
      vertex -1.5 -9.642745747471226 19.996602017549023
    endloop
  endfacet
  facet normal 0 -0.023797697546114962 0.9997167946931289
    outer loop
      vertex -1.5 -9.642745747471226 19.996602017549023
      vertex 1.5 -9.642745747471226 19.996602017549023
      vertex -1.5 -9.5 20
    endloop
  endfacet
  facet normal -1 0 0
    outer loop
      vertex -1.5 7.006777900357807 -15.758953134773389
      vertex -1.5 -6.971270167632929 -15.710080933413945
      vertex -1.5 6.97127016763293 -15.710080933413945
    endloop
  endfacet
  facet normal -1 0 0
    outer loop
      vertex -1.5 6.97127016763293 -15.710080933413945
      vertex -1.5 -6.938165081098099 -15.659550305132665
      vertex -1.5 6.938165081098099 -15.659550305132665
    endloop
  endfacet
  facet normal -1 0 0
    outer loop
      vertex -1.5 -6.854009755854272 -15.49920572945712
      vertex -1.5 6.854009755854272 -15.49920572945712
      vertex -1.5 6.879466328380371 -15.553989431999053
    endloop
  endfacet
  facet normal -1 0 0
    outer loop
      vertex -1.5 6.938165081098099 -15.659550305132665
      vertex -1.5 -6.9075399592168525 -15.607479266553257
      vertex -1.5 6.9075399592168525 -15.60747926655326
    endloop
  endfacet
  facet normal -1 0 0
    outer loop
      vertex -1.5 -6.879466328380371 -15.553989431999051
      vertex -1.5 6.879466328380371 -15.553989431999053
      vertex -1.5 6.9075399592168525 -15.60747926655326
    endloop
  endfacet
  facet normal -1 0 0
    outer loop
      vertex -1.5 6.854009755854272 -15.49920572945712
      vertex -1.5 -6.8312296966432315 -15.443256108803169
      vertex -1.5 6.8312296966432315 -15.443256108803169
    endloop
  endfacet
  facet normal -1 0 0
    outer loop
      vertex -1.5 -6.811179354631058 -15.386271242968684
      vertex -1.5 6.811179354631058 -15.386271242968684
      vertex -1.5 6.8312296966432315 -15.443256108803169
    endloop
  endfacet
  facet normal -1 0 0
    outer loop
      vertex -1.5 -6.793905558320561 -15.328384222748234
      vertex -1.5 6.793905558320561 -15.328384222748234
      vertex -1.5 6.811179354631058 -15.386271242968684
    endloop
  endfacet
  facet normal -1 0 0
    outer loop
      vertex -1.5 6.793905558320561 -15.328384222748234
      vertex -1.5 -6.77944865146341 -15.269730245959757
      vertex -1.5 6.77944865146341 -15.269730245959757
    endloop
  endfacet
  facet normal -1 0 0
    outer loop
      vertex -1.5 -6.767842398835437 -15.210446301683799
      vertex -1.5 6.767842398835437 -15.210446301683799
      vertex -1.5 6.77944865146341 -15.269730245959757
    endloop
  endfacet
  facet normal -1 0 0
    outer loop
      vertex -1.5 6.767842398835437 -15.210446301683799
      vertex -1.5 -6.759113907377433 -15.150670850319154
      vertex -1.5 6.759113907377433 -15.150670850319154
    endloop
  endfacet
  facet normal -1 0 0
    outer loop
      vertex -1.5 6.759113907377433 -15.150670850319154
      vertex -1.5 -6.7532835628856365 -15.090543500202203
      vertex -1.5 6.7532835628856365 -15.090543500202202
    endloop
  endfacet
  facet normal -1 0 0
    outer loop
      vertex -1.5 -6.750364982399759 -15.030204681545165
      vertex -1.5 6.750364982399759 -15.030204681545165
      vertex -1.5 6.7532835628856365 -15.090543500202202
    endloop
  endfacet
  facet normal -1 0 0
    outer loop
      vertex -1.5 -7.265268434634408 -16.011271242968682
      vertex -1.5 7.265268434634408 -16.011271242968682
      vertex -1.5 7.314984365806662 -16.045587672512784
    endloop
  endfacet
  facet normal -1 0 0
    outer loop
      vertex -1.5 7.171096677199006 -15.935638435213876
      vertex -1.5 7.217268503077108 -15.974592942579028
      vertex -1.5 -7.171096677199006 -15.935638435213876
    endloop
  endfacet
  facet normal -1 0 0
    outer loop
      vertex -1.5 -7.217268503077108 -15.974592942579028
      vertex -1.5 7.217268503077108 -15.974592942579028
      vertex -1.5 7.265268434634408 -16.011271242968682
    endloop
  endfacet
  facet normal -1 0 0
    outer loop
      vertex -1.5 -7.314984365806662 -16.045587672512784
      vertex -1.5 7.41909603494529 -16.106820032066512
      vertex -1.5 7.473248615284339 -16.133592951063182
    endloop
  endfacet
  facet normal -1 0 0
    outer loop
      vertex -1.5 -7.314984365806662 -16.045587672512784
      vertex -1.5 7.314984365806662 -16.045587672512784
      vertex -1.5 7.366300182733013 -16.07746208360006
    endloop
  endfacet
  facet normal -1 0 0
    outer loop
      vertex -1.5 -7.314984365806662 -16.045587672512784
      vertex -1.5 7.366300182733013 -16.07746208360006
      vertex -1.5 7.41909603494529 -16.106820032066512
    endloop
  endfacet
  facet normal -1 0 0
    outer loop
      vertex -1.5 -7.126860793438829 -15.894498700930152
      vertex -1.5 7.126860793438828 -15.89449870093015
      vertex -1.5 7.171096677199006 -15.935638435213876
    endloop
  endfacet
  facet normal -1 0 0
    outer loop
      vertex -1.5 -7.084664166752783 -15.851269823483497
      vertex -1.5 7.084664166752782 -15.851269823483495
      vertex -1.5 7.126860793438828 -15.89449870093015
    endloop
  endfacet
  facet normal -1 0 0
    outer loop
      vertex -1.5 -7.04460534931769 -15.806052765920214
      vertex -1.5 7.044605349317689 -15.806052765920214
      vertex -1.5 7.084664166752782 -15.851269823483495
    endloop
  endfacet
  facet normal -1 0 0
    outer loop
      vertex -1.5 7.044605349317689 -15.806052765920214
      vertex -1.5 -7.0067779003578075 -15.758953134773389
      vertex -1.5 7.006777900357807 -15.758953134773389
    endloop
  endfacet
  facet normal -1 0 0
    outer loop
      vertex -1.5 -7.314984365806662 -16.045587672512784
      vertex -1.5 7.473248615284339 -16.133592951063182
      vertex -1.5 7.5286314478896 -16.157718311197222
    endloop
  endfacet
  facet normal -1 0 0
    outer loop
      vertex -1.5 -7.314984365806662 -16.045587672512784
      vertex -1.5 7.5286314478896 -16.157718311197222
      vertex -1.5 7.58511518358934 -16.179139766572177
    endloop
  endfacet
  facet normal -1 0 0
    outer loop
      vertex -1.5 -7.314984365806662 -16.045587672512784
      vertex -1.5 7.58511518358934 -16.179139766572177
      vertex -1.5 7.6425679020016375 -16.197807286386457
    endloop
  endfacet
  facet normal -1 0 0
    outer loop
      vertex -1.5 -7.314984365806662 -16.045587672512784
      vertex -1.5 7.6425679020016375 -16.197807286386457
      vertex -1.5 7.700855419640552 -16.213677271782565
    endloop
  endfacet
  facet normal -1 0 0
    outer loop
      vertex -1.5 -7.314984365806662 -16.045587672512784
      vertex -1.5 7.700855419640552 -16.213677271782565
      vertex -1.5 7.759841603307864 -16.226712657674266
    endloop
  endfacet
  facet normal -1 0 0
    outer loop
      vertex -1.5 -7.314984365806662 -16.045587672512784
      vertex -1.5 7.759841603307864 -16.226712657674266
      vertex -1.5 7.819388688038473 -16.236882999313814
    endloop
  endfacet
  facet normal -1 0 0
    outer loop
      vertex -1.5 -7.314984365806662 -16.045587672512784
      vertex -1.5 7.819388688038473 -16.236882999313814
      vertex -1.5 7.879357598856856 -16.244164543397062
    endloop
  endfacet
  facet normal -1 0 0
    outer loop
      vertex -1.5 -7.314984365806662 -16.045587672512784
      vertex -1.5 7.879357598856856 -16.244164543397062
      vertex -1.5 7.939608275593116 -16.248540283540407
    endloop
  endfacet
  facet normal -1 0 0
    outer loop
      vertex -1.5 -7.314984365806662 -16.045587672512784
      vertex -1.5 7.939608275593116 -16.248540283540407
      vertex -1.5 8 -16.25
    endloop
  endfacet
  facet normal -1 0 0
    outer loop
      vertex -1.5 -6.750364982399759 -14.969795318454835
      vertex -1.5 6.750364982399759 -14.969795318454835
      vertex -1.5 6.750364982399759 -15.030204681545165
    endloop
  endfacet
  facet normal -1 0 0
    outer loop
      vertex -1.5 -6.7532835628856365 -14.909456499797797
      vertex -1.5 6.7532835628856365 -14.909456499797798
      vertex -1.5 6.750364982399759 -14.969795318454835
    endloop
  endfacet
  facet normal -1 0 0
    outer loop
      vertex -1.5 -6.759113907377433 -14.849329149680846
      vertex -1.5 6.759113907377433 -14.849329149680846
      vertex -1.5 6.7532835628856365 -14.909456499797798
    endloop
  endfacet
  facet normal -1 0 0
    outer loop
      vertex -1.5 -6.767842398835437 -14.789553698316201
      vertex -1.5 6.767842398835437 -14.789553698316201
      vertex -1.5 6.759113907377433 -14.849329149680846
    endloop
  endfacet
  facet normal -1 0 0
    outer loop
      vertex -1.5 -6.77944865146341 -14.730269754040243
      vertex -1.5 6.77944865146341 -14.730269754040243
      vertex -1.5 6.767842398835437 -14.789553698316201
    endloop
  endfacet
  facet normal -1 0 0
    outer loop
      vertex -1.5 -6.793905558320561 -14.671615777251766
      vertex -1.5 6.793905558320561 -14.671615777251766
      vertex -1.5 6.77944865146341 -14.730269754040243
    endloop
  endfacet
  facet normal -1 0 0
    outer loop
      vertex -1.5 -6.811179354631058 -14.613728757031316
      vertex -1.5 6.811179354631058 -14.613728757031316
      vertex -1.5 6.793905558320561 -14.671615777251766
    endloop
  endfacet
  facet normal -1 0 0
    outer loop
      vertex -1.5 -6.8312296966432315 -14.556743891196831
      vertex -1.5 6.8312296966432315 -14.556743891196831
      vertex -1.5 6.811179354631058 -14.613728757031316
    endloop
  endfacet
  facet normal -1 0 0
    outer loop
      vertex -1.5 -6.854009755854272 -14.50079427054288
      vertex -1.5 6.854009755854272 -14.50079427054288
      vertex -1.5 6.8312296966432315 -14.556743891196831
    endloop
  endfacet
  facet normal -1 0 0
    outer loop
      vertex -1.5 -6.879466328380371 -14.446010568000949
      vertex -1.5 6.879466328380371 -14.446010568000947
      vertex -1.5 6.854009755854272 -14.50079427054288
    endloop
  endfacet
  facet normal -1 0 0
    outer loop
      vertex -1.5 -6.9075399592168525 -14.392520733446743
      vertex -1.5 6.9075399592168525 -14.392520733446743
      vertex -1.5 6.879466328380371 -14.446010568000947
    endloop
  endfacet
  facet normal -1 0 0
    outer loop
      vertex -1.5 -6.938165081098099 -14.340449694867335
      vertex -1.5 6.938165081098099 -14.340449694867335
      vertex -1.5 6.9075399592168525 -14.392520733446743
    endloop
  endfacet
  facet normal -1 0 0
    outer loop
      vertex -1.5 -6.971270167632929 -14.289919066586055
      vertex -1.5 6.971270167632929 -14.289919066586055
      vertex -1.5 6.938165081098099 -14.340449694867335
    endloop
  endfacet
  facet normal -1 0 0
    outer loop
      vertex -1.5 -7.0067779003578075 -14.241046865226611
      vertex -1.5 7.0067779003578075 -14.241046865226611
      vertex -1.5 6.971270167632929 -14.289919066586055
    endloop
  endfacet
  facet normal -1 0 0
    outer loop
      vertex -1.5 -7.04460534931769 -14.193947234079786
      vertex -1.5 7.04460534931769 -14.193947234079786
      vertex -1.5 7.0067779003578075 -14.241046865226611
    endloop
  endfacet
  facet normal -1 0 0
    outer loop
      vertex -1.5 -7.084664166752783 -14.148730176516503
      vertex -1.5 7.084664166752783 -14.148730176516503
      vertex -1.5 7.04460534931769 -14.193947234079786
    endloop
  endfacet
  facet normal -1 0 0
    outer loop
      vertex -1.5 -7.126860793438828 -14.10550129906985
      vertex -1.5 7.126860793438828 -14.10550129906985
      vertex -1.5 7.084664166752783 -14.148730176516503
    endloop
  endfacet
  facet normal -1 0 0
    outer loop
      vertex -1.5 -9.5 -20
      vertex -1.5 9.642745747471228 -19.996602017549023
      vertex -1.5 9.5 -20
    endloop
  endfacet
  facet normal -1 0 0
    outer loop
      vertex -1.5 -12.098076211353316 -18.5
      vertex -1.5 12.5 -17
      vertex -1.5 9.642745747471228 -19.996602017549023
    endloop
  endfacet
  facet normal -1 0 0
    outer loop
      vertex -1.5 12.5 -17
      vertex -1.5 -7.314984365806662 -16.045587672512784
      vertex -1.5 8 -16.25
    endloop
  endfacet
  facet normal -1 0 0
    outer loop
      vertex -1.5 -9.5 20
      vertex -1.5 7.171096677199006 -14.064361564786124
      vertex -1.5 7.126860793438828 -14.10550129906985
    endloop
  endfacet
  facet normal -1 0 0
    outer loop
      vertex -1.5 -9.5 20
      vertex -1.5 7.217268503077108 -14.025407057420972
      vertex -1.5 7.171096677199006 -14.064361564786124
    endloop
  endfacet
  facet normal -1 0 0
    outer loop
      vertex -1.5 -9.5 20
      vertex -1.5 7.265268434634408 -13.988728757031316
      vertex -1.5 7.217268503077108 -14.025407057420972
    endloop
  endfacet
  facet normal -1 0 0
    outer loop
      vertex -1.5 -9.5 20
      vertex -1.5 7.314984365806662 -13.954412327487216
      vertex -1.5 7.265268434634408 -13.988728757031316
    endloop
  endfacet
  facet normal -1 0 0
    outer loop
      vertex -1.5 -9.5 20
      vertex -1.5 7.366300182733013 -13.92253791639994
      vertex -1.5 7.314984365806662 -13.954412327487216
    endloop
  endfacet
  facet normal -1 0 0
    outer loop
      vertex -1.5 -9.5 20
      vertex -1.5 7.41909603494529 -13.893179967933488
      vertex -1.5 7.366300182733013 -13.92253791639994
    endloop
  endfacet
  facet normal -1 0 0
    outer loop
      vertex -1.5 -9.5 20
      vertex -1.5 7.473248615284339 -13.866407048936818
      vertex -1.5 7.41909603494529 -13.893179967933488
    endloop
  endfacet
  facet normal -1 0 0
    outer loop
      vertex -1.5 -9.5 20
      vertex -1.5 7.528631447889599 -13.84228168880278
      vertex -1.5 7.473248615284339 -13.866407048936818
    endloop
  endfacet
  facet normal -1 0 0
    outer loop
      vertex -1.5 -9.5 20
      vertex -1.5 7.585115183589339 -13.82086023342782
      vertex -1.5 7.528631447889599 -13.84228168880278
    endloop
  endfacet
  facet normal -1 0 0
    outer loop
      vertex -1.5 -9.5 20
      vertex -1.5 7.642567902001638 -13.802192713613543
      vertex -1.5 7.585115183589339 -13.82086023342782
    endloop
  endfacet
  facet normal -1 0 0
    outer loop
      vertex -1.5 -9.5 20
      vertex -1.5 7.700855419640553 -13.786322728217435
      vertex -1.5 7.642567902001638 -13.802192713613543
    endloop
  endfacet
  facet normal -1 0 0
    outer loop
      vertex -1.5 -9.5 20
      vertex -1.5 7.759841603307865 -13.773287342325734
      vertex -1.5 7.700855419640553 -13.786322728217435
    endloop
  endfacet
  facet normal -1 0 0
    outer loop
      vertex -1.5 -9.5 20
      vertex -1.5 7.819388688038473 -13.763117000686186
      vertex -1.5 7.759841603307865 -13.773287342325734
    endloop
  endfacet
  facet normal -1 0 0
    outer loop
      vertex -1.5 -9.5 20
      vertex -1.5 7.879357598856856 -13.75583545660294
      vertex -1.5 7.819388688038473 -13.763117000686186
    endloop
  endfacet
  facet normal -1 0 0
    outer loop
      vertex -1.5 -9.5 20
      vertex -1.5 7.939608275593116 -13.751459716459593
      vertex -1.5 7.879357598856856 -13.75583545660294
    endloop
  endfacet
  facet normal -1 0 0
    outer loop
      vertex -1.5 -9.5 20
      vertex -1.5 8 -13.75
      vertex -1.5 7.939608275593116 -13.751459716459593
    endloop
  endfacet
  facet normal -1 0 0
    outer loop
      vertex -1.5 -9.5 20
      vertex -1.5 8.060391724406884 -13.751459716459593
      vertex -1.5 8 -13.75
    endloop
  endfacet
  facet normal -1 0 0
    outer loop
      vertex -1.5 -9.5 20
      vertex -1.5 8.120642401143144 -13.75583545660294
      vertex -1.5 8.060391724406884 -13.751459716459593
    endloop
  endfacet
  facet normal -1 0 0
    outer loop
      vertex -1.5 -9.5 20
      vertex -1.5 8.180611311961528 -13.763117000686186
      vertex -1.5 8.120642401143144 -13.75583545660294
    endloop
  endfacet
  facet normal -1 0 0
    outer loop
      vertex -1.5 -9.5 20
      vertex -1.5 8.240158396692136 -13.773287342325734
      vertex -1.5 8.180611311961528 -13.763117000686186
    endloop
  endfacet
  facet normal -1 0 0
    outer loop
      vertex -1.5 -9.5 20
      vertex -1.5 8.299144580359448 -13.786322728217435
      vertex -1.5 8.240158396692136 -13.773287342325734
    endloop
  endfacet
  facet normal -1 0 0
    outer loop
      vertex -1.5 -9.5 20
      vertex -1.5 8.35743209799836 -13.802192713613543
      vertex -1.5 8.299144580359448 -13.786322728217435
    endloop
  endfacet
  facet normal -1 0 0
    outer loop
      vertex -1.5 -9.5 20
      vertex -1.5 8.41488481641066 -13.82086023342782
      vertex -1.5 8.35743209799836 -13.802192713613543
    endloop
  endfacet
  facet normal -1 0 0
    outer loop
      vertex -1.5 -9.5 20
      vertex -1.5 8.4713685521104 -13.84228168880278
      vertex -1.5 8.41488481641066 -13.82086023342782
    endloop
  endfacet
  facet normal -1 0 0
    outer loop
      vertex -1.5 -9.5 20
      vertex -1.5 8.580903965054711 -13.893179967933488
      vertex -1.5 8.526751384715661 -13.866407048936818
    endloop
  endfacet
  facet normal -1 0 0
    outer loop
      vertex -1.5 -9.5 20
      vertex -1.5 8.526751384715661 -13.866407048936818
      vertex -1.5 8.4713685521104 -13.84228168880278
    endloop
  endfacet
  facet normal -1 0 0
    outer loop
      vertex -1.5 -9.5 20
      vertex -1.5 8.633699817266988 -13.92253791639994
      vertex -1.5 8.580903965054711 -13.893179967933488
    endloop
  endfacet
  facet normal -1 0 0
    outer loop
      vertex -1.5 -9.5 20
      vertex -1.5 8.685015634193338 -13.954412327487216
      vertex -1.5 8.633699817266988 -13.92253791639994
    endloop
  endfacet
  facet normal -1 0 0
    outer loop
      vertex -1.5 -9.5 20
      vertex -1.5 8.782731496922892 -14.025407057420972
      vertex -1.5 8.73473156536559 -13.988728757031316
    endloop
  endfacet
  facet normal -1 0 0
    outer loop
      vertex -1.5 -9.5 20
      vertex -1.5 8.73473156536559 -13.988728757031316
      vertex -1.5 8.685015634193338 -13.954412327487216
    endloop
  endfacet
  facet normal -1 0 0
    outer loop
      vertex -1.5 -9.5 20
      vertex -1.5 12.5 -17
      vertex -1.5 8.782731496922892 -14.025407057420972
    endloop
  endfacet
  facet normal -1 0 0
    outer loop
      vertex -1.5 9.642745747471228 -19.996602017549023
      vertex -1.5 10.067753733081231 -19.945786091788122
      vertex -1.5 9.785168129912549 -19.986415767719254
    endloop
  endfacet
  facet normal -1 0 0
    outer loop
      vertex -1.5 9.785168129912549 -19.986415767719254
      vertex -1.5 10.067753733081231 -19.945786091788122
      vertex -1.5 9.926944514819855 -19.969464325642797
    endloop
  endfacet
  facet normal -1 0 0
    outer loop
      vertex -1.5 9.642745747471228 -19.996602017549023
      vertex -1.5 10.34519767052429 -19.87847892084349
      vertex -1.5 10.067753733081231 -19.945786091788122
    endloop
  endfacet
  facet normal -1 0 0
    outer loop
      vertex -1.5 10.067753733081231 -19.945786091788122
      vertex -1.5 10.34519767052429 -19.87847892084349
      vertex -1.5 10.20727680652828 -19.915434704970625
    endloop
  endfacet
  facet normal -1 0 0
    outer loop
      vertex -1.5 9.642745747471228 -19.996602017549023
      vertex -1.5 11 -19.598076211353316
      vertex -1.5 10.34519767052429 -19.87847892084349
    endloop
  endfacet
  facet normal -1 0 0
    outer loop
      vertex -1.5 10.34519767052429 -19.87847892084349
      vertex -1.5 10.614987366980984 -19.78510379904822
      vertex -1.5 10.481203889952265 -19.835002456144004
    endloop
  endfacet
  facet normal -1 0 0
    outer loop
      vertex -1.5 10.34519767052429 -19.87847892084349
      vertex -1.5 11 -19.598076211353316
      vertex -1.5 10.614987366980984 -19.78510379904822
    endloop
  endfacet
  facet normal -1 0 0
    outer loop
      vertex -1.5 10.614987366980984 -19.78510379904822
      vertex -1.5 10.87467956518223 -19.66650634596477
      vertex -1.5 10.74624503900566 -19.728895986063556
    endloop
  endfacet
  facet normal -1 0 0
    outer loop
      vertex -1.5 9.642745747471228 -19.996602017549023
      vertex -1.5 11.67120211431521 -19.070237034446336
      vertex -1.5 11 -19.598076211353316
    endloop
  endfacet
  facet normal -1 0 0
    outer loop
      vertex -1.5 10.614987366980984 -19.78510379904822
      vertex -1.5 11 -19.598076211353316
      vertex -1.5 10.87467956518223 -19.66650634596477
    endloop
  endfacet
  facet normal -1 0 0
    outer loop
      vertex -1.5 12.5 -17
      vertex -1.5 8 -16.25
      vertex -1.5 8.060391724406884 -16.248540283540407
    endloop
  endfacet
  facet normal -1 0 0
    outer loop
      vertex -1.5 12.5 -17
      vertex -1.5 8.060391724406884 -16.248540283540407
      vertex -1.5 8.120642401143144 -16.244164543397062
    endloop
  endfacet
  facet normal -1 0 0
    outer loop
      vertex -1.5 12.5 -17
      vertex -1.5 8.120642401143144 -16.244164543397062
      vertex -1.5 8.180611311961528 -16.236882999313814
    endloop
  endfacet
  facet normal -1 0 0
    outer loop
      vertex -1.5 12.5 -17
      vertex -1.5 8.180611311961528 -16.236882999313814
      vertex -1.5 8.240158396692136 -16.226712657674266
    endloop
  endfacet
  facet normal -1 0 0
    outer loop
      vertex -1.5 12.5 -17
      vertex -1.5 8.240158396692136 -16.226712657674266
      vertex -1.5 8.299144580359448 -16.213677271782565
    endloop
  endfacet
  facet normal -1 0 0
    outer loop
      vertex -1.5 12.5 -17
      vertex -1.5 8.299144580359448 -16.213677271782565
      vertex -1.5 8.357432097998363 -16.197807286386457
    endloop
  endfacet
  facet normal -1 0 0
    outer loop
      vertex -1.5 12.5 -17
      vertex -1.5 8.357432097998363 -16.197807286386457
      vertex -1.5 8.41488481641066 -16.179139766572177
    endloop
  endfacet
  facet normal -1 0 0
    outer loop
      vertex -1.5 12.5 -17
      vertex -1.5 8.41488481641066 -16.179139766572177
      vertex -1.5 8.4713685521104 -16.157718311197222
    endloop
  endfacet
  facet normal -1 0 0
    outer loop
      vertex -1.5 12.5 -17
      vertex -1.5 8.4713685521104 -16.157718311197222
      vertex -1.5 8.526751384715661 -16.133592951063182
    endloop
  endfacet
  facet normal -1 0 0
    outer loop
      vertex -1.5 12.5 -17
      vertex -1.5 8.526751384715661 -16.133592951063182
      vertex -1.5 8.580903965054711 -16.106820032066512
    endloop
  endfacet
  facet normal -1 0 0
    outer loop
      vertex -1.5 12.5 -17
      vertex -1.5 8.580903965054711 -16.106820032066512
      vertex -1.5 8.633699817266988 -16.07746208360006
    endloop
  endfacet
  facet normal -1 0 0
    outer loop
      vertex -1.5 12.5 -17
      vertex -1.5 8.633699817266988 -16.07746208360006
      vertex -1.5 8.685015634193338 -16.045587672512784
    endloop
  endfacet
  facet normal -1 0 0
    outer loop
      vertex -1.5 12.5 -17
      vertex -1.5 8.685015634193338 -16.045587672512784
      vertex -1.5 8.73473156536559 -16.011271242968682
    endloop
  endfacet
  facet normal -1 0 0
    outer loop
      vertex -1.5 12.5 -17
      vertex -1.5 8.73473156536559 -16.011271242968682
      vertex -1.5 8.782731496922892 -15.974592942579028
    endloop
  endfacet
  facet normal -1 0 0
    outer loop
      vertex -1.5 12.5 -17
      vertex -1.5 8.782731496922892 -15.974592942579028
      vertex -1.5 8.828903322800993 -15.935638435213876
    endloop
  endfacet
  facet normal -1 0 0
    outer loop
      vertex -1.5 12.5 -17
      vertex -1.5 8.828903322800993 -15.935638435213876
      vertex -1.5 8.873139206561172 -15.894498700930152
    endloop
  endfacet
  facet normal -1 0 0
    outer loop
      vertex -1.5 12.5 -17
      vertex -1.5 8.873139206561172 -15.894498700930152
      vertex -1.5 8.915335833247218 -15.851269823483497
    endloop
  endfacet
  facet normal -1 0 0
    outer loop
      vertex -1.5 12.5 -17
      vertex -1.5 8.915335833247218 -15.851269823483497
      vertex -1.5 8.95539465068231 -15.806052765920214
    endloop
  endfacet
  facet normal -1 0 0
    outer loop
      vertex -1.5 12.5 -17
      vertex -1.5 8.95539465068231 -15.806052765920214
      vertex -1.5 8.993222099642193 -15.758953134773389
    endloop
  endfacet
  facet normal -1 0 0
    outer loop
      vertex -1.5 12.5 -17
      vertex -1.5 8.828903322800993 -14.064361564786124
      vertex -1.5 8.782731496922892 -14.025407057420972
    endloop
  endfacet
  facet normal -1 0 0
    outer loop
      vertex -1.5 12.5 -17
      vertex -1.5 8.915335833247216 -14.148730176516503
      vertex -1.5 8.873139206561172 -14.10550129906985
    endloop
  endfacet
  facet normal -1 0 0
    outer loop
      vertex -1.5 12.5 -17
      vertex -1.5 8.873139206561172 -14.10550129906985
      vertex -1.5 8.828903322800993 -14.064361564786124
    endloop
  endfacet
  facet normal -1 0 0
    outer loop
      vertex -1.5 12.5 -17
      vertex -1.5 8.95539465068231 -14.193947234079786
      vertex -1.5 8.915335833247216 -14.148730176516503
    endloop
  endfacet
  facet normal -1 0 0
    outer loop
      vertex -1.5 12.5 -17
      vertex -1.5 8.993222099642193 -14.241046865226611
      vertex -1.5 8.95539465068231 -14.193947234079786
    endloop
  endfacet
  facet normal -1 0 0
    outer loop
      vertex -1.5 12.5 -17
      vertex -1.5 8.993222099642193 -15.758953134773389
      vertex -1.5 9.02872983236707 -15.710080933413945
    endloop
  endfacet
  facet normal -1 0 0
    outer loop
      vertex -1.5 12.5 -17
      vertex -1.5 9.02872983236707 -15.710080933413945
      vertex -1.5 9.061834918901901 -15.659550305132665
    endloop
  endfacet
  facet normal -1 0 0
    outer loop
      vertex -1.5 12.5 -17
      vertex -1.5 9.061834918901901 -15.659550305132665
      vertex -1.5 9.092460040783147 -15.607479266553257
    endloop
  endfacet
  facet normal -1 0 0
    outer loop
      vertex -1.5 12.5 -17
      vertex -1.5 9.092460040783147 -15.607479266553257
      vertex -1.5 9.12053367161963 -15.553989431999051
    endloop
  endfacet
  facet normal -1 0 0
    outer loop
      vertex -1.5 12.5 -17
      vertex -1.5 9.12053367161963 -15.553989431999051
      vertex -1.5 9.145990244145729 -15.49920572945712
    endloop
  endfacet
  facet normal -1 0 0
    outer loop
      vertex -1.5 12.5 -17
      vertex -1.5 9.145990244145729 -15.49920572945712
      vertex -1.5 9.16877030335677 -15.443256108803169
    endloop
  endfacet
  facet normal -1 0 0
    outer loop
      vertex -1.5 12.5 -17
      vertex -1.5 9.16877030335677 -15.443256108803169
      vertex -1.5 9.188820645368942 -15.386271242968684
    endloop
  endfacet
  facet normal -1 0 0
    outer loop
      vertex -1.5 12.5 -17
      vertex -1.5 9.188820645368942 -15.386271242968684
      vertex -1.5 9.20609444167944 -15.328384222748234
    endloop
  endfacet
  facet normal -1 0 0
    outer loop
      vertex -1.5 12.5 -17
      vertex -1.5 9.20609444167944 -15.328384222748234
      vertex -1.5 9.22055134853659 -15.269730245959757
    endloop
  endfacet
  facet normal -1 0 0
    outer loop
      vertex -1.5 12.5 -17
      vertex -1.5 9.22055134853659 -15.269730245959757
      vertex -1.5 9.232157601164564 -15.210446301683799
    endloop
  endfacet
  facet normal -1 0 0
    outer loop
      vertex -1.5 12.5 -17
      vertex -1.5 9.232157601164564 -15.210446301683799
      vertex -1.5 9.240886092622567 -15.150670850319154
    endloop
  endfacet
  facet normal -1 0 0
    outer loop
      vertex -1.5 12.5 -17
      vertex -1.5 9.240886092622567 -15.150670850319154
      vertex -1.5 9.246716437114364 -15.090543500202203
    endloop
  endfacet
  facet normal -1 0 0
    outer loop
      vertex -1.5 12.5 -17
      vertex -1.5 9.246716437114364 -15.090543500202203
      vertex -1.5 9.24963501760024 -15.030204681545165
    endloop
  endfacet
  facet normal -1 0 0
    outer loop
      vertex -1.5 12.5 -17
      vertex -1.5 9.24963501760024 -15.030204681545165
      vertex -1.5 9.24963501760024 -14.969795318454835
    endloop
  endfacet
  facet normal -1 0 0
    outer loop
      vertex -1.5 12.5 -17
      vertex -1.5 9.24963501760024 -14.969795318454835
      vertex -1.5 9.246716437114364 -14.909456499797797
    endloop
  endfacet
  facet normal -1 0 0
    outer loop
      vertex -1.5 12.5 -17
      vertex -1.5 9.246716437114364 -14.909456499797797
      vertex -1.5 9.240886092622567 -14.849329149680846
    endloop
  endfacet
  facet normal -1 0 0
    outer loop
      vertex -1.5 12.5 -17
      vertex -1.5 9.240886092622567 -14.849329149680846
      vertex -1.5 9.232157601164564 -14.789553698316201
    endloop
  endfacet
  facet normal -1 0 0
    outer loop
      vertex -1.5 12.5 -17
      vertex -1.5 9.232157601164564 -14.789553698316201
      vertex -1.5 9.22055134853659 -14.730269754040243
    endloop
  endfacet
  facet normal -1 0 0
    outer loop
      vertex -1.5 12.5 -17
      vertex -1.5 9.20609444167944 -14.671615777251766
      vertex -1.5 9.188820645368942 -14.613728757031316
    endloop
  endfacet
  facet normal -1 0 0
    outer loop
      vertex -1.5 12.5 -17
      vertex -1.5 9.16877030335677 -14.556743891196831
      vertex -1.5 9.145990244145729 -14.50079427054288
    endloop
  endfacet
  facet normal -1 0 0
    outer loop
      vertex -1.5 12.5 -17
      vertex -1.5 9.145990244145729 -14.50079427054288
      vertex -1.5 9.12053367161963 -14.446010568000949
    endloop
  endfacet
  facet normal -1 0 0
    outer loop
      vertex -1.5 12.5 -17
      vertex -1.5 9.188820645368942 -14.613728757031316
      vertex -1.5 9.16877030335677 -14.556743891196831
    endloop
  endfacet
  facet normal -1 0 0
    outer loop
      vertex -1.5 12.5 -17
      vertex -1.5 9.22055134853659 -14.730269754040243
      vertex -1.5 9.20609444167944 -14.671615777251766
    endloop
  endfacet
  facet normal -1 0 0
    outer loop
      vertex -1.5 12.5 -17
      vertex -1.5 9.02872983236707 -14.289919066586055
      vertex -1.5 8.993222099642193 -14.241046865226611
    endloop
  endfacet
  facet normal -1 0 0
    outer loop
      vertex -1.5 12.5 -17
      vertex -1.5 9.061834918901901 -14.340449694867335
      vertex -1.5 9.02872983236707 -14.289919066586055
    endloop
  endfacet
  facet normal -1 0 0
    outer loop
      vertex -1.5 12.5 -17
      vertex -1.5 9.092460040783147 -14.392520733446743
      vertex -1.5 9.061834918901901 -14.340449694867335
    endloop
  endfacet
  facet normal -1 0 0
    outer loop
      vertex -1.5 12.5 -17
      vertex -1.5 9.12053367161963 -14.446010568000949
      vertex -1.5 9.092460040783147 -14.392520733446743
    endloop
  endfacet
  facet normal -1 0 0
    outer loop
      vertex -1.5 11 -19.598076211353316
      vertex -1.5 11.354476958661815 -19.358159284228364
      vertex -1.5 11.121922452366793 -19.523760598493546
    endloop
  endfacet
  facet normal -1 0 0
    outer loop
      vertex -1.5 11.121922452366793 -19.523760598493546
      vertex -1.5 11.354476958661815 -19.358159284228364
      vertex -1.5 11.240170728713593 -19.443727856151007
    endloop
  endfacet
  facet normal -1 0 0
    outer loop
      vertex -1.5 11 -19.598076211353316
      vertex -1.5 11.67120211431521 -19.070237034446336
      vertex -1.5 11.354476958661815 -19.358159284228364
    endloop
  endfacet
  facet normal -1 0 0
    outer loop
      vertex -1.5 11.354476958661815 -19.358159284228364
      vertex -1.5 11.570237034446336 -19.17120211431521
      vertex -1.5 11.464582201835855 -19.267248723062774
    endloop
  endfacet
  facet normal -1 0 0
    outer loop
      vertex -1.5 11.354476958661815 -19.358159284228364
      vertex -1.5 11.67120211431521 -19.070237034446336
      vertex -1.5 11.570237034446336 -19.17120211431521
    endloop
  endfacet
  facet normal -1 0 0
    outer loop
      vertex -1.5 9.642745747471228 -19.996602017549023
      vertex -1.5 12.5 -17
      vertex -1.5 11.67120211431521 -19.070237034446336
    endloop
  endfacet
  facet normal -1 0 0
    outer loop
      vertex -1.5 11.67120211431521 -19.070237034446336
      vertex -1.5 11.858159284228362 -18.854476958661817
      vertex -1.5 11.767248723062774 -18.964582201835857
    endloop
  endfacet
  facet normal -1 0 0
    outer loop
      vertex -1.5 11.67120211431521 -19.070237034446336
      vertex -1.5 12.023760598493544 -18.621922452366793
      vertex -1.5 11.858159284228362 -18.854476958661817
    endloop
  endfacet
  facet normal -1 0 0
    outer loop
      vertex -1.5 11.858159284228362 -18.854476958661817
      vertex -1.5 12.023760598493544 -18.621922452366793
      vertex -1.5 11.943727856151007 -18.740170728713593
    endloop
  endfacet
  facet normal -1 0 0
    outer loop
      vertex -1.5 11.67120211431521 -19.070237034446336
      vertex -1.5 12.16650634596477 -18.37467956518223
      vertex -1.5 12.023760598493544 -18.621922452366793
    endloop
  endfacet
  facet normal -1 0 0
    outer loop
      vertex -1.5 11.67120211431521 -19.070237034446336
      vertex -1.5 12.285103799048219 -18.114987366980984
      vertex -1.5 12.16650634596477 -18.37467956518223
    endloop
  endfacet
  facet normal -1 0 0
    outer loop
      vertex -1.5 12.023760598493544 -18.621922452366793
      vertex -1.5 12.16650634596477 -18.37467956518223
      vertex -1.5 12.098076211353316 -18.5
    endloop
  endfacet
  facet normal -1 0 0
    outer loop
      vertex -1.5 12.16650634596477 -18.37467956518223
      vertex -1.5 12.285103799048219 -18.114987366980984
      vertex -1.5 12.228895986063556 -18.246245039005657
    endloop
  endfacet
  facet normal -1 0 0
    outer loop
      vertex -1.5 11.67120211431521 -19.070237034446336
      vertex -1.5 12.5 -17
      vertex -1.5 12.285103799048219 -18.114987366980984
    endloop
  endfacet
  facet normal -1 0 0
    outer loop
      vertex -1.5 12.285103799048219 -18.114987366980984
      vertex -1.5 12.378478920843492 -17.84519767052429
      vertex -1.5 12.335002456144005 -17.981203889952265
    endloop
  endfacet
  facet normal -1 0 0
    outer loop
      vertex -1.5 12.285103799048219 -18.114987366980984
      vertex -1.5 12.44578609178812 -17.56775373308123
      vertex -1.5 12.378478920843492 -17.84519767052429
    endloop
  endfacet
  facet normal -1 0 0
    outer loop
      vertex -1.5 12.378478920843492 -17.84519767052429
      vertex -1.5 12.44578609178812 -17.56775373308123
      vertex -1.5 12.415434704970625 -17.70727680652828
    endloop
  endfacet
  facet normal -1 0 0
    outer loop
      vertex -1.5 12.285103799048219 -18.114987366980984
      vertex -1.5 12.5 -17
      vertex -1.5 12.44578609178812 -17.56775373308123
    endloop
  endfacet
  facet normal -1 0 0
    outer loop
      vertex -1.5 12.44578609178812 -17.56775373308123
      vertex -1.5 12.486415767719254 -17.28516812991255
      vertex -1.5 12.469464325642798 -17.426944514819855
    endloop
  endfacet
  facet normal -1 0 0
    outer loop
      vertex -1.5 12.44578609178812 -17.56775373308123
      vertex -1.5 12.5 -17
      vertex -1.5 12.486415767719254 -17.28516812991255
    endloop
  endfacet
  facet normal -1 0 0
    outer loop
      vertex -1.5 12.486415767719254 -17.28516812991255
      vertex -1.5 12.5 -17
      vertex -1.5 12.496602017549023 -17.142745747471228
    endloop
  endfacet
  facet normal 5.690041621158818e-20 0.023797697546114664 -0.9997167946931288
    outer loop
      vertex -1.5 9.5 -20
      vertex -1.5 9.642745747471228 -19.996602017549023
      vertex 1.5 9.642745747471228 -19.996602017549023
    endloop
  endfacet
  facet normal -2.141915085571438e-19 0.07133918319922078 -0.9974521146102544
    outer loop
      vertex -1.5 9.642745747471228 -19.996602017549023
      vertex -1.5 9.785168129912549 -19.986415767719254
      vertex 1.4900000000000002 9.785168129912549 -19.986415767719254
    endloop
  endfacet
  facet normal -1.8007531663223398e-19 0.1187190626573215 -0.9929278846732863
    outer loop
      vertex -1.5 9.785168129912549 -19.986415767719254
      vertex -1.5 9.926944514819855 -19.969464325642797
      vertex 1.4900000000000002 9.926944514819855 -19.969464325642797
    endloop
  endfacet
  facet normal 0 0.16583000525434938 -0.9861543537181907
    outer loop
      vertex -1.5 9.926944514819855 -19.969464325642797
      vertex -1.5 10.067753733081231 -19.945786091788122
      vertex 1.4900000000000002 9.926944514819855 -19.969464325642797
    endloop
  endfacet
  facet normal 4.240135565343679e-19 0.2125652895529897 -0.9771468659711567
    outer loop
      vertex -1.5 10.067753733081231 -19.945786091788122
      vertex -1.5 10.20727680652828 -19.915434704970625
      vertex 1.4900000000000002 10.20727680652828 -19.915434704970625
    endloop
  endfacet
  facet normal 0 0.2588190451025247 -0.9659258262890672
    outer loop
      vertex -1.5 10.20727680652828 -19.915434704970625
      vertex -1.5 10.34519767052429 -19.87847892084349
      vertex 1.4900000000000002 10.20727680652828 -19.915434704970625
    endloop
  endfacet
  facet normal 7.380552895468e-19 0.30448649226991326 -0.9525166539358585
    outer loop
      vertex -1.5 10.34519767052429 -19.87847892084349
      vertex -1.5 10.481203889952265 -19.835002456144004
      vertex 1.4900000000000002 10.481203889952265 -19.835002456144004
    endloop
  endfacet
  facet normal -8.469627017806246e-19 0.34946417959907916 -0.9369497249997689
    outer loop
      vertex -1.5 10.481203889952265 -19.835002456144004
      vertex -1.5 10.614987366980984 -19.78510379904822
      vertex 1.4900000000000002 10.614987366980984 -19.78510379904822
    endloop
  endfacet
  facet normal 0 0.3936502181619473 -0.9192603035816631
    outer loop
      vertex -1.5 10.614987366980984 -19.78510379904822
      vertex -1.5 10.74624503900566 -19.728895986063556
      vertex 1.4900000000000002 10.614987366980984 -19.78510379904822
    endloop
  endfacet
  facet normal 2.7190502396682386e-21 0.436944512369369 -0.8994884619105986
    outer loop
      vertex -1.5 10.74624503900566 -19.728895986063556
      vertex -1.5 10.87467956518223 -19.66650634596477
      vertex 1.4900000000000002 10.87467956518223 -19.66650634596477
    endloop
  endfacet
  facet normal 0 0.47924898672005056 -0.8776789895672592
    outer loop
      vertex -1.5 10.87467956518223 -19.66650634596477
      vertex -1.5 11 -19.598076211353316
      vertex 1.4900000000000002 10.87467956518223 -19.66650634596477
    endloop
  endfacet
  facet normal 0 0.5204678079730625 -0.8538812920211541
    outer loop
      vertex -1.5 11 -19.598076211353316
      vertex -1.5 11.121922452366793 -19.523760598493546
      vertex 1.5 11 -19.598076211353316
    endloop
  endfacet
  facet normal 0 0.5605076022409078 -0.8281492787113616
    outer loop
      vertex -1.5 11.121922452366793 -19.523760598493546
      vertex -1.5 11.240170728713593 -19.443727856151007
      vertex 1.5 11.121922452366793 -19.523760598493546
    endloop
  endfacet
  facet normal 1.6978616726792776e-18 0.5992776665113378 -0.8005412409243672
    outer loop
      vertex -1.5 11.240170728713593 -19.443727856151007
      vertex -1.5 11.354476958661815 -19.358159284228364
      vertex 1.5 11.354476958661815 -19.358159284228364
    endloop
  endfacet
  facet normal 1.2294154922044385e-19 0.6366901741190956 -0.7711197197453816
    outer loop
      vertex -1.5 11.354476958661815 -19.358159284228364
      vertex -1.5 11.464582201835855 -19.267248723062774
      vertex 1.4900000000000002 11.464582201835855 -19.267248723062774
    endloop
  endfacet
  facet normal 0 0.6726603737012482 -0.7399513643828878
    outer loop
      vertex -1.5 11.464582201835855 -19.267248723062774
      vertex -1.5 11.570237034446336 -19.17120211431521
      vertex 1.4900000000000002 11.464582201835855 -19.267248723062774
    endloop
  endfacet
  facet normal 0 0.7071067811865476 -0.7071067811865476
    outer loop
      vertex -1.5 11.570237034446336 -19.17120211431521
      vertex -1.5 11.67120211431521 -19.070237034446336
      vertex 1.5 11.570237034446336 -19.17120211431521
    endloop
  endfacet
  facet normal 1.1643540941547376e-18 0.7399513643828821 -0.6726603737012543
    outer loop
      vertex -1.5 11.67120211431521 -19.070237034446336
      vertex -1.5 11.767248723062774 -18.964582201835857
      vertex 1.5 11.767248723062774 -18.964582201835857
    endloop
  endfacet
  facet normal 0 0.7711197197453876 -0.636690174119088
    outer loop
      vertex -1.5 11.767248723062774 -18.964582201835857
      vertex -1.5 11.858159284228362 -18.854476958661817
      vertex 1.5 11.767248723062774 -18.964582201835857
    endloop
  endfacet
  facet normal 3.699718201890201e-19 0.8005412409243658 -0.5992776665113398
    outer loop
      vertex -1.5 11.858159284228362 -18.854476958661817
      vertex -1.5 11.943727856151007 -18.740170728713593
      vertex 1.4900000000000002 11.943727856151007 -18.740170728713593
    endloop
  endfacet
  facet normal 0 0.8281492787113672 -0.5605076022408993
    outer loop
      vertex -1.5 11.943727856151007 -18.740170728713593
      vertex -1.5 12.023760598493544 -18.621922452366793
      vertex 1.4900000000000002 11.943727856151007 -18.740170728713593
    endloop
  endfacet
  facet normal 1.7448909256926902e-19 0.8538812920211486 -0.5204678079730716
    outer loop
      vertex -1.5 12.023760598493544 -18.621922452366793
      vertex -1.5 12.098076211353316 -18.5
      vertex 1.4900000000000002 12.098076211353316 -18.5
    endloop
  endfacet
  facet normal 0 0.8776789895672592 -0.47924898672005056
    outer loop
      vertex -1.5 12.098076211353316 -18.5
      vertex -1.5 12.16650634596477 -18.37467956518223
      vertex 1.4900000000000002 12.098076211353316 -18.5
    endloop
  endfacet
  facet normal -4.564621894383122e-19 0.8994884619106011 -0.4369445123693641
    outer loop
      vertex -1.5 12.16650634596477 -18.37467956518223
      vertex -1.5 12.228895986063556 -18.246245039005657
      vertex 1.4900000000000002 12.228895986063556 -18.246245039005657
    endloop
  endfacet
  facet normal 0 0.9192603035816611 -0.3936502181619518
    outer loop
      vertex -1.5 12.228895986063556 -18.246245039005657
      vertex -1.5 12.285103799048219 -18.114987366980984
      vertex 1.4900000000000002 12.228895986063556 -18.246245039005657
    endloop
  endfacet
  facet normal -8.702025162350605e-19 0.9369497249997648 -0.3494641795990901
    outer loop
      vertex -1.5 12.285103799048219 -18.114987366980984
      vertex -1.5 12.335002456144005 -17.981203889952265
      vertex 1.4900000000000002 12.335002456144005 -17.981203889952265
    endloop
  endfacet
  facet normal 0 0.9525166539358622 -0.304486492269902
    outer loop
      vertex -1.5 12.335002456144005 -17.981203889952265
      vertex -1.5 12.378478920843492 -17.84519767052429
      vertex 1.4900000000000002 12.335002456144005 -17.981203889952265
    endloop
  endfacet
  facet normal -7.431077310372982e-19 0.9659258262890672 -0.2588190451025247
    outer loop
      vertex -1.5 12.378478920843492 -17.84519767052429
      vertex -1.5 12.415434704970625 -17.70727680652828
      vertex 1.4900000000000002 12.415434704970625 -17.70727680652828
    endloop
  endfacet
  facet normal 0 0.9771468659711599 -0.21256528955297524
    outer loop
      vertex -1.5 12.415434704970625 -17.70727680652828
      vertex -1.5 12.44578609178812 -17.56775373308123
      vertex 1.4900000000000002 12.415434704970625 -17.70727680652828
    endloop
  endfacet
  facet normal 4.450079506402814e-20 0.9861543537181864 -0.1658300052543756
    outer loop
      vertex -1.5 12.44578609178812 -17.56775373308123
      vertex -1.5 12.469464325642798 -17.426944514819855
      vertex 1.4900000000000002 12.469464325642798 -17.426944514819855
    endloop
  endfacet
  facet normal 0 0.9929278846732877 -0.11871906265730922
    outer loop
      vertex -1.5 12.469464325642798 -17.426944514819855
      vertex -1.5 12.486415767719254 -17.28516812991255
      vertex 1.4900000000000002 12.469464325642798 -17.426944514819855
    endloop
  endfacet
  facet normal -2.141915085571438e-19 0.9974521146102544 -0.07133918319922078
    outer loop
      vertex -1.5 12.486415767719254 -17.28516812991255
      vertex -1.5 12.496602017549023 -17.142745747471228
      vertex 1.4900000000000002 12.496602017549023 -17.142745747471228
    endloop
  endfacet
  facet normal 0 0.9997167946931289 -0.02379769754611466
    outer loop
      vertex -1.5 12.496602017549023 -17.142745747471228
      vertex -1.5 12.5 -17
      vertex 1.4900000000000002 12.496602017549023 -17.142745747471228
    endloop
  endfacet
  facet normal 0 1 0
    outer loop
      vertex -1.5 12.5 -17
      vertex -1.5 12.5 17
      vertex 1.5 12.5 -17
    endloop
  endfacet
  facet normal -1 0 0
    outer loop
      vertex -1.5 -9.5 20
      vertex -1.5 12.098076211353316 18.5
      vertex -1.5 12.5 -17
    endloop
  endfacet
  facet normal -1 0 0
    outer loop
      vertex -1.5 -9.5 20
      vertex -1.5 9.5 20
      vertex -1.5 12.098076211353316 18.5
    endloop
  endfacet
  facet normal -1 0 0
    outer loop
      vertex -1.5 12.5 -17
      vertex -1.5 12.098076211353316 18.5
      vertex -1.5 12.5 17
    endloop
  endfacet
  facet normal -1 0 0
    outer loop
      vertex -1.5 9.5 20
      vertex -1.5 9.642745747471226 19.996602017549023
      vertex -1.5 9.785168129912549 19.986415767719254
    endloop
  endfacet
  facet normal -1 0 0
    outer loop
      vertex -1.5 9.5 20
      vertex -1.5 9.785168129912549 19.986415767719254
      vertex -1.5 10.20727680652828 19.915434704970625
    endloop
  endfacet
  facet normal -1 0 0
    outer loop
      vertex -1.5 9.785168129912549 19.986415767719254
      vertex -1.5 9.926944514819855 19.969464325642797
      vertex -1.5 10.067753733081231 19.945786091788122
    endloop
  endfacet
  facet normal -1 0 0
    outer loop
      vertex -1.5 9.785168129912549 19.986415767719254
      vertex -1.5 10.067753733081231 19.945786091788122
      vertex -1.5 10.20727680652828 19.915434704970625
    endloop
  endfacet
  facet normal -1 0 0
    outer loop
      vertex -1.5 9.5 20
      vertex -1.5 10.20727680652828 19.915434704970625
      vertex -1.5 11 19.598076211353316
    endloop
  endfacet
  facet normal -1 0 0
    outer loop
      vertex -1.5 10.20727680652828 19.915434704970625
      vertex -1.5 10.34519767052429 19.87847892084349
      vertex -1.5 10.614987366980982 19.78510379904822
    endloop
  endfacet
  facet normal -1 0 0
    outer loop
      vertex -1.5 10.34519767052429 19.87847892084349
      vertex -1.5 10.481203889952265 19.835002456144004
      vertex -1.5 10.614987366980982 19.78510379904822
    endloop
  endfacet
  facet normal -1 0 0
    outer loop
      vertex -1.5 9.5 20
      vertex -1.5 11 19.598076211353316
      vertex -1.5 12.098076211353316 18.5
    endloop
  endfacet
  facet normal -1 0 0
    outer loop
      vertex -1.5 10.20727680652828 19.915434704970625
      vertex -1.5 10.614987366980982 19.78510379904822
      vertex -1.5 11 19.598076211353316
    endloop
  endfacet
  facet normal -1 0 0
    outer loop
      vertex -1.5 10.874679565182232 19.66650634596477
      vertex -1.5 11 19.598076211353316
      vertex -1.5 10.74624503900566 19.728895986063556
    endloop
  endfacet
  facet normal -1 0 0
    outer loop
      vertex -1.5 10.614987366980982 19.78510379904822
      vertex -1.5 10.74624503900566 19.728895986063556
      vertex -1.5 11 19.598076211353316
    endloop
  endfacet
  facet normal -1 0 0
    outer loop
      vertex -1.5 12.5 17
      vertex -1.5 12.486415767719254 17.28516812991255
      vertex -1.5 12.496602017549023 17.142745747471228
    endloop
  endfacet
  facet normal -1 0 0
    outer loop
      vertex -1.5 12.5 17
      vertex -1.5 12.415434704970625 17.70727680652828
      vertex -1.5 12.486415767719254 17.28516812991255
    endloop
  endfacet
  facet normal -1 0 0
    outer loop
      vertex -1.5 12.486415767719254 17.28516812991255
      vertex -1.5 12.44578609178812 17.56775373308123
      vertex -1.5 12.469464325642798 17.426944514819855
    endloop
  endfacet
  facet normal -1 0 0
    outer loop
      vertex -1.5 11 19.598076211353316
      vertex -1.5 11.121922452366793 19.523760598493546
      vertex -1.5 11.354476958661817 19.358159284228364
    endloop
  endfacet
  facet normal -1 0 0
    outer loop
      vertex -1.5 11.121922452366793 19.523760598493546
      vertex -1.5 11.240170728713595 19.443727856151007
      vertex -1.5 11.354476958661817 19.358159284228364
    endloop
  endfacet
  facet normal -1 0 0
    outer loop
      vertex -1.5 11 19.598076211353316
      vertex -1.5 11.354476958661817 19.358159284228364
      vertex -1.5 11.570237034446336 19.17120211431521
    endloop
  endfacet
  facet normal -1 0 0
    outer loop
      vertex -1.5 11.354476958661817 19.358159284228364
      vertex -1.5 11.464582201835855 19.267248723062774
      vertex -1.5 11.570237034446336 19.17120211431521
    endloop
  endfacet
  facet normal -1 0 0
    outer loop
      vertex -1.5 11.570237034446336 19.17120211431521
      vertex -1.5 11.67120211431521 19.070237034446336
      vertex -1.5 11.858159284228362 18.854476958661817
    endloop
  endfacet
  facet normal -1 0 0
    outer loop
      vertex -1.5 11 19.598076211353316
      vertex -1.5 11.570237034446336 19.17120211431521
      vertex -1.5 12.098076211353316 18.5
    endloop
  endfacet
  facet normal -1 0 0
    outer loop
      vertex -1.5 11.943727856151007 18.740170728713593
      vertex -1.5 12.098076211353316 18.5
      vertex -1.5 11.858159284228362 18.854476958661817
    endloop
  endfacet
  facet normal -1 0 0
    outer loop
      vertex -1.5 11.943727856151007 18.740170728713593
      vertex -1.5 12.023760598493544 18.621922452366793
      vertex -1.5 12.098076211353316 18.5
    endloop
  endfacet
  facet normal -1 0 0
    outer loop
      vertex -1.5 12.098076211353316 18.5
      vertex -1.5 12.285103799048219 18.114987366980984
      vertex -1.5 12.415434704970625 17.70727680652828
    endloop
  endfacet
  facet normal -1 0 0
    outer loop
      vertex -1.5 12.5 17
      vertex -1.5 12.098076211353316 18.5
      vertex -1.5 12.415434704970625 17.70727680652828
    endloop
  endfacet
  facet normal -1 0 0
    outer loop
      vertex -1.5 12.486415767719254 17.28516812991255
      vertex -1.5 12.415434704970625 17.70727680652828
      vertex -1.5 12.44578609178812 17.56775373308123
    endloop
  endfacet
  facet normal -1 0 0
    outer loop
      vertex -1.5 12.285103799048219 18.114987366980984
      vertex -1.5 12.378478920843492 17.84519767052429
      vertex -1.5 12.415434704970625 17.70727680652828
    endloop
  endfacet
  facet normal -1 0 0
    outer loop
      vertex -1.5 12.285103799048219 18.114987366980984
      vertex -1.5 12.335002456144005 17.981203889952265
      vertex -1.5 12.378478920843492 17.84519767052429
    endloop
  endfacet
  facet normal -1 0 0
    outer loop
      vertex -1.5 12.098076211353316 18.5
      vertex -1.5 12.228895986063556 18.246245039005657
      vertex -1.5 12.285103799048219 18.114987366980984
    endloop
  endfacet
  facet normal -1 0 0
    outer loop
      vertex -1.5 12.098076211353316 18.5
      vertex -1.5 12.16650634596477 18.37467956518223
      vertex -1.5 12.228895986063556 18.246245039005657
    endloop
  endfacet
  facet normal -1 0 0
    outer loop
      vertex -1.5 11.67120211431521 19.070237034446336
      vertex -1.5 11.767248723062774 18.964582201835857
      vertex -1.5 11.858159284228362 18.854476958661817
    endloop
  endfacet
  facet normal -1 0 0
    outer loop
      vertex -1.5 11.570237034446336 19.17120211431521
      vertex -1.5 11.858159284228362 18.854476958661817
      vertex -1.5 12.098076211353316 18.5
    endloop
  endfacet
  facet normal 0 0 1
    outer loop
      vertex -1.5 -9.5 20
      vertex 1.5 9.5 20
      vertex -1.5 9.5 20
    endloop
  endfacet
  facet normal -1.3272576869711467e-20 0.02379769754611496 0.9997167946931289
    outer loop
      vertex -1.5 9.5 20
      vertex 1.4900000000000002 9.642745747471226 19.996602017549023
      vertex -1.5 9.642745747471226 19.996602017549023
    endloop
  endfacet
  facet normal 0 0.07133918319921989 0.9974521146102544
    outer loop
      vertex -1.5 9.642745747471226 19.996602017549023
      vertex 1.4900000000000002 9.642745747471226 19.996602017549023
      vertex -1.5 9.785168129912549 19.986415767719254
    endloop
  endfacet
  facet normal 0 0.1187190626573215 0.9929278846732863
    outer loop
      vertex -1.5 9.785168129912549 19.986415767719254
      vertex 1.4900000000000002 9.785168129912549 19.986415767719254
      vertex -1.5 9.926944514819855 19.969464325642797
    endloop
  endfacet
  facet normal 4.852167645417461e-19 0.16583000525434935 0.9861543537181907
    outer loop
      vertex -1.5 9.926944514819855 19.969464325642797
      vertex 1.5 10.067753733081231 19.945786091788122
      vertex -1.5 10.067753733081231 19.945786091788122
    endloop
  endfacet
  facet normal -4.240135565343679e-19 0.2125652895529897 0.9771468659711567
    outer loop
      vertex -1.5 10.067753733081231 19.945786091788122
      vertex 1.4900000000000002 10.20727680652828 19.915434704970625
      vertex -1.5 10.20727680652828 19.915434704970625
    endloop
  endfacet
  facet normal 0 0.2588190451025247 0.9659258262890672
    outer loop
      vertex -1.5 10.20727680652828 19.915434704970625
      vertex 1.5 10.20727680652828 19.915434704970625
      vertex -1.5 10.34519767052429 19.87847892084349
    endloop
  endfacet
  facet normal 0 0.3044864922699133 0.9525166539358585
    outer loop
      vertex -1.5 10.34519767052429 19.87847892084349
      vertex 1.5 10.34519767052429 19.87847892084349
      vertex -1.5 10.481203889952265 19.835002456144004
    endloop
  endfacet
  facet normal -7.93674089393943e-19 0.34946417959908327 0.9369497249997674
    outer loop
      vertex -1.5 10.481203889952265 19.835002456144004
      vertex 1.4900000000000002 10.614987366980982 19.78510379904822
      vertex -1.5 10.614987366980982 19.78510379904822
    endloop
  endfacet
  facet normal -3.1946768965447605e-19 0.3936502181619428 0.9192603035816649
    outer loop
      vertex -1.5 10.614987366980982 19.78510379904822
      vertex 1.4900000000000002 10.74624503900566 19.728895986063556
      vertex -1.5 10.74624503900566 19.728895986063556
    endloop
  endfacet
  facet normal 0 0.4792489867200558 0.8776789895672563
    outer loop
      vertex -1.5 10.874679565182232 19.66650634596477
      vertex 1.4900000000000002 10.874679565182232 19.66650634596477
      vertex -1.5 11 19.598076211353316
    endloop
  endfacet
  facet normal 4.564621894383122e-19 0.4369445123693641 0.8994884619106011
    outer loop
      vertex -1.5 10.874679565182232 19.66650634596477
      vertex -1.5 10.74624503900566 19.728895986063556
      vertex 1.4900000000000002 10.74624503900566 19.728895986063556
    endloop
  endfacet
  facet normal -5.709071860694467e-20 0.9997167946931289 0.02379769754611466
    outer loop
      vertex -1.5 12.5 17
      vertex -1.5 12.496602017549023 17.142745747471228
      vertex 1.4900000000000002 12.496602017549023 17.142745747471228
    endloop
  endfacet
  facet normal 0 0.9974521146102544 0.07133918319922078
    outer loop
      vertex -1.5 12.496602017549023 17.142745747471228
      vertex -1.5 12.486415767719254 17.28516812991255
      vertex 1.4900000000000002 12.496602017549023 17.142745747471228
    endloop
  endfacet
  facet normal -1.0798012451958244e-19 0.9929278846732879 0.11871906265730922
    outer loop
      vertex -1.5 12.486415767719254 17.28516812991255
      vertex -1.5 12.469464325642798 17.426944514819855
      vertex 1.5 12.469464325642798 17.426944514819855
    endloop
  endfacet
  facet normal 0 0.9861543537181863 0.1658300052543756
    outer loop
      vertex -1.5 12.469464325642798 17.426944514819855
      vertex -1.5 12.44578609178812 17.56775373308123
      vertex 1.5 12.469464325642798 17.426944514819855
    endloop
  endfacet
  facet normal -7.896998576957634e-19 0.5204678079730625 0.853881292021154
    outer loop
      vertex -1.5 11 19.598076211353316
      vertex 1.4900000000000002 11.121922452366793 19.523760598493546
      vertex -1.5 11.121922452366793 19.523760598493546
    endloop
  endfacet
  facet normal 8.236456500588703e-19 0.560507602240902 0.8281492787113655
    outer loop
      vertex -1.5 11.121922452366793 19.523760598493546
      vertex 1.4900000000000002 11.240170728713595 19.443727856151007
      vertex -1.5 11.240170728713595 19.443727856151007
    endloop
  endfacet
  facet normal 0 0.5992776665113378 0.8005412409243672
    outer loop
      vertex -1.5 11.240170728713595 19.443727856151007
      vertex 1.4900000000000002 11.240170728713595 19.443727856151007
      vertex -1.5 11.354476958661817 19.358159284228364
    endloop
  endfacet
  facet normal 2.525616334469556e-19 0.6366901741191016 0.7711197197453764
    outer loop
      vertex -1.5 11.354476958661817 19.358159284228364
      vertex 1.4900000000000002 11.464582201835855 19.267248723062774
      vertex -1.5 11.464582201835855 19.267248723062774
    endloop
  endfacet
  facet normal 0 0.6726603737012482 0.7399513643828878
    outer loop
      vertex -1.5 11.464582201835855 19.267248723062774
      vertex 1.4900000000000002 11.464582201835855 19.267248723062774
      vertex -1.5 11.570237034446336 19.17120211431521
    endloop
  endfacet
  facet normal 7.977735291989192e-19 0.7071067811865476 0.7071067811865476
    outer loop
      vertex -1.5 11.570237034446336 19.17120211431521
      vertex 1.4900000000000002 11.67120211431521 19.070237034446336
      vertex -1.5 11.67120211431521 19.070237034446336
    endloop
  endfacet
  facet normal 9.852129717306878e-19 0.8281492787113672 0.5605076022408993
    outer loop
      vertex -1.5 11.943727856151007 18.740170728713593
      vertex 1.4900000000000002 12.023760598493544 18.621922452366793
      vertex -1.5 12.023760598493544 18.621922452366793
    endloop
  endfacet
  facet normal -1.7448909256926902e-19 0.8538812920211486 0.5204678079730716
    outer loop
      vertex -1.5 12.098076211353316 18.5
      vertex -1.5 12.023760598493544 18.621922452366793
      vertex 1.4900000000000002 12.023760598493544 18.621922452366793
    endloop
  endfacet
  facet normal 7.406307052671739e-19 0.9659258262890672 0.2588190451025247
    outer loop
      vertex -1.5 12.415434704970625 17.70727680652828
      vertex -1.5 12.378478920843492 17.84519767052429
      vertex 1.5 12.378478920843492 17.84519767052429
    endloop
  endfacet
  facet normal 0 0.9771468659711599 0.21256528955297524
    outer loop
      vertex -1.5 12.44578609178812 17.56775373308123
      vertex -1.5 12.415434704970625 17.70727680652828
      vertex 1.4900000000000002 12.44578609178812 17.56775373308123
    endloop
  endfacet
  facet normal 3.605186188117849e-19 0.9525166539358622 0.304486492269902
    outer loop
      vertex -1.5 12.378478920843492 17.84519767052429
      vertex -1.5 12.335002456144005 17.981203889952265
      vertex 1.4900000000000002 12.335002456144005 17.981203889952265
    endloop
  endfacet
  facet normal 8.702025162350605e-19 0.9369497249997648 0.3494641795990901
    outer loop
      vertex -1.5 12.285103799048219 18.114987366980984
      vertex 1.4900000000000002 12.335002456144005 17.981203889952265
      vertex -1.5 12.335002456144005 17.981203889952265
    endloop
  endfacet
  facet normal 0 0.9192603035816611 0.3936502181619518
    outer loop
      vertex -1.5 12.285103799048219 18.114987366980984
      vertex -1.5 12.228895986063556 18.246245039005657
      vertex 1.4900000000000002 12.285103799048219 18.114987366980984
    endloop
  endfacet
  facet normal 4.549406488068512e-19 0.899488461910601 0.43694451236936405
    outer loop
      vertex -1.5 12.16650634596477 18.37467956518223
      vertex 1.5 12.228895986063556 18.246245039005657
      vertex -1.5 12.228895986063556 18.246245039005657
    endloop
  endfacet
  facet normal 0 0.877678989567259 0.47924898672005045
    outer loop
      vertex -1.5 12.098076211353316 18.5
      vertex 1.5 12.098076211353316 18.5
      vertex -1.5 12.16650634596477 18.37467956518223
    endloop
  endfacet
  facet normal -1.1682482550047535e-18 0.7399513643828821 0.6726603737012544
    outer loop
      vertex -1.5 11.67120211431521 19.070237034446336
      vertex 1.4900000000000002 11.767248723062774 18.964582201835857
      vertex -1.5 11.767248723062774 18.964582201835857
    endloop
  endfacet
  facet normal 0 0.7711197197453877 0.6366901741190881
    outer loop
      vertex -1.5 11.767248723062774 18.964582201835857
      vertex 1.4900000000000002 11.767248723062774 18.964582201835857
      vertex -1.5 11.858159284228362 18.854476958661817
    endloop
  endfacet
  facet normal 0 0.8005412409243658 0.5992776665113398
    outer loop
      vertex -1.5 11.943727856151007 18.740170728713593
      vertex -1.5 11.858159284228362 18.854476958661817
      vertex 1.4900000000000002 11.943727856151007 18.740170728713593
    endloop
  endfacet
  facet normal 0 -0.8005412409243658 -0.5992776665113398
    outer loop
      vertex -1.4900000000000002 -11.858159284228362 -18.854476958661817
      vertex 1.5 -11.858159284228362 -18.854476958661817
      vertex 1.5 -11.943727856151007 -18.740170728713593
    endloop
  endfacet
  facet normal 0 -0.7711197197453876 -0.636690174119088
    outer loop
      vertex -1.5 -11.767248723062774 -18.964582201835857
      vertex 1.5 -11.767248723062774 -18.964582201835857
      vertex 1.5 -11.858159284228362 -18.854476958661817
    endloop
  endfacet
  facet normal 0 -0.7399513643828821 -0.6726603737012543
    outer loop
      vertex -1.5 -11.767248723062774 -18.964582201835857
      vertex 1.5 -11.67120211431521 -19.070237034446336
      vertex 1.5 -11.767248723062774 -18.964582201835857
    endloop
  endfacet
  facet normal 0 -0.9192603035816649 -0.3936502181619428
    outer loop
      vertex -1.5 -12.228895986063556 -18.24624503900566
      vertex 1.5 -12.228895986063556 -18.24624503900566
      vertex 1.5 -12.285103799048219 -18.114987366980984
    endloop
  endfacet
  facet normal 0 -0.8994884619105963 -0.43694451236937387
    outer loop
      vertex -1.5 -12.16650634596477 -18.37467956518223
      vertex 1.5 -12.16650634596477 -18.37467956518223
      vertex 1.5 -12.228895986063556 -18.24624503900566
    endloop
  endfacet
  facet normal 0 -0.877678989567259 -0.47924898672005045
    outer loop
      vertex -1.5 -12.16650634596477 -18.37467956518223
      vertex 1.5 -12.098076211353316 -18.5
      vertex 1.5 -12.16650634596477 -18.37467956518223
    endloop
  endfacet
  facet normal 0 -0.9369497249997678 -0.34946417959908194
    outer loop
      vertex -1.5 -12.335002456144005 -17.981203889952262
      vertex 1.5 -12.285103799048219 -18.114987366980984
      vertex 1.5 -12.335002456144005 -17.981203889952262
    endloop
  endfacet
  facet normal 0 -0.9525166539358597 -0.30448649226990915
    outer loop
      vertex -1.5 -12.335002456144005 -17.981203889952262
      vertex 1.5 -12.335002456144005 -17.981203889952262
      vertex 1.5 -12.378478920843492 -17.84519767052429
    endloop
  endfacet
  facet normal 0 -0.986154353718187 -0.16583000525437153
    outer loop
      vertex -1.5 -12.44578609178812 -17.567753733081233
      vertex 1.5 -12.44578609178812 -17.567753733081233
      vertex 1.5 -12.469464325642798 -17.426944514819855
    endloop
  endfacet
  facet normal 0 -0.9771468659711587 -0.2125652895529804
    outer loop
      vertex -1.5 -12.44578609178812 -17.567753733081233
      vertex 1.5 -12.415434704970625 -17.70727680652828
      vertex 1.5 -12.44578609178812 -17.567753733081233
    endloop
  endfacet
  facet normal 0 -0.9659258262890672 -0.2588190451025247
    outer loop
      vertex -1.5 -12.378478920843492 -17.84519767052429
      vertex 1.5 -12.378478920843492 -17.84519767052429
      vertex 1.5 -12.415434704970625 -17.70727680652828
    endloop
  endfacet
  facet normal 0 -0.8538812920211429 -0.5204678079730806
    outer loop
      vertex -1.5 -12.023760598493542 -18.621922452366793
      vertex 1.5 -12.023760598493542 -18.621922452366793
      vertex 1.5 -12.098076211353316 -18.5
    endloop
  endfacet
  facet normal 0 -0.828149278711373 -0.5605076022408907
    outer loop
      vertex -1.5 -12.023760598493542 -18.621922452366793
      vertex 1.5 -11.943727856151007 -18.740170728713593
      vertex 1.5 -12.023760598493542 -18.621922452366793
    endloop
  endfacet
  facet normal 0 -0.7071067811865476 -0.7071067811865476
    outer loop
      vertex -1.5 -11.67120211431521 -19.070237034446336
      vertex 1.4900000000000002 -11.570237034446336 -19.17120211431521
      vertex 1.4900000000000002 -11.67120211431521 -19.070237034446336
    endloop
  endfacet
  facet normal -3.4930622824642383e-16 -0.7399513643828907 -0.672660373701245
    outer loop
      vertex -1.5 -11.767248723062774 -18.964582201835857
      vertex 1.4900000000000002 -11.67120211431521 -19.070237034446336
      vertex 1.5 -11.67120211431521 -19.070237034446336
    endloop
  endfacet
  facet normal 0 -0.6726603737012544 -0.7399513643828821
    outer loop
      vertex -1.5 -11.464582201835857 -19.267248723062774
      vertex 1.4900000000000002 -11.464582201835857 -19.267248723062774
      vertex 1.4900000000000002 -11.570237034446336 -19.17120211431521
    endloop
  endfacet
  facet normal 0 -0.6366901741190956 -0.7711197197453816
    outer loop
      vertex -1.5 -11.354476958661817 -19.358159284228364
      vertex 1.4900000000000002 -11.354476958661817 -19.358159284228364
      vertex 1.4900000000000002 -11.464582201835857 -19.267248723062774
    endloop
  endfacet
  facet normal -5.0386989825667444e-17 -0.5992776665113377 -0.8005412409243671
    outer loop
      vertex -1.5 -11.240170728713593 -19.443727856151007
      vertex 1.5 -11.354476958661817 -19.358159284228364
      vertex 1.4900000000000002 -11.354476958661817 -19.358159284228364
    endloop
  endfacet
  facet normal 0 -0.5992776665113319 -0.8005412409243716
    outer loop
      vertex -1.5 -11.240170728713593 -19.443727856151007
      vertex 1.5 -11.240170728713593 -19.443727856151007
      vertex 1.5 -11.354476958661817 -19.358159284228364
    endloop
  endfacet
  facet normal 3.428873077229375e-16 -0.5605076022408993 -0.8281492787113672
    outer loop
      vertex -1.5 -11.240170728713593 -19.443727856151007
      vertex 1.4900000000000002 -11.121922452366794 -19.523760598493542
      vertex 1.5 -11.121922452366794 -19.523760598493542
    endloop
  endfacet
  facet normal 0 -0.5605076022408966 -0.8281492787113692
    outer loop
      vertex -1.5 -11.240170728713593 -19.443727856151007
      vertex 1.5 -11.121922452366794 -19.523760598493542
      vertex 1.5 -11.240170728713593 -19.443727856151007
    endloop
  endfacet
  facet normal 0 -0.520467807973075 -0.8538812920211464
    outer loop
      vertex -1.5 -11 -19.598076211353316
      vertex 1.4900000000000002 -11 -19.598076211353316
      vertex 1.4900000000000002 -11.121922452366794 -19.523760598493542
    endloop
  endfacet
  facet normal 0 -0.47924898672005056 -0.8776789895672592
    outer loop
      vertex -1.5 -11 -19.598076211353316
      vertex 1.4900000000000002 -10.87467956518223 -19.66650634596477
      vertex 1.4900000000000002 -11 -19.598076211353316
    endloop
  endfacet
  facet normal 0 -0.9929278846732879 -0.11871906265730922
    outer loop
      vertex -1.5 -12.486415767719254 -17.28516812991255
      vertex 1.5 -12.469464325642798 -17.426944514819855
      vertex 1.5 -12.486415767719254 -17.28516812991255
    endloop
  endfacet
  facet normal 0 -0.9974521146102544 -0.07133918319922078
    outer loop
      vertex -1.5 -12.496602017549023 -17.142745747471228
      vertex 1.5 -12.486415767719254 -17.28516812991255
      vertex 1.5 -12.496602017549023 -17.142745747471228
    endloop
  endfacet
  facet normal 0 -0.9997167946931288 -0.023797697546114664
    outer loop
      vertex -1.5 -12.496602017549023 -17.142745747471228
      vertex 1.5 -12.496602017549023 -17.142745747471228
      vertex 1.5 -12.5 -17
    endloop
  endfacet
  facet normal 0 -0.43694451236937387 -0.8994884619105962
    outer loop
      vertex -1.5 -10.746245039005661 -19.728895986063556
      vertex 1.4900000000000002 -10.746245039005661 -19.728895986063556
      vertex 1.4900000000000002 -10.87467956518223 -19.66650634596477
    endloop
  endfacet
  facet normal 0 -0.3936502181619383 -0.9192603035816669
    outer loop
      vertex -1.5 -10.614987366980982 -19.78510379904822
      vertex 1.4900000000000002 -10.614987366980982 -19.78510379904822
      vertex 1.4900000000000002 -10.746245039005661 -19.728895986063556
    endloop
  endfacet
  facet normal 0 -0.34946417959910103 -0.9369497249997607
    outer loop
      vertex -1.5 -10.614987366980982 -19.78510379904822
      vertex 1.5 -10.481203889952264 -19.835002456144007
      vertex 1.4900000000000002 -10.614987366980982 -19.78510379904822
    endloop
  endfacet
  facet normal 0 -0.3044864922698943 -0.9525166539358646
    outer loop
      vertex -1.5 -10.481203889952264 -19.835002456144007
      vertex 1.5 -10.34519767052429 -19.87847892084349
      vertex 1.5 -10.481203889952264 -19.835002456144007
    endloop
  endfacet
  facet normal 0 0 0
    outer loop
      vertex -1.5 -10.20727680652828 -19.915434704970625
      vertex 1.4900000000000002 -10.20727680652828 -19.915434704970625
      vertex 1.5 -10.20727680652828 -19.915434704970625
    endloop
  endfacet
  facet normal 0 -0.21256528955296852 -0.9771468659711613
    outer loop
      vertex -1.5 -10.20727680652828 -19.915434704970625
      vertex 1.4900000000000002 -10.067753733081233 -19.94578609178812
      vertex 1.4900000000000002 -10.20727680652828 -19.915434704970625
    endloop
  endfacet
  facet normal 0 -0.2588190451025247 -0.9659258262890672
    outer loop
      vertex -1.5 -10.20727680652828 -19.915434704970625
      vertex 1.5 -10.20727680652828 -19.915434704970625
      vertex 1.5 -10.34519767052429 -19.87847892084349
    endloop
  endfacet
  facet normal -4.829231751593877e-18 -0.1658300052543737 -0.9861543537181867
    outer loop
      vertex -1.5 -9.926944514819855 -19.969464325642797
      vertex 1.5 -10.067753733081233 -19.94578609178812
      vertex 1.4900000000000002 -10.067753733081233 -19.94578609178812
    endloop
  endfacet
  facet normal 0 -0.16583000525437153 -0.986154353718187
    outer loop
      vertex -1.5 -9.926944514819855 -19.969464325642797
      vertex 1.5 -9.926944514819855 -19.969464325642797
      vertex 1.5 -10.067753733081233 -19.94578609178812
    endloop
  endfacet
  facet normal 0 -0.11871906265732 -0.9929278846732864
    outer loop
      vertex -1.5 -9.926944514819855 -19.969464325642797
      vertex 1.5 -9.785168129912547 -19.986415767719254
      vertex 1.5 -9.926944514819855 -19.969464325642797
    endloop
  endfacet
  facet normal 0 0 0
    outer loop
      vertex -1.5 -9.785168129912547 -19.986415767719254
      vertex 1.4900000000000002 -9.785168129912547 -19.986415767719254
      vertex 1.5 -9.785168129912547 -19.986415767719254
    endloop
  endfacet
  facet normal 0 -0.07133918319922165 -0.9974521146102543
    outer loop
      vertex -1.5 -9.785168129912547 -19.986415767719254
      vertex 1.4900000000000002 -9.642745747471228 -19.996602017549023
      vertex 1.4900000000000002 -9.785168129912547 -19.986415767719254
    endloop
  endfacet
  facet normal 0 -0.02379769754611466 -0.9997167946931289
    outer loop
      vertex -1.5 -9.5 -20
      vertex 1.4900000000000002 -9.5 -20
      vertex 1.4900000000000002 -9.642745747471228 -19.996602017549023
    endloop
  endfacet
  facet normal 0 -1 0
    outer loop
      vertex -1.5 -12.5 -17
      vertex 1.5 -12.5 -17
      vertex 1.4900000000000002 -12.5 17
    endloop
  endfacet
  facet normal 0 0 -1
    outer loop
      vertex -1.5 9.5 -20
      vertex 1.5 -9.5 -20
      vertex 1.4900000000000002 -9.5 -20
    endloop
  endfacet
  facet normal 1 0 0
    outer loop
      vertex 1.5 -12.098076211353316 -18.5
      vertex 1.5 -11.943727856151007 -18.740170728713593
      vertex 1.5 -11.67120211431521 -19.070237034446336
    endloop
  endfacet
  facet normal 1 0 0
    outer loop
      vertex 1.5 -11.858159284228362 -18.854476958661817
      vertex 1.5 -11.67120211431521 -19.070237034446336
      vertex 1.5 -11.943727856151007 -18.740170728713593
    endloop
  endfacet
  facet normal 1 0 0
    outer loop
      vertex 1.5 -11.858159284228362 -18.854476958661817
      vertex 1.5 -11.767248723062774 -18.964582201835857
      vertex 1.5 -11.67120211431521 -19.070237034446336
    endloop
  endfacet
  facet normal 1 0 0
    outer loop
      vertex 1.5 -12.228895986063556 -18.24624503900566
      vertex 1.5 -12.16650634596477 -18.37467956518223
      vertex 1.5 -12.098076211353316 -18.5
    endloop
  endfacet
  facet normal 1 0 0
    outer loop
      vertex 1.5 -12.228895986063556 -18.24624503900566
      vertex 1.5 -12.098076211353316 -18.5
      vertex 1.5 -12.285103799048219 -18.114987366980984
    endloop
  endfacet
  facet normal 1 0 0
    outer loop
      vertex 1.5 -12.335002456144005 -17.981203889952262
      vertex 1.5 -12.285103799048219 -18.114987366980984
      vertex 1.5 -12.378478920843492 -17.84519767052429
    endloop
  endfacet
  facet normal 1 0 0
    outer loop
      vertex 1.5 -12.378478920843492 -17.84519767052429
      vertex 1.5 -12.285103799048219 -18.114987366980984
      vertex 1.5 -12.415434704970625 -17.70727680652828
    endloop
  endfacet
  facet normal 1 0 0
    outer loop
      vertex 1.5 -12.415434704970625 -17.70727680652828
      vertex 1.5 -12.469464325642798 -17.426944514819855
      vertex 1.5 -12.44578609178812 -17.567753733081233
    endloop
  endfacet
  facet normal 1 0 0
    outer loop
      vertex 1.5 -12.415434704970625 -17.70727680652828
      vertex 1.5 -12.098076211353316 -18.5
      vertex 1.5 -12.5 -17
    endloop
  endfacet
  facet normal 1 0 0
    outer loop
      vertex 1.5 -12.415434704970625 -17.70727680652828
      vertex 1.5 -12.285103799048219 -18.114987366980984
      vertex 1.5 -12.098076211353316 -18.5
    endloop
  endfacet
  facet normal 1 0 0
    outer loop
      vertex 1.5 -12.023760598493542 -18.621922452366793
      vertex 1.5 -11.943727856151007 -18.740170728713593
      vertex 1.5 -12.098076211353316 -18.5
    endloop
  endfacet
  facet normal 0 -0.7071067811865476 -0.7071067811865476
    outer loop
      vertex 1.4900000000000002 -11.67120211431521 -19.070237034446336
      vertex 1.4900000000000002 -11.570237034446336 -19.17120211431521
      vertex 1.5 -11.67120211431521 -19.070237034446336
    endloop
  endfacet
  facet normal 2.3853428523048195e-16 -0.7071067811865476 -0.7071067811865476
    outer loop
      vertex 1.5 -11.67120211431521 -19.070237034446336
      vertex 1.4900000000000002 -11.570237034446336 -19.17120211431521
      vertex 1.5 -11.570237034446336 -19.17120211431521
    endloop
  endfacet
  facet normal 0 -0.6726603737012543 -0.7399513643828822
    outer loop
      vertex 1.4900000000000002 -11.570237034446336 -19.17120211431521
      vertex 1.5 -11.464582201835857 -19.267248723062774
      vertex 1.5 -11.570237034446336 -19.17120211431521
    endloop
  endfacet
  facet normal 1 0 0
    outer loop
      vertex 1.5 -11.67120211431521 -19.070237034446336
      vertex 1.5 -11.570237034446336 -19.17120211431521
      vertex 1.5 -11.464582201835857 -19.267248723062774
    endloop
  endfacet
  facet normal 1 0 0
    outer loop
      vertex 1.5 -12.098076211353316 -18.5
      vertex 1.5 -11.67120211431521 -19.070237034446336
      vertex 1.5 -11 -19.598076211353316
    endloop
  endfacet
  facet normal -3.493062282464287e-16 -0.6726603737012543 -0.7399513643828822
    outer loop
      vertex 1.4900000000000002 -11.570237034446336 -19.17120211431521
      vertex 1.4900000000000002 -11.464582201835857 -19.267248723062774
      vertex 1.5 -11.464582201835857 -19.267248723062774
    endloop
  endfacet
  facet normal 1 0 0
    outer loop
      vertex 1.5 -11.67120211431521 -19.070237034446336
      vertex 1.5 -11.464582201835857 -19.267248723062774
      vertex 1.5 -11.354476958661817 -19.358159284228364
    endloop
  endfacet
  facet normal 0 -0.6366901741190956 -0.7711197197453816
    outer loop
      vertex 1.4900000000000002 -11.464582201835857 -19.267248723062774
      vertex 1.5 -11.354476958661817 -19.358159284228364
      vertex 1.5 -11.464582201835857 -19.267248723062774
    endloop
  endfacet
  facet normal -3.6759523216913504e-17 -0.6366901741190956 -0.7711197197453816
    outer loop
      vertex 1.4900000000000002 -11.464582201835857 -19.267248723062774
      vertex 1.4900000000000002 -11.354476958661817 -19.358159284228364
      vertex 1.5 -11.354476958661817 -19.358159284228364
    endloop
  endfacet
  facet normal 1 0 0
    outer loop
      vertex 1.5 -11.67120211431521 -19.070237034446336
      vertex 1.5 -11.354476958661817 -19.358159284228364
      vertex 1.5 -11 -19.598076211353316
    endloop
  endfacet
  facet normal 1 0 0
    outer loop
      vertex 1.5 -11.354476958661817 -19.358159284228364
      vertex 1.5 -11.240170728713593 -19.443727856151007
      vertex 1.5 -11.121922452366794 -19.523760598493542
    endloop
  endfacet
  facet normal 1 0 0
    outer loop
      vertex 1.5 -11.354476958661817 -19.358159284228364
      vertex 1.5 -11.121922452366794 -19.523760598493542
      vertex 1.5 -11 -19.598076211353316
    endloop
  endfacet
  facet normal 1.1271822999631668e-17 -0.5204678079730751 -0.8538812920211465
    outer loop
      vertex 1.4900000000000002 -11.121922452366794 -19.523760598493542
      vertex 1.4900000000000002 -11 -19.598076211353316
      vertex 1.5 -11 -19.598076211353316
    endloop
  endfacet
  facet normal 0 -0.5204678079730751 -0.8538812920211465
    outer loop
      vertex 1.4900000000000002 -11.121922452366794 -19.523760598493542
      vertex 1.5 -11 -19.598076211353316
      vertex 1.5 -11.121922452366794 -19.523760598493542
    endloop
  endfacet
  facet normal 0 -0.47924898672005045 -0.8776789895672591
    outer loop
      vertex 1.4900000000000002 -11 -19.598076211353316
      vertex 1.4900000000000002 -10.87467956518223 -19.66650634596477
      vertex 1.5 -11 -19.598076211353316
    endloop
  endfacet
  facet normal 1 0 0
    outer loop
      vertex 1.5 -12.415434704970625 -17.70727680652828
      vertex 1.5 -12.5 -17
      vertex 1.5 -12.469464325642798 -17.426944514819855
    endloop
  endfacet
  facet normal 1 0 0
    outer loop
      vertex 1.5 -12.469464325642798 -17.426944514819855
      vertex 1.5 -12.5 -17
      vertex 1.5 -12.486415767719254 -17.28516812991255
    endloop
  endfacet
  facet normal 1 0 0
    outer loop
      vertex 1.5 -12.486415767719254 -17.28516812991255
      vertex 1.5 -12.5 -17
      vertex 1.5 -12.496602017549023 -17.142745747471228
    endloop
  endfacet
  facet normal 0 -0.4369445123693738 -0.8994884619105962
    outer loop
      vertex 1.4900000000000002 -10.746245039005661 -19.728895986063556
      vertex 1.5 -10.746245039005661 -19.728895986063556
      vertex 1.5 -10.87467956518223 -19.66650634596477
    endloop
  endfacet
  facet normal 1 0 0
    outer loop
      vertex 1.5 -10.746245039005661 -19.728895986063556
      vertex 1.5 -10.614987366980982 -19.78510379904822
      vertex 1.5 -10.87467956518223 -19.66650634596477
    endloop
  endfacet
  facet normal 4.560096541783058e-16 -0.47924898672005045 -0.8776789895672591
    outer loop
      vertex 1.5 -11 -19.598076211353316
      vertex 1.4900000000000002 -10.87467956518223 -19.66650634596477
      vertex 1.5 -10.87467956518223 -19.66650634596477
    endloop
  endfacet
  facet normal -1.3810818668538298e-16 -0.4369445123693738 -0.8994884619105962
    outer loop
      vertex 1.4900000000000002 -10.746245039005661 -19.728895986063556
      vertex 1.5 -10.87467956518223 -19.66650634596477
      vertex 1.4900000000000002 -10.87467956518223 -19.66650634596477
    endloop
  endfacet
  facet normal 1 0 0
    outer loop
      vertex 1.5 -11 -19.598076211353316
      vertex 1.5 -10.87467956518223 -19.66650634596477
      vertex 1.5 -10.614987366980982 -19.78510379904822
    endloop
  endfacet
  facet normal -1.6452832349480871e-16 -0.39365021816193835 -0.919260303581667
    outer loop
      vertex 1.4900000000000002 -10.746245039005661 -19.728895986063556
      vertex 1.4900000000000002 -10.614987366980982 -19.78510379904822
      vertex 1.5 -10.614987366980982 -19.78510379904822
    endloop
  endfacet
  facet normal 0 -0.39365021816193835 -0.919260303581667
    outer loop
      vertex 1.4900000000000002 -10.746245039005661 -19.728895986063556
      vertex 1.5 -10.614987366980982 -19.78510379904822
      vertex 1.5 -10.746245039005661 -19.728895986063556
    endloop
  endfacet
  facet normal 1 0 0
    outer loop
      vertex 1.5 -11 -19.598076211353316
      vertex 1.5 -10.614987366980982 -19.78510379904822
      vertex 1.5 -10.20727680652828 -19.915434704970625
    endloop
  endfacet
  facet normal 0 -0.34946417959910103 -0.9369497249997608
    outer loop
      vertex 1.4900000000000002 -10.614987366980982 -19.78510379904822
      vertex 1.5 -10.481203889952264 -19.835002456144007
      vertex 1.5 -10.614987366980982 -19.78510379904822
    endloop
  endfacet
  facet normal 1 0 0
    outer loop
      vertex 1.5 -12.098076211353316 -18.5
      vertex 1.5 -11 -19.598076211353316
      vertex 1.5 -9.5 -20
    endloop
  endfacet
  facet normal 1 0 0
    outer loop
      vertex 1.5 -10.614987366980982 -19.78510379904822
      vertex 1.5 -10.481203889952264 -19.835002456144007
      vertex 1.5 -10.20727680652828 -19.915434704970625
    endloop
  endfacet
  facet normal 1 0 0
    outer loop
      vertex 1.5 -10.481203889952264 -19.835002456144007
      vertex 1.5 -10.34519767052429 -19.87847892084349
      vertex 1.5 -10.20727680652828 -19.915434704970625
    endloop
  endfacet
  facet normal 0 -0.21256528955296852 -0.9771468659711613
    outer loop
      vertex 1.4900000000000002 -10.20727680652828 -19.915434704970625
      vertex 1.4900000000000002 -10.067753733081233 -19.94578609178812
      vertex 1.5 -10.20727680652828 -19.915434704970625
    endloop
  endfacet
  facet normal 1 0 0
    outer loop
      vertex 1.5 -11 -19.598076211353316
      vertex 1.5 -10.20727680652828 -19.915434704970625
      vertex 1.5 -9.5 -20
    endloop
  endfacet
  facet normal 2.6572637459010096e-16 -0.21256528955296852 -0.9771468659711613
    outer loop
      vertex 1.5 -10.20727680652828 -19.915434704970625
      vertex 1.4900000000000002 -10.067753733081233 -19.94578609178812
      vertex 1.5 -10.067753733081233 -19.94578609178812
    endloop
  endfacet
  facet normal 1 0 0
    outer loop
      vertex 1.5 -10.20727680652828 -19.915434704970625
      vertex 1.5 -10.067753733081233 -19.94578609178812
      vertex 1.5 -9.785168129912547 -19.986415767719254
    endloop
  endfacet
  facet normal 1 0 0
    outer loop
      vertex 1.5 -10.067753733081233 -19.94578609178812
      vertex 1.5 -9.926944514819855 -19.969464325642797
      vertex 1.5 -9.785168129912547 -19.986415767719254
    endloop
  endfacet
  facet normal 1 0 0
    outer loop
      vertex 1.5 -10.20727680652828 -19.915434704970625
      vertex 1.5 -9.785168129912547 -19.986415767719254
      vertex 1.5 -9.5 -20
    endloop
  endfacet
  facet normal 0 -0.07133918319922165 -0.9974521146102542
    outer loop
      vertex 1.4900000000000002 -9.785168129912547 -19.986415767719254
      vertex 1.4900000000000002 -9.642745747471228 -19.996602017549023
      vertex 1.5 -9.785168129912547 -19.986415767719254
    endloop
  endfacet
  facet normal -2.0125907390581945e-17 -0.07133918319922165 -0.9974521146102542
    outer loop
      vertex 1.5 -9.785168129912547 -19.986415767719254
      vertex 1.4900000000000002 -9.642745747471228 -19.996602017549023
      vertex 1.5 -9.642745747471228 -19.996602017549023
    endloop
  endfacet
  facet normal 1 0 0
    outer loop
      vertex 1.5 -9.785168129912547 -19.986415767719254
      vertex 1.5 -9.642745747471228 -19.996602017549023
      vertex 1.5 -9.5 -20
    endloop
  endfacet
  facet normal 0 -0.023797697546114667 -0.9997167946931289
    outer loop
      vertex 1.4900000000000002 -9.642745747471228 -19.996602017549023
      vertex 1.5 -9.5 -20
      vertex 1.5 -9.642745747471228 -19.996602017549023
    endloop
  endfacet
  facet normal -1.707012486347682e-17 -0.023797697546114667 -0.9997167946931289
    outer loop
      vertex 1.4900000000000002 -9.642745747471228 -19.996602017549023
      vertex 1.4900000000000002 -9.5 -20
      vertex 1.5 -9.5 -20
    endloop
  endfacet
  facet normal 1 0 0
    outer loop
      vertex 1.5 -12.098076211353316 -18.5
      vertex 1.5 -9.188820645368942 -15.386271242968684
      vertex 1.5 -9.20609444167944 -15.328384222748234
    endloop
  endfacet
  facet normal 1 0 0
    outer loop
      vertex 1.5 -12.098076211353316 -18.5
      vertex 1.5 -9.20609444167944 -15.328384222748234
      vertex 1.5 -9.22055134853659 -15.269730245959757
    endloop
  endfacet
  facet normal 1 0 0
    outer loop
      vertex 1.5 -12.098076211353316 -18.5
      vertex 1.5 -9.22055134853659 -15.269730245959757
      vertex 1.5 -9.232157601164564 -15.210446301683799
    endloop
  endfacet
  facet normal 1 0 0
    outer loop
      vertex 1.5 -12.098076211353316 -18.5
      vertex 1.5 -9.232157601164564 -15.210446301683799
      vertex 1.5 -9.240886092622567 -15.150670850319154
    endloop
  endfacet
  facet normal 1 0 0
    outer loop
      vertex 1.5 -12.098076211353316 -18.5
      vertex 1.5 -9.240886092622567 -15.150670850319154
      vertex 1.5 -9.246716437114364 -15.090543500202202
    endloop
  endfacet
  facet normal 1 0 0
    outer loop
      vertex 1.5 -12.098076211353316 -18.5
      vertex 1.5 -9.246716437114364 -15.090543500202202
      vertex 1.5 -9.24963501760024 -15.030204681545165
    endloop
  endfacet
  facet normal 1 0 0
    outer loop
      vertex 1.5 -12.098076211353316 -18.5
      vertex 1.5 -9.24963501760024 -15.030204681545165
      vertex 1.5 -9.24963501760024 -14.969795318454835
    endloop
  endfacet
  facet normal 1 0 0
    outer loop
      vertex 1.5 -12.098076211353316 -18.5
      vertex 1.5 -9.24963501760024 -14.969795318454835
      vertex 1.5 -9.246716437114364 -14.909456499797798
    endloop
  endfacet
  facet normal 1 0 0
    outer loop
      vertex 1.5 -12.098076211353316 -18.5
      vertex 1.5 -9.246716437114364 -14.909456499797798
      vertex 1.5 -9.240886092622567 -14.849329149680846
    endloop
  endfacet
  facet normal 1 0 0
    outer loop
      vertex 1.5 -12.098076211353316 -18.5
      vertex 1.5 -9.240886092622567 -14.849329149680846
      vertex 1.5 -9.232157601164564 -14.789553698316201
    endloop
  endfacet
  facet normal 1 0 0
    outer loop
      vertex 1.5 -12.098076211353316 -18.5
      vertex 1.5 -9.232157601164564 -14.789553698316201
      vertex 1.5 -9.22055134853659 -14.730269754040243
    endloop
  endfacet
  facet normal 1 0 0
    outer loop
      vertex 1.5 -12.098076211353316 -18.5
      vertex 1.5 -9.22055134853659 -14.730269754040243
      vertex 1.5 -9.20609444167944 -14.671615777251766
    endloop
  endfacet
  facet normal 1 0 0
    outer loop
      vertex 1.5 -12.098076211353316 -18.5
      vertex 1.5 -9.20609444167944 -14.671615777251766
      vertex 1.5 -9.188820645368942 -14.613728757031316
    endloop
  endfacet
  facet normal 1 0 0
    outer loop
      vertex 1.5 -12.098076211353316 -18.5
      vertex 1.5 -8.580903965054711 -16.106820032066512
      vertex 1.5 -8.633699817266988 -16.07746208360006
    endloop
  endfacet
  facet normal 1 0 0
    outer loop
      vertex 1.5 -12.098076211353316 -18.5
      vertex 1.5 -9.061834918901901 -15.659550305132665
      vertex 1.5 -9.092460040783147 -15.60747926655326
    endloop
  endfacet
  facet normal 1 0 0
    outer loop
      vertex 1.5 -12.098076211353316 -18.5
      vertex 1.5 -9.02872983236707 -15.710080933413945
      vertex 1.5 -9.061834918901901 -15.659550305132665
    endloop
  endfacet
  facet normal 1 0 0
    outer loop
      vertex 1.5 -12.098076211353316 -18.5
      vertex 1.5 -8.915335833247218 -15.851269823483495
      vertex 1.5 -8.955394650682312 -15.806052765920214
    endloop
  endfacet
  facet normal 1 0 0
    outer loop
      vertex 1.5 -12.098076211353316 -18.5
      vertex 1.5 -8.873139206561172 -15.89449870093015
      vertex 1.5 -8.915335833247218 -15.851269823483495
    endloop
  endfacet
  facet normal 1 0 0
    outer loop
      vertex 1.5 -12.098076211353316 -18.5
      vertex 1.5 -8.993222099642193 -15.758953134773389
      vertex 1.5 -9.02872983236707 -15.710080933413945
    endloop
  endfacet
  facet normal 1 0 0
    outer loop
      vertex 1.5 -12.098076211353316 -18.5
      vertex 1.5 -8.955394650682312 -15.806052765920214
      vertex 1.5 -8.993222099642193 -15.758953134773389
    endloop
  endfacet
  facet normal 1 0 0
    outer loop
      vertex 1.5 -12.098076211353316 -18.5
      vertex 1.5 -9.12053367161963 -15.553989431999053
      vertex 1.5 -9.145990244145729 -15.49920572945712
    endloop
  endfacet
  facet normal 1 0 0
    outer loop
      vertex 1.5 -12.098076211353316 -18.5
      vertex 1.5 -9.145990244145729 -15.49920572945712
      vertex 1.5 -9.16877030335677 -15.443256108803169
    endloop
  endfacet
  facet normal 1 0 0
    outer loop
      vertex 1.5 -12.098076211353316 -18.5
      vertex 1.5 -9.16877030335677 -15.443256108803169
      vertex 1.5 -9.188820645368942 -15.386271242968684
    endloop
  endfacet
  facet normal 1 0 0
    outer loop
      vertex 1.5 -12.098076211353316 -18.5
      vertex 1.5 -9.092460040783147 -15.60747926655326
      vertex 1.5 -9.12053367161963 -15.553989431999053
    endloop
  endfacet
  facet normal 1 0 0
    outer loop
      vertex 1.5 -12.098076211353316 -18.5
      vertex 1.5 -8.828903322800993 -15.935638435213876
      vertex 1.5 -8.873139206561172 -15.89449870093015
    endloop
  endfacet
  facet normal 1 0 0
    outer loop
      vertex 1.5 -12.098076211353316 -18.5
      vertex 1.5 -8.782731496922892 -15.974592942579028
      vertex 1.5 -8.828903322800993 -15.935638435213876
    endloop
  endfacet
  facet normal 1 0 0
    outer loop
      vertex 1.5 -12.098076211353316 -18.5
      vertex 1.5 -8.73473156536559 -16.011271242968682
      vertex 1.5 -8.782731496922892 -15.974592942579028
    endloop
  endfacet
  facet normal 1 0 0
    outer loop
      vertex 1.5 -12.098076211353316 -18.5
      vertex 1.5 -8.685015634193338 -16.045587672512784
      vertex 1.5 -8.73473156536559 -16.011271242968682
    endloop
  endfacet
  facet normal 1 0 0
    outer loop
      vertex 1.5 -12.098076211353316 -18.5
      vertex 1.5 -8.633699817266988 -16.07746208360006
      vertex 1.5 -8.685015634193338 -16.045587672512784
    endloop
  endfacet
  facet normal 1 0 0
    outer loop
      vertex 1.5 -12.098076211353316 -18.5
      vertex 1.5 -8.526751384715661 -16.133592951063182
      vertex 1.5 -8.580903965054711 -16.106820032066512
    endloop
  endfacet
  facet normal 1 0 0
    outer loop
      vertex 1.5 -12.098076211353316 -18.5
      vertex 1.5 -8.4713685521104 -16.157718311197222
      vertex 1.5 -8.526751384715661 -16.133592951063182
    endloop
  endfacet
  facet normal 1 0 0
    outer loop
      vertex 1.5 -12.098076211353316 -18.5
      vertex 1.5 -8.357432097998363 -16.197807286386457
      vertex 1.5 -8.41488481641066 -16.179139766572177
    endloop
  endfacet
  facet normal 1 0 0
    outer loop
      vertex 1.5 -12.098076211353316 -18.5
      vertex 1.5 -8.41488481641066 -16.179139766572177
      vertex 1.5 -8.4713685521104 -16.157718311197222
    endloop
  endfacet
  facet normal 1 0 0
    outer loop
      vertex 1.5 -12.098076211353316 -18.5
      vertex 1.5 -8.299144580359448 -16.213677271782565
      vertex 1.5 -8.357432097998363 -16.197807286386457
    endloop
  endfacet
  facet normal 1 0 0
    outer loop
      vertex 1.5 -12.098076211353316 -18.5
      vertex 1.5 -8.240158396692136 -16.226712657674266
      vertex 1.5 -8.299144580359448 -16.213677271782565
    endloop
  endfacet
  facet normal 1 0 0
    outer loop
      vertex 1.5 -12.098076211353316 -18.5
      vertex 1.5 -8.180611311961528 -16.236882999313814
      vertex 1.5 -8.240158396692136 -16.226712657674266
    endloop
  endfacet
  facet normal 1 0 0
    outer loop
      vertex 1.5 -12.098076211353316 -18.5
      vertex 1.5 -8.120642401143144 -16.244164543397062
      vertex 1.5 -8.180611311961528 -16.236882999313814
    endloop
  endfacet
  facet normal 1 0 0
    outer loop
      vertex 1.5 -12.098076211353316 -18.5
      vertex 1.5 -8.060391724406884 -16.248540283540407
      vertex 1.5 -8.120642401143144 -16.244164543397062
    endloop
  endfacet
  facet normal 1 0 0
    outer loop
      vertex 1.5 -12.098076211353316 -18.5
      vertex 1.5 -8 -16.25
      vertex 1.5 -8.060391724406884 -16.248540283540407
    endloop
  endfacet
  facet normal 1 0 0
    outer loop
      vertex 1.5 -12.098076211353316 -18.5
      vertex 1.5 -9.188820645368942 -14.613728757031316
      vertex 1.5 -9.16877030335677 -14.556743891196831
    endloop
  endfacet
  facet normal 1 0 0
    outer loop
      vertex 1.5 -12.098076211353316 -18.5
      vertex 1.5 -9.16877030335677 -14.556743891196831
      vertex 1.5 -9.145990244145729 -14.50079427054288
    endloop
  endfacet
  facet normal 1 0 0
    outer loop
      vertex 1.5 -12.098076211353316 -18.5
      vertex 1.5 -9.145990244145729 -14.50079427054288
      vertex 1.5 -9.12053367161963 -14.446010568000947
    endloop
  endfacet
  facet normal 1 0 0
    outer loop
      vertex 1.5 -12.098076211353316 -18.5
      vertex 1.5 -9.12053367161963 -14.446010568000947
      vertex 1.5 -9.092460040783148 -14.392520733446743
    endloop
  endfacet
  facet normal 1 0 0
    outer loop
      vertex 1.5 -12.098076211353316 -18.5
      vertex 1.5 -9.092460040783148 -14.392520733446743
      vertex 1.5 -9.061834918901901 -14.340449694867335
    endloop
  endfacet
  facet normal 1 0 0
    outer loop
      vertex 1.5 -12.098076211353316 -18.5
      vertex 1.5 -9.061834918901901 -14.340449694867335
      vertex 1.5 -9.02872983236707 -14.289919066586055
    endloop
  endfacet
  facet normal 1 0 0
    outer loop
      vertex 1.5 -12.098076211353316 -18.5
      vertex 1.5 -9.02872983236707 -14.289919066586055
      vertex 1.5 -8.993222099642193 -14.241046865226611
    endloop
  endfacet
  facet normal 1 0 0
    outer loop
      vertex 1.5 -12.098076211353316 -18.5
      vertex 1.5 -7.939608275593116 -16.248540283540407
      vertex 1.5 -8 -16.25
    endloop
  endfacet
  facet normal 1 0 0
    outer loop
      vertex 1.5 -12.098076211353316 -18.5
      vertex 1.5 -7.879357598856856 -16.244164543397062
      vertex 1.5 -7.939608275593116 -16.248540283540407
    endloop
  endfacet
  facet normal 1 0 0
    outer loop
      vertex 1.5 -12.098076211353316 -18.5
      vertex 1.5 -7.819388688038473 -16.236882999313814
      vertex 1.5 -7.879357598856856 -16.244164543397062
    endloop
  endfacet
  facet normal 1 0 0
    outer loop
      vertex 1.5 -12.098076211353316 -18.5
      vertex 1.5 -7.759841603307865 -16.226712657674266
      vertex 1.5 -7.819388688038473 -16.236882999313814
    endloop
  endfacet
  facet normal 1 0 0
    outer loop
      vertex 1.5 -12.098076211353316 -18.5
      vertex 1.5 -7.700855419640553 -16.213677271782565
      vertex 1.5 -7.759841603307865 -16.226712657674266
    endloop
  endfacet
  facet normal 1 0 0
    outer loop
      vertex 1.5 -12.098076211353316 -18.5
      vertex 1.5 -7.642567902001638 -16.197807286386457
      vertex 1.5 -7.700855419640553 -16.213677271782565
    endloop
  endfacet
  facet normal 1 0 0
    outer loop
      vertex 1.5 -12.098076211353316 -18.5
      vertex 1.5 -7.585115183589339 -16.179139766572177
      vertex 1.5 -7.642567902001638 -16.197807286386457
    endloop
  endfacet
  facet normal 1 0 0
    outer loop
      vertex 1.5 -12.098076211353316 -18.5
      vertex 1.5 -7.5286314478896 -16.157718311197222
      vertex 1.5 -7.585115183589339 -16.179139766572177
    endloop
  endfacet
  facet normal 1 0 0
    outer loop
      vertex 1.5 -12.098076211353316 -18.5
      vertex 1.5 -7.473248615284339 -16.133592951063182
      vertex 1.5 -7.5286314478896 -16.157718311197222
    endloop
  endfacet
  facet normal 1 0 0
    outer loop
      vertex 1.5 -12.098076211353316 -18.5
      vertex 1.5 -7.419096034945289 -16.106820032066512
      vertex 1.5 -7.473248615284339 -16.133592951063182
    endloop
  endfacet
  facet normal 1 0 0
    outer loop
      vertex 1.5 -12.098076211353316 -18.5
      vertex 1.5 -12.496602017549023 17.142745747471228
      vertex 1.5 -12.5 -17
    endloop
  endfacet
  facet normal 1 0 0
    outer loop
      vertex 1.5 -12.098076211353316 -18.5
      vertex 1.5 -9.5 -20
      vertex 1.5 12.023760598493544 -18.621922452366793
    endloop
  endfacet
  facet normal 1 0 0
    outer loop
      vertex 1.5 -12.098076211353316 -18.5
      vertex 1.5 7.217268503077108 -15.974592942579028
      vertex 1.5 -7.419096034945289 -16.106820032066512
    endloop
  endfacet
  facet normal 1 0 0
    outer loop
      vertex 1.5 -7.366300182733012 -16.07746208360006
      vertex 1.5 -7.419096034945289 -16.106820032066512
      vertex 1.5 7.217268503077108 -15.974592942579028
    endloop
  endfacet
  facet normal 1 0 0
    outer loop
      vertex 1.5 -7.314984365806662 -16.045587672512784
      vertex 1.5 -7.366300182733012 -16.07746208360006
      vertex 1.5 7.217268503077108 -15.974592942579028
    endloop
  endfacet
  facet normal 1 0 0
    outer loop
      vertex 1.5 -7.265268434634408 -16.011271242968682
      vertex 1.5 -7.314984365806662 -16.045587672512784
      vertex 1.5 7.217268503077108 -15.974592942579028
    endloop
  endfacet
  facet normal 1 0 0
    outer loop
      vertex 1.5 -7.217268503077108 -15.974592942579028
      vertex 1.5 -7.265268434634408 -16.011271242968682
      vertex 1.5 7.217268503077108 -15.974592942579028
    endloop
  endfacet
  facet normal 1 0 0
    outer loop
      vertex 1.5 -7.171096677199006 -15.935638435213876
      vertex 1.5 -7.217268503077108 -15.974592942579028
      vertex 1.5 7.171096677199006 -15.935638435213876
    endloop
  endfacet
  facet normal 1 0 0
    outer loop
      vertex 1.5 -7.126860793438829 -15.894498700930152
      vertex 1.5 -7.171096677199006 -15.935638435213876
      vertex 1.5 7.126860793438828 -15.89449870093015
    endloop
  endfacet
  facet normal 1 0 0
    outer loop
      vertex 1.5 -7.126860793438829 -15.894498700930152
      vertex 1.5 7.084664166752782 -15.851269823483495
      vertex 1.5 -7.084664166752783 -15.851269823483497
    endloop
  endfacet
  facet normal 1 0 0
    outer loop
      vertex 1.5 -7.084664166752783 -15.851269823483497
      vertex 1.5 7.044605349317689 -15.806052765920214
      vertex 1.5 -7.04460534931769 -15.806052765920214
    endloop
  endfacet
  facet normal 1 0 0
    outer loop
      vertex 1.5 -7.04460534931769 -15.806052765920214
      vertex 1.5 7.006777900357807 -15.758953134773389
      vertex 1.5 -7.0067779003578075 -15.758953134773389
    endloop
  endfacet
  facet normal 1 0 0
    outer loop
      vertex 1.5 -7.0067779003578075 -15.758953134773389
      vertex 1.5 6.97127016763293 -15.710080933413945
      vertex 1.5 -6.971270167632929 -15.710080933413945
    endloop
  endfacet
  facet normal 1 0 0
    outer loop
      vertex 1.5 -6.971270167632929 -15.710080933413945
      vertex 1.5 6.938165081098099 -15.659550305132665
      vertex 1.5 -6.938165081098099 -15.659550305132665
    endloop
  endfacet
  facet normal 1 0 0
    outer loop
      vertex 1.5 -6.938165081098099 -15.659550305132665
      vertex 1.5 6.9075399592168525 -15.60747926655326
      vertex 1.5 -6.9075399592168525 -15.607479266553257
    endloop
  endfacet
  facet normal 1 0 0
    outer loop
      vertex 1.5 -6.9075399592168525 -15.607479266553257
      vertex 1.5 6.879466328380371 -15.553989431999053
      vertex 1.5 -6.879466328380371 -15.553989431999051
    endloop
  endfacet
  facet normal 1 0 0
    outer loop
      vertex 1.5 -6.879466328380371 -15.553989431999051
      vertex 1.5 6.854009755854272 -15.49920572945712
      vertex 1.5 -6.854009755854272 -15.49920572945712
    endloop
  endfacet
  facet normal 1 0 0
    outer loop
      vertex 1.5 -6.854009755854272 -15.49920572945712
      vertex 1.5 6.8312296966432315 -15.443256108803169
      vertex 1.5 -6.8312296966432315 -15.443256108803169
    endloop
  endfacet
  facet normal 1 0 0
    outer loop
      vertex 1.5 -6.8312296966432315 -15.443256108803169
      vertex 1.5 6.811179354631058 -15.386271242968684
      vertex 1.5 -6.811179354631058 -15.386271242968684
    endloop
  endfacet
  facet normal 1 0 0
    outer loop
      vertex 1.5 -6.811179354631058 -15.386271242968684
      vertex 1.5 6.793905558320561 -15.328384222748234
      vertex 1.5 -6.793905558320561 -15.328384222748234
    endloop
  endfacet
  facet normal 1 0 0
    outer loop
      vertex 1.5 -6.793905558320561 -15.328384222748234
      vertex 1.5 6.77944865146341 -15.269730245959757
      vertex 1.5 -6.77944865146341 -15.269730245959757
    endloop
  endfacet
  facet normal 1 0 0
    outer loop
      vertex 1.5 -6.77944865146341 -15.269730245959757
      vertex 1.5 6.767842398835437 -15.210446301683799
      vertex 1.5 -6.767842398835437 -15.210446301683799
    endloop
  endfacet
  facet normal 1 0 0
    outer loop
      vertex 1.5 -6.767842398835437 -15.210446301683799
      vertex 1.5 6.759113907377433 -15.150670850319154
      vertex 1.5 -6.759113907377433 -15.150670850319154
    endloop
  endfacet
  facet normal 1 0 0
    outer loop
      vertex 1.5 -6.759113907377433 -15.150670850319154
      vertex 1.5 6.7532835628856365 -15.090543500202202
      vertex 1.5 -6.7532835628856365 -15.090543500202203
    endloop
  endfacet
  facet normal 1 0 0
    outer loop
      vertex 1.5 -6.7532835628856365 -15.090543500202203
      vertex 1.5 6.750364982399759 -15.030204681545165
      vertex 1.5 -6.750364982399759 -15.030204681545165
    endloop
  endfacet
  facet normal 1 0 0
    outer loop
      vertex 1.5 -7.04460534931769 -14.193947234079786
      vertex 1.5 7.084664166752783 -14.148730176516503
      vertex 1.5 -7.084664166752783 -14.148730176516503
    endloop
  endfacet
  facet normal 1 0 0
    outer loop
      vertex 1.5 -7.171096677199006 -14.064361564786124
      vertex 1.5 -7.126860793438828 -14.10550129906985
      vertex 1.5 7.171096677199006 -14.064361564786124
    endloop
  endfacet
  facet normal 1 0 0
    outer loop
      vertex 1.5 -7.084664166752783 -14.148730176516503
      vertex 1.5 7.126860793438828 -14.10550129906985
      vertex 1.5 -7.126860793438828 -14.10550129906985
    endloop
  endfacet
  facet normal 1 0 0
    outer loop
      vertex 1.5 -6.750364982399759 -15.030204681545165
      vertex 1.5 6.750364982399759 -14.969795318454835
      vertex 1.5 -6.750364982399759 -14.969795318454835
    endloop
  endfacet
  facet normal 1 0 0
    outer loop
      vertex 1.5 -6.750364982399759 -14.969795318454835
      vertex 1.5 6.7532835628856365 -14.909456499797798
      vertex 1.5 -6.7532835628856365 -14.909456499797797
    endloop
  endfacet
  facet normal 1 0 0
    outer loop
      vertex 1.5 -6.7532835628856365 -14.909456499797797
      vertex 1.5 6.759113907377433 -14.849329149680846
      vertex 1.5 -6.759113907377433 -14.849329149680846
    endloop
  endfacet
  facet normal 1 0 0
    outer loop
      vertex 1.5 -6.759113907377433 -14.849329149680846
      vertex 1.5 6.767842398835437 -14.789553698316201
      vertex 1.5 -6.767842398835437 -14.789553698316201
    endloop
  endfacet
  facet normal 1 0 0
    outer loop
      vertex 1.5 -6.767842398835437 -14.789553698316201
      vertex 1.5 6.77944865146341 -14.730269754040243
      vertex 1.5 -6.77944865146341 -14.730269754040243
    endloop
  endfacet
  facet normal 1 0 0
    outer loop
      vertex 1.5 -6.77944865146341 -14.730269754040243
      vertex 1.5 6.793905558320561 -14.671615777251766
      vertex 1.5 -6.793905558320561 -14.671615777251766
    endloop
  endfacet
  facet normal 1 0 0
    outer loop
      vertex 1.5 -6.793905558320561 -14.671615777251766
      vertex 1.5 6.811179354631058 -14.613728757031316
      vertex 1.5 -6.811179354631058 -14.613728757031316
    endloop
  endfacet
  facet normal 1 0 0
    outer loop
      vertex 1.5 -6.811179354631058 -14.613728757031316
      vertex 1.5 6.8312296966432315 -14.556743891196831
      vertex 1.5 -6.8312296966432315 -14.556743891196831
    endloop
  endfacet
  facet normal 1 0 0
    outer loop
      vertex 1.5 -6.8312296966432315 -14.556743891196831
      vertex 1.5 6.854009755854272 -14.50079427054288
      vertex 1.5 -6.854009755854272 -14.50079427054288
    endloop
  endfacet
  facet normal 1 0 0
    outer loop
      vertex 1.5 -6.854009755854272 -14.50079427054288
      vertex 1.5 6.879466328380371 -14.446010568000947
      vertex 1.5 -6.879466328380371 -14.446010568000949
    endloop
  endfacet
  facet normal 1 0 0
    outer loop
      vertex 1.5 -6.879466328380371 -14.446010568000949
      vertex 1.5 6.9075399592168525 -14.392520733446743
      vertex 1.5 -6.9075399592168525 -14.392520733446743
    endloop
  endfacet
  facet normal 1 0 0
    outer loop
      vertex 1.5 -6.9075399592168525 -14.392520733446743
      vertex 1.5 6.938165081098099 -14.340449694867335
      vertex 1.5 -6.938165081098099 -14.340449694867335
    endloop
  endfacet
  facet normal 1 0 0
    outer loop
      vertex 1.5 -6.938165081098099 -14.340449694867335
      vertex 1.5 6.971270167632929 -14.289919066586055
      vertex 1.5 -6.971270167632929 -14.289919066586055
    endloop
  endfacet
  facet normal 1 0 0
    outer loop
      vertex 1.5 -6.971270167632929 -14.289919066586055
      vertex 1.5 7.0067779003578075 -14.241046865226611
      vertex 1.5 -7.0067779003578075 -14.241046865226611
    endloop
  endfacet
  facet normal 1 0 0
    outer loop
      vertex 1.5 -7.0067779003578075 -14.241046865226611
      vertex 1.5 7.04460534931769 -14.193947234079786
      vertex 1.5 -7.04460534931769 -14.193947234079786
    endloop
  endfacet
  facet normal 1 0 0
    outer loop
      vertex 1.5 -12.098076211353316 -18.5
      vertex 1.5 -8.993222099642193 -14.241046865226611
      vertex 1.5 12.098076211353316 18.5
    endloop
  endfacet
  facet normal 1 0 0
    outer loop
      vertex 1.5 12.098076211353316 18.5
      vertex 1.5 -8.993222099642193 -14.241046865226611
      vertex 1.5 -8.95539465068231 -14.193947234079786
    endloop
  endfacet
  facet normal 1 0 0
    outer loop
      vertex 1.5 12.098076211353316 18.5
      vertex 1.5 -8.95539465068231 -14.193947234079786
      vertex 1.5 -8.915335833247216 -14.148730176516503
    endloop
  endfacet
  facet normal 1 0 0
    outer loop
      vertex 1.5 12.098076211353316 18.5
      vertex 1.5 -8.915335833247216 -14.148730176516503
      vertex 1.5 -8.873139206561172 -14.10550129906985
    endloop
  endfacet
  facet normal 1 0 0
    outer loop
      vertex 1.5 12.098076211353316 18.5
      vertex 1.5 -8.873139206561172 -14.10550129906985
      vertex 1.5 -8.828903322800993 -14.064361564786124
    endloop
  endfacet
  facet normal 1 0 0
    outer loop
      vertex 1.5 12.098076211353316 18.5
      vertex 1.5 -8.828903322800993 -14.064361564786124
      vertex 1.5 -8.782731496922892 -14.025407057420972
    endloop
  endfacet
  facet normal 1 0 0
    outer loop
      vertex 1.5 12.098076211353316 18.5
      vertex 1.5 -8.782731496922892 -14.025407057420972
      vertex 1.5 -8.73473156536559 -13.988728757031316
    endloop
  endfacet
  facet normal 1 0 0
    outer loop
      vertex 1.5 12.098076211353316 18.5
      vertex 1.5 -8.73473156536559 -13.988728757031316
      vertex 1.5 -8.685015634193338 -13.954412327487216
    endloop
  endfacet
  facet normal 1 0 0
    outer loop
      vertex 1.5 12.098076211353316 18.5
      vertex 1.5 -8.685015634193338 -13.954412327487216
      vertex 1.5 -8.633699817266988 -13.92253791639994
    endloop
  endfacet
  facet normal 1 0 0
    outer loop
      vertex 1.5 12.098076211353316 18.5
      vertex 1.5 -8.633699817266988 -13.92253791639994
      vertex 1.5 -8.580903965054711 -13.893179967933488
    endloop
  endfacet
  facet normal 1 0 0
    outer loop
      vertex 1.5 12.098076211353316 18.5
      vertex 1.5 -8.580903965054711 -13.893179967933488
      vertex 1.5 -8.526751384715661 -13.866407048936818
    endloop
  endfacet
  facet normal 1 0 0
    outer loop
      vertex 1.5 12.098076211353316 18.5
      vertex 1.5 -8.526751384715661 -13.866407048936818
      vertex 1.5 -8.4713685521104 -13.84228168880278
    endloop
  endfacet
  facet normal 1 0 0
    outer loop
      vertex 1.5 12.098076211353316 18.5
      vertex 1.5 -8.4713685521104 -13.84228168880278
      vertex 1.5 -8.41488481641066 -13.82086023342782
    endloop
  endfacet
  facet normal 1 0 0
    outer loop
      vertex 1.5 12.098076211353316 18.5
      vertex 1.5 -8.41488481641066 -13.82086023342782
      vertex 1.5 -8.35743209799836 -13.802192713613543
    endloop
  endfacet
  facet normal 1 0 0
    outer loop
      vertex 1.5 12.098076211353316 18.5
      vertex 1.5 -8.35743209799836 -13.802192713613543
      vertex 1.5 -8.299144580359448 -13.786322728217435
    endloop
  endfacet
  facet normal 1 0 0
    outer loop
      vertex 1.5 12.098076211353316 18.5
      vertex 1.5 -8.299144580359448 -13.786322728217435
      vertex 1.5 -8.240158396692136 -13.773287342325734
    endloop
  endfacet
  facet normal 1 0 0
    outer loop
      vertex 1.5 12.098076211353316 18.5
      vertex 1.5 -8.240158396692136 -13.773287342325734
      vertex 1.5 -8.180611311961528 -13.763117000686186
    endloop
  endfacet
  facet normal 1 0 0
    outer loop
      vertex 1.5 12.098076211353316 18.5
      vertex 1.5 -8.180611311961528 -13.763117000686186
      vertex 1.5 -8.120642401143144 -13.75583545660294
    endloop
  endfacet
  facet normal 1 0 0
    outer loop
      vertex 1.5 12.098076211353316 18.5
      vertex 1.5 -8.120642401143144 -13.75583545660294
      vertex 1.5 -8.060391724406884 -13.751459716459593
    endloop
  endfacet
  facet normal 1 0 0
    outer loop
      vertex 1.5 12.098076211353316 18.5
      vertex 1.5 -8.060391724406884 -13.751459716459593
      vertex 1.5 -8 -13.75
    endloop
  endfacet
  facet normal 1 0 0
    outer loop
      vertex 1.5 12.098076211353316 18.5
      vertex 1.5 -8 -13.75
      vertex 1.5 -7.939608275593116 -13.751459716459593
    endloop
  endfacet
  facet normal 1 0 0
    outer loop
      vertex 1.5 12.098076211353316 18.5
      vertex 1.5 -7.939608275593116 -13.751459716459593
      vertex 1.5 -7.879357598856856 -13.75583545660294
    endloop
  endfacet
  facet normal 1 0 0
    outer loop
      vertex 1.5 12.098076211353316 18.5
      vertex 1.5 -7.879357598856856 -13.75583545660294
      vertex 1.5 -7.819388688038473 -13.763117000686186
    endloop
  endfacet
  facet normal 1 0 0
    outer loop
      vertex 1.5 12.098076211353316 18.5
      vertex 1.5 -7.366300182733013 -13.92253791639994
      vertex 1.5 -7.314984365806662 -13.954412327487216
    endloop
  endfacet
  facet normal 1 0 0
    outer loop
      vertex 1.5 12.098076211353316 18.5
      vertex 1.5 -7.314984365806662 -13.954412327487216
      vertex 1.5 -7.265268434634408 -13.988728757031316
    endloop
  endfacet
  facet normal 1 0 0
    outer loop
      vertex 1.5 12.098076211353316 18.5
      vertex 1.5 -7.265268434634408 -13.988728757031316
      vertex 1.5 -7.217268503077108 -14.025407057420972
    endloop
  endfacet
  facet normal 1 0 0
    outer loop
      vertex 1.5 12.098076211353316 18.5
      vertex 1.5 -7.819388688038473 -13.763117000686186
      vertex 1.5 -7.759841603307865 -13.773287342325734
    endloop
  endfacet
  facet normal 1 0 0
    outer loop
      vertex 1.5 12.098076211353316 18.5
      vertex 1.5 -7.759841603307865 -13.773287342325734
      vertex 1.5 -7.700855419640553 -13.786322728217435
    endloop
  endfacet
  facet normal 1 0 0
    outer loop
      vertex 1.5 12.098076211353316 18.5
      vertex 1.5 -7.700855419640553 -13.786322728217435
      vertex 1.5 -7.642567902001638 -13.802192713613543
    endloop
  endfacet
  facet normal 1 0 0
    outer loop
      vertex 1.5 12.098076211353316 18.5
      vertex 1.5 -7.642567902001638 -13.802192713613543
      vertex 1.5 -7.585115183589339 -13.82086023342782
    endloop
  endfacet
  facet normal 1 0 0
    outer loop
      vertex 1.5 12.098076211353316 18.5
      vertex 1.5 -7.585115183589339 -13.82086023342782
      vertex 1.5 -7.528631447889599 -13.84228168880278
    endloop
  endfacet
  facet normal 1 0 0
    outer loop
      vertex 1.5 12.098076211353316 18.5
      vertex 1.5 -7.528631447889599 -13.84228168880278
      vertex 1.5 -7.473248615284339 -13.866407048936818
    endloop
  endfacet
  facet normal 1 0 0
    outer loop
      vertex 1.5 12.098076211353316 18.5
      vertex 1.5 -7.473248615284339 -13.866407048936818
      vertex 1.5 -7.41909603494529 -13.893179967933488
    endloop
  endfacet
  facet normal 1 0 0
    outer loop
      vertex 1.5 12.098076211353316 18.5
      vertex 1.5 -7.41909603494529 -13.893179967933488
      vertex 1.5 -7.366300182733013 -13.92253791639994
    endloop
  endfacet
  facet normal 1 0 0
    outer loop
      vertex 1.5 12.098076211353316 18.5
      vertex 1.5 -7.217268503077108 -14.025407057420972
      vertex 1.5 -7.171096677199006 -14.064361564786124
    endloop
  endfacet
  facet normal 0 -0.9997167946931288 0.023797697546114664
    outer loop
      vertex -1.5 -12.496602017549023 17.142745747471228
      vertex 1.4900000000000002 -12.5 17
      vertex 1.5 -12.496602017549023 17.142745747471228
    endloop
  endfacet
  facet normal 0 -0.9974521146102544 0.07133918319922078
    outer loop
      vertex -1.5 -12.486415767719254 17.28516812991255
      vertex 1.5 -12.496602017549023 17.142745747471228
      vertex 1.5 -12.486415767719254 17.28516812991255
    endloop
  endfacet
  facet normal 0 -0.9929278846732879 0.11871906265730922
    outer loop
      vertex -1.5 -12.486415767719254 17.28516812991255
      vertex 1.5 -12.486415767719254 17.28516812991255
      vertex 1.5 -12.469464325642798 17.426944514819855
    endloop
  endfacet
  facet normal 0 -0.986154353718187 0.16583000525437153
    outer loop
      vertex -1.5 -12.44578609178812 17.567753733081233
      vertex 1.5 -12.469464325642798 17.426944514819855
      vertex 1.5 -12.44578609178812 17.567753733081233
    endloop
  endfacet
  facet normal 0 -0.9771468659711587 0.2125652895529804
    outer loop
      vertex -1.5 -12.44578609178812 17.567753733081233
      vertex 1.5 -12.44578609178812 17.567753733081233
      vertex 1.5 -12.415434704970625 17.70727680652828
    endloop
  endfacet
  facet normal 0 -0.9659258262890672 0.2588190451025247
    outer loop
      vertex -1.5 -12.378478920843492 17.84519767052429
      vertex 1.5 -12.415434704970625 17.70727680652828
      vertex 1.5 -12.378478920843492 17.84519767052429
    endloop
  endfacet
  facet normal 0 -0.9525166539358622 0.304486492269902
    outer loop
      vertex -1.5 -12.335002456144005 17.981203889952265
      vertex 1.5 -12.378478920843492 17.84519767052429
      vertex 1.5 -12.335002456144005 17.981203889952265
    endloop
  endfacet
  facet normal 0 -0.9369497249997648 0.3494641795990901
    outer loop
      vertex -1.4900000000000002 -12.285103799048219 18.114987366980984
      vertex 1.5 -12.335002456144005 17.981203889952265
      vertex 1.5 -12.285103799048219 18.114987366980984
    endloop
  endfacet
  facet normal 0 -0.9192603035816611 0.3936502181619518
    outer loop
      vertex -1.4900000000000002 -12.285103799048219 18.114987366980984
      vertex 1.5 -12.285103799048219 18.114987366980984
      vertex 1.5 -12.228895986063556 18.246245039005657
    endloop
  endfacet
  facet normal 0 -0.899488461910601 0.43694451236936405
    outer loop
      vertex -1.5 -12.16650634596477 18.37467956518223
      vertex 1.5 -12.228895986063556 18.246245039005657
      vertex 1.5 -12.16650634596477 18.37467956518223
    endloop
  endfacet
  facet normal 0 -0.877678989567259 0.47924898672005045
    outer loop
      vertex -1.5 -12.16650634596477 18.37467956518223
      vertex 1.5 -12.16650634596477 18.37467956518223
      vertex 1.5 -12.098076211353316 18.5
    endloop
  endfacet
  facet normal 0 -0.8538812920211486 0.5204678079730716
    outer loop
      vertex -1.5 -12.098076211353316 18.5
      vertex 1.5 -12.098076211353316 18.5
      vertex 1.5 -12.023760598493544 18.621922452366793
    endloop
  endfacet
  facet normal 0 -0.8281492787113672 0.5605076022408992
    outer loop
      vertex -1.5 -12.023760598493544 18.621922452366793
      vertex 1.5 -12.023760598493544 18.621922452366793
      vertex 1.5 -11.943727856151007 18.740170728713593
    endloop
  endfacet
  facet normal 0 -0.8005412409243658 0.5992776665113398
    outer loop
      vertex -1.4900000000000002 -11.858159284228362 18.854476958661817
      vertex 1.5 -11.943727856151007 18.740170728713593
      vertex 1.5 -11.858159284228362 18.854476958661817
    endloop
  endfacet
  facet normal 0 -0.7711197197453877 0.6366901741190881
    outer loop
      vertex -1.4900000000000002 -11.767248723062774 18.964582201835857
      vertex 1.5 -11.858159284228362 18.854476958661817
      vertex 1.5 -11.767248723062774 18.964582201835857
    endloop
  endfacet
  facet normal 0 -0.7399513643828821 0.6726603737012544
    outer loop
      vertex -1.4900000000000002 -11.767248723062774 18.964582201835857
      vertex 1.5 -11.767248723062774 18.964582201835857
      vertex 1.5 -11.67120211431521 19.070237034446336
    endloop
  endfacet
  facet normal 0 -0.7071067811865476 0.7071067811865476
    outer loop
      vertex -1.5 -11.570237034446336 19.17120211431521
      vertex 1.5 -11.67120211431521 19.070237034446336
      vertex 1.5 -11.570237034446336 19.17120211431521
    endloop
  endfacet
  facet normal 0 -0.6726603737012482 0.7399513643828878
    outer loop
      vertex -1.5 -11.464582201835855 19.267248723062774
      vertex 1.5 -11.570237034446336 19.17120211431521
      vertex 1.5 -11.464582201835855 19.267248723062774
    endloop
  endfacet
  facet normal 0 -0.6366901741191017 0.7711197197453766
    outer loop
      vertex -1.5 -11.464582201835855 19.267248723062774
      vertex 1.5 -11.464582201835855 19.267248723062774
      vertex 1.5 -11.354476958661817 19.358159284228364
    endloop
  endfacet
  facet normal 0 -0.5992776665113378 0.8005412409243672
    outer loop
      vertex -1.5 -11.354476958661817 19.358159284228364
      vertex 1.5 -11.354476958661817 19.358159284228364
      vertex 1.4900000000000002 -11.240170728713595 19.443727856151007
    endloop
  endfacet
  facet normal 0 -0.560507602240902 0.8281492787113655
    outer loop
      vertex -1.5 -11.121922452366793 19.523760598493546
      vertex 1.4900000000000002 -11.240170728713595 19.443727856151007
      vertex 1.5 -11.121922452366793 19.523760598493546
    endloop
  endfacet
  facet normal 0 -0.5204678079730625 0.8538812920211541
    outer loop
      vertex -1.5 -11.121922452366793 19.523760598493546
      vertex 1.5 -11.121922452366793 19.523760598493546
      vertex 1.4900000000000002 -11 19.598076211353316
    endloop
  endfacet
  facet normal -5.440394026554836e-16 -0.4792489867200564 0.8776789895672559
    outer loop
      vertex -1.5 -10.874679565182232 19.66650634596477
      vertex 1.4900000000000002 -11 19.598076211353316
      vertex 1.5 -11 19.598076211353316
    endloop
  endfacet
  facet normal 0 -0.4792489867200558 0.8776789895672562
    outer loop
      vertex -1.5 -10.874679565182232 19.66650634596477
      vertex 1.5 -11 19.598076211353316
      vertex 1.5 -10.874679565182232 19.66650634596477
    endloop
  endfacet
  facet normal 0 -0.43694451236936405 0.899488461910601
    outer loop
      vertex -1.5 -10.874679565182232 19.66650634596477
      vertex 1.5 -10.874679565182232 19.66650634596477
      vertex 1.5 -10.74624503900566 19.728895986063556
    endloop
  endfacet
  facet normal 0 -0.3936502181619428 0.9192603035816649
    outer loop
      vertex -1.5 -10.614987366980982 19.78510379904822
      vertex 1.5 -10.74624503900566 19.728895986063556
      vertex 1.5 -10.614987366980982 19.78510379904822
    endloop
  endfacet
  facet normal 0 -0.3494641795990832 0.9369497249997674
    outer loop
      vertex -1.5 -10.481203889952265 19.835002456144004
      vertex 1.5 -10.614987366980982 19.78510379904822
      vertex 1.5 -10.481203889952265 19.835002456144004
    endloop
  endfacet
  facet normal 0 -0.3044864922699133 0.9525166539358585
    outer loop
      vertex -1.5 -10.481203889952265 19.835002456144004
      vertex 1.5 -10.481203889952265 19.835002456144004
      vertex 1.5 -10.34519767052429 19.87847892084349
    endloop
  endfacet
  facet normal 0 -0.2588190451025247 0.9659258262890672
    outer loop
      vertex -1.5 -10.34519767052429 19.87847892084349
      vertex 1.5 -10.34519767052429 19.87847892084349
      vertex 1.4900000000000002 -10.20727680652828 19.915434704970625
    endloop
  endfacet
  facet normal 0 -0.21256528955298967 0.9771468659711566
    outer loop
      vertex -1.5 -10.067753733081231 19.945786091788122
      vertex 1.4900000000000002 -10.20727680652828 19.915434704970625
      vertex 1.5 -10.067753733081231 19.945786091788122
    endloop
  endfacet
  facet normal 0 -0.16583000525434935 0.9861543537181907
    outer loop
      vertex -1.5 -9.926944514819855 19.969464325642797
      vertex 1.5 -10.067753733081231 19.945786091788122
      vertex 1.5 -9.926944514819855 19.969464325642797
    endloop
  endfacet
  facet normal 0 -0.11871906265732148 0.9929278846732863
    outer loop
      vertex -1.5 -9.926944514819855 19.969464325642797
      vertex 1.5 -9.926944514819855 19.969464325642797
      vertex 1.5 -9.785168129912549 19.986415767719254
    endloop
  endfacet
  facet normal 0 -0.07133918319921989 0.9974521146102544
    outer loop
      vertex -1.5 -9.785168129912549 19.986415767719254
      vertex 1.5 -9.785168129912549 19.986415767719254
      vertex 1.5 -9.642745747471226 19.996602017549023
    endloop
  endfacet
  facet normal 0 -0.023797697546114962 0.9997167946931289
    outer loop
      vertex -1.5 -9.5 20
      vertex 1.5 -9.642745747471226 19.996602017549023
      vertex 1.5 -9.5 20
    endloop
  endfacet
  facet normal 0 0 1
    outer loop
      vertex -1.5 -9.5 20
      vertex 1.5 -9.5 20
      vertex 1.5 9.5 20
    endloop
  endfacet
  facet normal 0 -1 0
    outer loop
      vertex 1.5 -12.5 -17
      vertex 1.5 -12.5 17
      vertex 1.4900000000000002 -12.5 17
    endloop
  endfacet
  facet normal 1 0 0
    outer loop
      vertex 1.5 -12.5 -17
      vertex 1.5 -12.496602017549023 17.142745747471228
      vertex 1.5 -12.5 17
    endloop
  endfacet
  facet normal 1 0 0
    outer loop
      vertex 1.5 -12.098076211353316 -18.5
      vertex 1.5 -12.023760598493544 18.621922452366793
      vertex 1.5 -12.496602017549023 17.142745747471228
    endloop
  endfacet
  facet normal 0 -0.9997167946931289 0.023797697546114667
    outer loop
      vertex 1.4900000000000002 -12.5 17
      vertex 1.5 -12.5 17
      vertex 1.5 -12.496602017549023 17.142745747471228
    endloop
  endfacet
  facet normal 1 0 0
    outer loop
      vertex 1.5 -12.496602017549023 17.142745747471228
      vertex 1.5 -12.469464325642798 17.426944514819855
      vertex 1.5 -12.486415767719254 17.28516812991255
    endloop
  endfacet
  facet normal 1 0 0
    outer loop
      vertex 1.5 -12.496602017549023 17.142745747471228
      vertex 1.5 -12.378478920843492 17.84519767052429
      vertex 1.5 -12.469464325642798 17.426944514819855
    endloop
  endfacet
  facet normal 1 0 0
    outer loop
      vertex 1.5 -12.469464325642798 17.426944514819855
      vertex 1.5 -12.415434704970625 17.70727680652828
      vertex 1.5 -12.44578609178812 17.567753733081233
    endloop
  endfacet
  facet normal 1 0 0
    outer loop
      vertex 1.5 -12.469464325642798 17.426944514819855
      vertex 1.5 -12.378478920843492 17.84519767052429
      vertex 1.5 -12.415434704970625 17.70727680652828
    endloop
  endfacet
  facet normal 1 0 0
    outer loop
      vertex 1.5 -12.378478920843492 17.84519767052429
      vertex 1.5 -12.228895986063556 18.246245039005657
      vertex 1.5 -12.335002456144005 17.981203889952265
    endloop
  endfacet
  facet normal 1 0 0
    outer loop
      vertex 1.5 -12.496602017549023 17.142745747471228
      vertex 1.5 -12.023760598493544 18.621922452366793
      vertex 1.5 -12.378478920843492 17.84519767052429
    endloop
  endfacet
  facet normal 1 0 0
    outer loop
      vertex 1.5 -12.335002456144005 17.981203889952265
      vertex 1.5 -12.228895986063556 18.246245039005657
      vertex 1.5 -12.285103799048219 18.114987366980984
    endloop
  endfacet
  facet normal 1 0 0
    outer loop
      vertex 1.5 -12.378478920843492 17.84519767052429
      vertex 1.5 -12.023760598493544 18.621922452366793
      vertex 1.5 -12.228895986063556 18.246245039005657
    endloop
  endfacet
  facet normal 1 0 0
    outer loop
      vertex 1.5 -12.228895986063556 18.246245039005657
      vertex 1.5 -12.098076211353316 18.5
      vertex 1.5 -12.16650634596477 18.37467956518223
    endloop
  endfacet
  facet normal 1 0 0
    outer loop
      vertex 1.5 -12.228895986063556 18.246245039005657
      vertex 1.5 -12.023760598493544 18.621922452366793
      vertex 1.5 -12.098076211353316 18.5
    endloop
  endfacet
  facet normal 1 0 0
    outer loop
      vertex 1.5 -12.023760598493544 18.621922452366793
      vertex 1.5 -11.67120211431521 19.070237034446336
      vertex 1.5 -11.943727856151007 18.740170728713593
    endloop
  endfacet
  facet normal 1 0 0
    outer loop
      vertex 1.5 -11.943727856151007 18.740170728713593
      vertex 1.5 -11.67120211431521 19.070237034446336
      vertex 1.5 -11.858159284228362 18.854476958661817
    endloop
  endfacet
  facet normal 1 0 0
    outer loop
      vertex 1.5 -11.858159284228362 18.854476958661817
      vertex 1.5 -11.67120211431521 19.070237034446336
      vertex 1.5 -11.767248723062774 18.964582201835857
    endloop
  endfacet
  facet normal 1 0 0
    outer loop
      vertex 1.5 -12.023760598493544 18.621922452366793
      vertex 1.5 -11.121922452366793 19.523760598493546
      vertex 1.5 -11.67120211431521 19.070237034446336
    endloop
  endfacet
  facet normal 1 0 0
    outer loop
      vertex 1.5 -11.67120211431521 19.070237034446336
      vertex 1.5 -11.354476958661817 19.358159284228364
      vertex 1.5 -11.570237034446336 19.17120211431521
    endloop
  endfacet
  facet normal 1 0 0
    outer loop
      vertex 1.5 -11.570237034446336 19.17120211431521
      vertex 1.5 -11.354476958661817 19.358159284228364
      vertex 1.5 -11.464582201835855 19.267248723062774
    endloop
  endfacet
  facet normal 1 0 0
    outer loop
      vertex 1.5 -11.67120211431521 19.070237034446336
      vertex 1.5 -11.121922452366793 19.523760598493546
      vertex 1.5 -11.354476958661817 19.358159284228364
    endloop
  endfacet
  facet normal 5.093585018037941e-16 -0.5992776665113377 0.8005412409243671
    outer loop
      vertex 1.5 -11.354476958661817 19.358159284228364
      vertex 1.5 -11.240170728713595 19.443727856151007
      vertex 1.4900000000000002 -11.240170728713595 19.443727856151007
    endloop
  endfacet
  facet normal 1 0 0
    outer loop
      vertex 1.5 -11.354476958661817 19.358159284228364
      vertex 1.5 -11.121922452366793 19.523760598493546
      vertex 1.5 -11.240170728713595 19.443727856151007
    endloop
  endfacet
  facet normal 0 -0.5605076022409021 0.8281492787113655
    outer loop
      vertex 1.4900000000000002 -11.240170728713595 19.443727856151007
      vertex 1.5 -11.240170728713595 19.443727856151007
      vertex 1.5 -11.121922452366793 19.523760598493546
    endloop
  endfacet
  facet normal 2.361202574510383e-16 -0.5204678079730625 0.8538812920211541
    outer loop
      vertex 1.5 -11.121922452366793 19.523760598493546
      vertex 1.5 -11 19.598076211353316
      vertex 1.4900000000000002 -11 19.598076211353316
    endloop
  endfacet
  facet normal 1 0 0
    outer loop
      vertex 1.5 -11.121922452366793 19.523760598493546
      vertex 1.5 -10.74624503900566 19.728895986063556
      vertex 1.5 -11 19.598076211353316
    endloop
  endfacet
  facet normal 1 0 0
    outer loop
      vertex 1.5 -12.023760598493544 18.621922452366793
      vertex 1.5 -9.642745747471226 19.996602017549023
      vertex 1.5 -11.121922452366793 19.523760598493546
    endloop
  endfacet
  facet normal 1 0 0
    outer loop
      vertex 1.5 -11 19.598076211353316
      vertex 1.5 -10.74624503900566 19.728895986063556
      vertex 1.5 -10.874679565182232 19.66650634596477
    endloop
  endfacet
  facet normal 1 0 0
    outer loop
      vertex 1.5 -11.121922452366793 19.523760598493546
      vertex 1.5 -10.34519767052429 19.87847892084349
      vertex 1.5 -10.74624503900566 19.728895986063556
    endloop
  endfacet
  facet normal 1 0 0
    outer loop
      vertex 1.5 -10.74624503900566 19.728895986063556
      vertex 1.5 -10.34519767052429 19.87847892084349
      vertex 1.5 -10.614987366980982 19.78510379904822
    endloop
  endfacet
  facet normal 1 0 0
    outer loop
      vertex 1.5 -10.614987366980982 19.78510379904822
      vertex 1.5 -10.34519767052429 19.87847892084349
      vertex 1.5 -10.481203889952265 19.835002456144004
    endloop
  endfacet
  facet normal 1 0 0
    outer loop
      vertex 1.5 -11.121922452366793 19.523760598493546
      vertex 1.5 -9.642745747471226 19.996602017549023
      vertex 1.5 -10.34519767052429 19.87847892084349
    endloop
  endfacet
  facet normal -2.2218921158015694e-16 -0.2588190451025247 0.9659258262890673
    outer loop
      vertex 1.5 -10.34519767052429 19.87847892084349
      vertex 1.5 -10.20727680652828 19.915434704970625
      vertex 1.4900000000000002 -10.20727680652828 19.915434704970625
    endloop
  endfacet
  facet normal 1 0 0
    outer loop
      vertex 1.5 -10.34519767052429 19.87847892084349
      vertex 1.5 -10.067753733081231 19.945786091788122
      vertex 1.5 -10.20727680652828 19.915434704970625
    endloop
  endfacet
  facet normal 0 -0.21256528955298967 0.9771468659711567
    outer loop
      vertex 1.4900000000000002 -10.20727680652828 19.915434704970625
      vertex 1.5 -10.20727680652828 19.915434704970625
      vertex 1.5 -10.067753733081231 19.945786091788122
    endloop
  endfacet
  facet normal 1 0 0
    outer loop
      vertex 1.5 -10.34519767052429 19.87847892084349
      vertex 1.5 -9.642745747471226 19.996602017549023
      vertex 1.5 -10.067753733081231 19.945786091788122
    endloop
  endfacet
  facet normal 1 0 0
    outer loop
      vertex 1.5 -10.067753733081231 19.945786091788122
      vertex 1.5 -9.785168129912549 19.986415767719254
      vertex 1.5 -9.926944514819855 19.969464325642797
    endloop
  endfacet
  facet normal 1 0 0
    outer loop
      vertex 1.5 -10.067753733081231 19.945786091788122
      vertex 1.5 -9.642745747471226 19.996602017549023
      vertex 1.5 -9.785168129912549 19.986415767719254
    endloop
  endfacet
  facet normal 1 0 0
    outer loop
      vertex 1.5 -12.098076211353316 -18.5
      vertex 1.5 12.098076211353316 18.5
      vertex 1.5 -12.023760598493544 18.621922452366793
    endloop
  endfacet
  facet normal 1 0 0
    outer loop
      vertex 1.5 -12.023760598493544 18.621922452366793
      vertex 1.5 9.5 20
      vertex 1.5 -9.642745747471226 19.996602017549023
    endloop
  endfacet
  facet normal 1 0 0
    outer loop
      vertex 1.5 -9.642745747471226 19.996602017549023
      vertex 1.5 9.5 20
      vertex 1.5 -9.5 20
    endloop
  endfacet
  facet normal 0 0 -1
    outer loop
      vertex -1.5 9.5 -20
      vertex 1.5 9.5 -20
      vertex 1.5 -9.5 -20
    endloop
  endfacet
  facet normal 0 0.023797697546114664 -0.9997167946931288
    outer loop
      vertex -1.5 9.5 -20
      vertex 1.5 9.642745747471228 -19.996602017549023
      vertex 1.5 9.5 -20
    endloop
  endfacet
  facet normal 0 0.07133918319922078 -0.9974521146102544
    outer loop
      vertex -1.5 9.642745747471228 -19.996602017549023
      vertex 1.4900000000000002 9.785168129912549 -19.986415767719254
      vertex 1.5 9.642745747471228 -19.996602017549023
    endloop
  endfacet
  facet normal 0 0.1187190626573215 -0.9929278846732863
    outer loop
      vertex -1.5 9.785168129912549 -19.986415767719254
      vertex 1.4900000000000002 9.926944514819855 -19.969464325642797
      vertex 1.4900000000000002 9.785168129912549 -19.986415767719254
    endloop
  endfacet
  facet normal 0 0.16583000525434938 -0.9861543537181907
    outer loop
      vertex -1.5 10.067753733081231 -19.945786091788122
      vertex 1.4900000000000002 10.067753733081231 -19.945786091788122
      vertex 1.4900000000000002 9.926944514819855 -19.969464325642797
    endloop
  endfacet
  facet normal 0 0.2125652895529897 -0.9771468659711567
    outer loop
      vertex -1.5 10.067753733081231 -19.945786091788122
      vertex 1.4900000000000002 10.20727680652828 -19.915434704970625
      vertex 1.4900000000000002 10.067753733081231 -19.945786091788122
    endloop
  endfacet
  facet normal 0 0.2588190451025247 -0.9659258262890672
    outer loop
      vertex -1.5 10.34519767052429 -19.87847892084349
      vertex 1.4900000000000002 10.34519767052429 -19.87847892084349
      vertex 1.4900000000000002 10.20727680652828 -19.915434704970625
    endloop
  endfacet
  facet normal 0 0.30448649226991326 -0.9525166539358585
    outer loop
      vertex -1.5 10.34519767052429 -19.87847892084349
      vertex 1.4900000000000002 10.481203889952265 -19.835002456144004
      vertex 1.4900000000000002 10.34519767052429 -19.87847892084349
    endloop
  endfacet
  facet normal 0 0.34946417959907916 -0.9369497249997689
    outer loop
      vertex -1.5 10.481203889952265 -19.835002456144004
      vertex 1.4900000000000002 10.614987366980984 -19.78510379904822
      vertex 1.4900000000000002 10.481203889952265 -19.835002456144004
    endloop
  endfacet
  facet normal 0 0.3936502181619473 -0.9192603035816631
    outer loop
      vertex -1.5 10.74624503900566 -19.728895986063556
      vertex 1.4900000000000002 10.74624503900566 -19.728895986063556
      vertex 1.4900000000000002 10.614987366980984 -19.78510379904822
    endloop
  endfacet
  facet normal 0 0.436944512369369 -0.8994884619105986
    outer loop
      vertex -1.5 10.74624503900566 -19.728895986063556
      vertex 1.4900000000000002 10.87467956518223 -19.66650634596477
      vertex 1.4900000000000002 10.74624503900566 -19.728895986063556
    endloop
  endfacet
  facet normal 0 0.47924898672005045 -0.877678989567259
    outer loop
      vertex -1.5 11 -19.598076211353316
      vertex 1.5 11 -19.598076211353316
      vertex 1.4900000000000002 10.87467956518223 -19.66650634596477
    endloop
  endfacet
  facet normal 0 0.5204678079730625 -0.8538812920211541
    outer loop
      vertex -1.5 11.121922452366793 -19.523760598493546
      vertex 1.5 11.121922452366793 -19.523760598493546
      vertex 1.5 11 -19.598076211353316
    endloop
  endfacet
  facet normal 0 0.5605076022409078 -0.8281492787113616
    outer loop
      vertex -1.5 11.240170728713593 -19.443727856151007
      vertex 1.5 11.240170728713593 -19.443727856151007
      vertex 1.5 11.121922452366793 -19.523760598493546
    endloop
  endfacet
  facet normal 0 0.5992776665113378 -0.8005412409243672
    outer loop
      vertex -1.5 11.240170728713593 -19.443727856151007
      vertex 1.5 11.354476958661815 -19.358159284228364
      vertex 1.5 11.240170728713593 -19.443727856151007
    endloop
  endfacet
  facet normal 0 0.6366901741190955 -0.7711197197453815
    outer loop
      vertex -1.5 11.354476958661815 -19.358159284228364
      vertex 1.4900000000000002 11.464582201835855 -19.267248723062774
      vertex 1.5 11.354476958661815 -19.358159284228364
    endloop
  endfacet
  facet normal 0 0.6726603737012482 -0.7399513643828878
    outer loop
      vertex -1.5 11.570237034446336 -19.17120211431521
      vertex 1.5 11.570237034446336 -19.17120211431521
      vertex 1.4900000000000002 11.464582201835855 -19.267248723062774
    endloop
  endfacet
  facet normal 0 0.7071067811865476 -0.7071067811865476
    outer loop
      vertex -1.5 11.67120211431521 -19.070237034446336
      vertex 1.5 11.67120211431521 -19.070237034446336
      vertex 1.5 11.570237034446336 -19.17120211431521
    endloop
  endfacet
  facet normal 0 0.7399513643828821 -0.6726603737012543
    outer loop
      vertex -1.5 11.67120211431521 -19.070237034446336
      vertex 1.5 11.767248723062774 -18.964582201835857
      vertex 1.5 11.67120211431521 -19.070237034446336
    endloop
  endfacet
  facet normal 0 0.7711197197453876 -0.636690174119088
    outer loop
      vertex -1.5 11.858159284228362 -18.854476958661817
      vertex 1.5 11.858159284228362 -18.854476958661817
      vertex 1.5 11.767248723062774 -18.964582201835857
    endloop
  endfacet
  facet normal 0 0.8005412409243657 -0.5992776665113398
    outer loop
      vertex -1.5 11.858159284228362 -18.854476958661817
      vertex 1.5 11.943727856151007 -18.740170728713593
      vertex 1.5 11.858159284228362 -18.854476958661817
    endloop
  endfacet
  facet normal 1.106215742365205e-16 0.8005412409243613 -0.5992776665113458
    outer loop
      vertex -1.5 11.858159284228362 -18.854476958661817
      vertex 1.4900000000000002 11.943727856151007 -18.740170728713593
      vertex 1.5 11.943727856151007 -18.740170728713593
    endloop
  endfacet
  facet normal 0 0.8281492787113672 -0.5605076022408992
    outer loop
      vertex -1.5 12.023760598493544 -18.621922452366793
      vertex 1.5 12.023760598493544 -18.621922452366793
      vertex 1.4900000000000002 11.943727856151007 -18.740170728713593
    endloop
  endfacet
  facet normal 0 0.8538812920211486 -0.5204678079730716
    outer loop
      vertex -1.5 12.023760598493544 -18.621922452366793
      vertex 1.4900000000000002 12.098076211353316 -18.5
      vertex 1.5 12.023760598493544 -18.621922452366793
    endloop
  endfacet
  facet normal -4.560096541783056e-16 0.8776789895672586 -0.4792489867200512
    outer loop
      vertex -1.5 12.16650634596477 -18.37467956518223
      vertex 1.5 12.098076211353316 -18.5
      vertex 1.4900000000000002 12.098076211353316 -18.5
    endloop
  endfacet
  facet normal 0 0.877678989567259 -0.47924898672005045
    outer loop
      vertex -1.5 12.16650634596477 -18.37467956518223
      vertex 1.5 12.16650634596477 -18.37467956518223
      vertex 1.5 12.098076211353316 -18.5
    endloop
  endfacet
  facet normal 0 0.899488461910601 -0.43694451236936405
    outer loop
      vertex -1.5 12.16650634596477 -18.37467956518223
      vertex 1.5 12.228895986063556 -18.246245039005657
      vertex 1.5 12.16650634596477 -18.37467956518223
    endloop
  endfacet
  facet normal -1.3648219464205976e-16 0.8994884619105987 -0.43694451236936876
    outer loop
      vertex -1.5 12.16650634596477 -18.37467956518223
      vertex 1.4900000000000002 12.228895986063556 -18.246245039005657
      vertex 1.5 12.228895986063556 -18.246245039005657
    endloop
  endfacet
  facet normal 0 0.9192603035816611 -0.3936502181619518
    outer loop
      vertex -1.5 12.285103799048219 -18.114987366980984
      vertex 1.4900000000000002 12.285103799048219 -18.114987366980984
      vertex 1.4900000000000002 12.228895986063556 -18.246245039005657
    endloop
  endfacet
  facet normal 0 0.9369497249997648 -0.3494641795990901
    outer loop
      vertex -1.5 12.285103799048219 -18.114987366980984
      vertex 1.4900000000000002 12.335002456144005 -17.981203889952265
      vertex 1.4900000000000002 12.285103799048219 -18.114987366980984
    endloop
  endfacet
  facet normal 0 0.9525166539358622 -0.304486492269902
    outer loop
      vertex -1.5 12.378478920843492 -17.84519767052429
      vertex 1.4900000000000002 12.378478920843492 -17.84519767052429
      vertex 1.4900000000000002 12.335002456144005 -17.981203889952265
    endloop
  endfacet
  facet normal 0 0.9659258262890672 -0.2588190451025247
    outer loop
      vertex -1.5 12.378478920843492 -17.84519767052429
      vertex 1.4900000000000002 12.415434704970625 -17.70727680652828
      vertex 1.4900000000000002 12.378478920843492 -17.84519767052429
    endloop
  endfacet
  facet normal 0 0.97714686597116 -0.21256528955297524
    outer loop
      vertex -1.5 12.44578609178812 -17.56775373308123
      vertex 1.5 12.44578609178812 -17.56775373308123
      vertex 1.4900000000000002 12.415434704970625 -17.70727680652828
    endloop
  endfacet
  facet normal 0 0.9861543537181863 -0.1658300052543756
    outer loop
      vertex -1.5 12.44578609178812 -17.56775373308123
      vertex 1.4900000000000002 12.469464325642798 -17.426944514819855
      vertex 1.5 12.44578609178812 -17.56775373308123
    endloop
  endfacet
  facet normal 0 0.9929278846732877 -0.11871906265730922
    outer loop
      vertex -1.5 12.486415767719254 -17.28516812991255
      vertex 1.4900000000000002 12.486415767719254 -17.28516812991255
      vertex 1.4900000000000002 12.469464325642798 -17.426944514819855
    endloop
  endfacet
  facet normal 0 0.9974521146102544 -0.07133918319922078
    outer loop
      vertex -1.5 12.486415767719254 -17.28516812991255
      vertex 1.4900000000000002 12.496602017549023 -17.142745747471228
      vertex 1.4900000000000002 12.486415767719254 -17.28516812991255
    endloop
  endfacet
  facet normal 0 0.9997167946931288 -0.023797697546114664
    outer loop
      vertex -1.5 12.5 -17
      vertex 1.5 12.5 -17
      vertex 1.4900000000000002 12.496602017549023 -17.142745747471228
    endloop
  endfacet
  facet normal 1 0 0
    outer loop
      vertex 1.5 -12.098076211353316 -18.5
      vertex 1.5 7.41909603494529 -16.106820032066512
      vertex 1.5 7.366300182733013 -16.07746208360006
    endloop
  endfacet
  facet normal 1 0 0
    outer loop
      vertex 1.5 -12.098076211353316 -18.5
      vertex 1.5 7.473248615284339 -16.133592951063182
      vertex 1.5 7.41909603494529 -16.106820032066512
    endloop
  endfacet
  facet normal 1 0 0
    outer loop
      vertex 1.5 -12.098076211353316 -18.5
      vertex 1.5 7.5286314478896 -16.157718311197222
      vertex 1.5 7.473248615284339 -16.133592951063182
    endloop
  endfacet
  facet normal 1 0 0
    outer loop
      vertex 1.5 -12.098076211353316 -18.5
      vertex 1.5 7.58511518358934 -16.179139766572177
      vertex 1.5 7.5286314478896 -16.157718311197222
    endloop
  endfacet
  facet normal 1 0 0
    outer loop
      vertex 1.5 -12.098076211353316 -18.5
      vertex 1.5 7.6425679020016375 -16.197807286386457
      vertex 1.5 7.58511518358934 -16.179139766572177
    endloop
  endfacet
  facet normal 1 0 0
    outer loop
      vertex 1.5 -12.098076211353316 -18.5
      vertex 1.5 7.700855419640552 -16.213677271782565
      vertex 1.5 7.6425679020016375 -16.197807286386457
    endloop
  endfacet
  facet normal 1 0 0
    outer loop
      vertex 1.5 -12.098076211353316 -18.5
      vertex 1.5 7.759841603307864 -16.226712657674266
      vertex 1.5 7.700855419640552 -16.213677271782565
    endloop
  endfacet
  facet normal 1 0 0
    outer loop
      vertex 1.5 -12.098076211353316 -18.5
      vertex 1.5 7.819388688038473 -16.236882999313814
      vertex 1.5 7.759841603307864 -16.226712657674266
    endloop
  endfacet
  facet normal 1 0 0
    outer loop
      vertex 1.5 -12.098076211353316 -18.5
      vertex 1.5 7.265268434634408 -16.011271242968682
      vertex 1.5 7.217268503077108 -15.974592942579028
    endloop
  endfacet
  facet normal 1 0 0
    outer loop
      vertex 1.5 -12.098076211353316 -18.5
      vertex 1.5 7.314984365806662 -16.045587672512784
      vertex 1.5 7.265268434634408 -16.011271242968682
    endloop
  endfacet
  facet normal 1 0 0
    outer loop
      vertex 1.5 -12.098076211353316 -18.5
      vertex 1.5 7.366300182733013 -16.07746208360006
      vertex 1.5 7.314984365806662 -16.045587672512784
    endloop
  endfacet
  facet normal 1 0 0
    outer loop
      vertex 1.5 -12.098076211353316 -18.5
      vertex 1.5 7.879357598856856 -16.244164543397062
      vertex 1.5 7.819388688038473 -16.236882999313814
    endloop
  endfacet
  facet normal 1 0 0
    outer loop
      vertex 1.5 -12.098076211353316 -18.5
      vertex 1.5 7.939608275593116 -16.248540283540407
      vertex 1.5 7.879357598856856 -16.244164543397062
    endloop
  endfacet
  facet normal 1 0 0
    outer loop
      vertex 1.5 -12.098076211353316 -18.5
      vertex 1.5 8 -16.25
      vertex 1.5 7.939608275593116 -16.248540283540407
    endloop
  endfacet
  facet normal 1 0 0
    outer loop
      vertex 1.5 -12.098076211353316 -18.5
      vertex 1.5 8.060391724406884 -16.248540283540407
      vertex 1.5 8 -16.25
    endloop
  endfacet
  facet normal 1 0 0
    outer loop
      vertex 1.5 -12.098076211353316 -18.5
      vertex 1.5 8.120642401143144 -16.244164543397062
      vertex 1.5 8.060391724406884 -16.248540283540407
    endloop
  endfacet
  facet normal 1 0 0
    outer loop
      vertex 1.5 -12.098076211353316 -18.5
      vertex 1.5 12.023760598493544 -18.621922452366793
      vertex 1.5 8.120642401143144 -16.244164543397062
    endloop
  endfacet
  facet normal 1 0 0
    outer loop
      vertex 1.5 -7.04460534931769 -15.806052765920214
      vertex 1.5 7.044605349317689 -15.806052765920214
      vertex 1.5 7.006777900357807 -15.758953134773389
    endloop
  endfacet
  facet normal 1 0 0
    outer loop
      vertex 1.5 -7.0067779003578075 -15.758953134773389
      vertex 1.5 7.006777900357807 -15.758953134773389
      vertex 1.5 6.97127016763293 -15.710080933413945
    endloop
  endfacet
  facet normal 1 0 0
    outer loop
      vertex 1.5 -6.971270167632929 -15.710080933413945
      vertex 1.5 6.97127016763293 -15.710080933413945
      vertex 1.5 6.938165081098099 -15.659550305132665
    endloop
  endfacet
  facet normal 1 0 0
    outer loop
      vertex 1.5 -6.938165081098099 -15.659550305132665
      vertex 1.5 6.938165081098099 -15.659550305132665
      vertex 1.5 6.9075399592168525 -15.60747926655326
    endloop
  endfacet
  facet normal 1 0 0
    outer loop
      vertex 1.5 -6.9075399592168525 -15.607479266553257
      vertex 1.5 6.9075399592168525 -15.60747926655326
      vertex 1.5 6.879466328380371 -15.553989431999053
    endloop
  endfacet
  facet normal 1 0 0
    outer loop
      vertex 1.5 -6.879466328380371 -15.553989431999051
      vertex 1.5 6.879466328380371 -15.553989431999053
      vertex 1.5 6.854009755854272 -15.49920572945712
    endloop
  endfacet
  facet normal 1 0 0
    outer loop
      vertex 1.5 -6.854009755854272 -15.49920572945712
      vertex 1.5 6.854009755854272 -15.49920572945712
      vertex 1.5 6.8312296966432315 -15.443256108803169
    endloop
  endfacet
  facet normal 1 0 0
    outer loop
      vertex 1.5 -6.8312296966432315 -15.443256108803169
      vertex 1.5 6.8312296966432315 -15.443256108803169
      vertex 1.5 6.811179354631058 -15.386271242968684
    endloop
  endfacet
  facet normal 1 0 0
    outer loop
      vertex 1.5 -6.811179354631058 -15.386271242968684
      vertex 1.5 6.811179354631058 -15.386271242968684
      vertex 1.5 6.793905558320561 -15.328384222748234
    endloop
  endfacet
  facet normal 1 0 0
    outer loop
      vertex 1.5 -6.793905558320561 -15.328384222748234
      vertex 1.5 6.793905558320561 -15.328384222748234
      vertex 1.5 6.77944865146341 -15.269730245959757
    endloop
  endfacet
  facet normal 1 0 0
    outer loop
      vertex 1.5 -6.77944865146341 -15.269730245959757
      vertex 1.5 6.77944865146341 -15.269730245959757
      vertex 1.5 6.767842398835437 -15.210446301683799
    endloop
  endfacet
  facet normal 1 0 0
    outer loop
      vertex 1.5 -6.767842398835437 -15.210446301683799
      vertex 1.5 6.767842398835437 -15.210446301683799
      vertex 1.5 6.759113907377433 -15.150670850319154
    endloop
  endfacet
  facet normal 1 0 0
    outer loop
      vertex 1.5 -6.759113907377433 -15.150670850319154
      vertex 1.5 6.759113907377433 -15.150670850319154
      vertex 1.5 6.7532835628856365 -15.090543500202202
    endloop
  endfacet
  facet normal 1 0 0
    outer loop
      vertex 1.5 -6.7532835628856365 -15.090543500202203
      vertex 1.5 6.7532835628856365 -15.090543500202202
      vertex 1.5 6.750364982399759 -15.030204681545165
    endloop
  endfacet
  facet normal 1 0 0
    outer loop
      vertex 1.5 -6.750364982399759 -15.030204681545165
      vertex 1.5 6.750364982399759 -15.030204681545165
      vertex 1.5 6.750364982399759 -14.969795318454835
    endloop
  endfacet
  facet normal 1 0 0
    outer loop
      vertex 1.5 -7.217268503077108 -15.974592942579028
      vertex 1.5 7.217268503077108 -15.974592942579028
      vertex 1.5 7.171096677199006 -15.935638435213876
    endloop
  endfacet
  facet normal 1 0 0
    outer loop
      vertex 1.5 -7.126860793438829 -15.894498700930152
      vertex 1.5 7.126860793438828 -15.89449870093015
      vertex 1.5 7.084664166752782 -15.851269823483495
    endloop
  endfacet
  facet normal 1 0 0
    outer loop
      vertex 1.5 -7.171096677199006 -15.935638435213876
      vertex 1.5 7.171096677199006 -15.935638435213876
      vertex 1.5 7.126860793438828 -15.89449870093015
    endloop
  endfacet
  facet normal 1 0 0
    outer loop
      vertex 1.5 -7.084664166752783 -15.851269823483497
      vertex 1.5 7.084664166752782 -15.851269823483495
      vertex 1.5 7.044605349317689 -15.806052765920214
    endloop
  endfacet
  facet normal 1 0 0
    outer loop
      vertex 1.5 -6.750364982399759 -14.969795318454835
      vertex 1.5 6.750364982399759 -14.969795318454835
      vertex 1.5 6.7532835628856365 -14.909456499797798
    endloop
  endfacet
  facet normal 1 0 0
    outer loop
      vertex 1.5 6.759113907377433 -14.849329149680846
      vertex 1.5 -6.7532835628856365 -14.909456499797797
      vertex 1.5 6.7532835628856365 -14.909456499797798
    endloop
  endfacet
  facet normal 1 0 0
    outer loop
      vertex 1.5 6.767842398835437 -14.789553698316201
      vertex 1.5 -6.759113907377433 -14.849329149680846
      vertex 1.5 6.759113907377433 -14.849329149680846
    endloop
  endfacet
  facet normal 1 0 0
    outer loop
      vertex 1.5 -6.767842398835437 -14.789553698316201
      vertex 1.5 6.767842398835437 -14.789553698316201
      vertex 1.5 6.77944865146341 -14.730269754040243
    endloop
  endfacet
  facet normal 1 0 0
    outer loop
      vertex 1.5 6.793905558320561 -14.671615777251766
      vertex 1.5 -6.77944865146341 -14.730269754040243
      vertex 1.5 6.77944865146341 -14.730269754040243
    endloop
  endfacet
  facet normal 1 0 0
    outer loop
      vertex 1.5 -6.793905558320561 -14.671615777251766
      vertex 1.5 6.793905558320561 -14.671615777251766
      vertex 1.5 6.811179354631058 -14.613728757031316
    endloop
  endfacet
  facet normal 1 0 0
    outer loop
      vertex 1.5 -6.811179354631058 -14.613728757031316
      vertex 1.5 6.811179354631058 -14.613728757031316
      vertex 1.5 6.8312296966432315 -14.556743891196831
    endloop
  endfacet
  facet normal 1 0 0
    outer loop
      vertex 1.5 6.854009755854272 -14.50079427054288
      vertex 1.5 -6.8312296966432315 -14.556743891196831
      vertex 1.5 6.8312296966432315 -14.556743891196831
    endloop
  endfacet
  facet normal 1 0 0
    outer loop
      vertex 1.5 -6.854009755854272 -14.50079427054288
      vertex 1.5 6.854009755854272 -14.50079427054288
      vertex 1.5 6.879466328380371 -14.446010568000947
    endloop
  endfacet
  facet normal 1 0 0
    outer loop
      vertex 1.5 -6.879466328380371 -14.446010568000949
      vertex 1.5 6.879466328380371 -14.446010568000947
      vertex 1.5 6.9075399592168525 -14.392520733446743
    endloop
  endfacet
  facet normal 1 0 0
    outer loop
      vertex 1.5 6.938165081098099 -14.340449694867335
      vertex 1.5 -6.9075399592168525 -14.392520733446743
      vertex 1.5 6.9075399592168525 -14.392520733446743
    endloop
  endfacet
  facet normal 1 0 0
    outer loop
      vertex 1.5 6.971270167632929 -14.289919066586055
      vertex 1.5 -6.938165081098099 -14.340449694867335
      vertex 1.5 6.938165081098099 -14.340449694867335
    endloop
  endfacet
  facet normal 1 0 0
    outer loop
      vertex 1.5 7.0067779003578075 -14.241046865226611
      vertex 1.5 -6.971270167632929 -14.289919066586055
      vertex 1.5 6.971270167632929 -14.289919066586055
    endloop
  endfacet
  facet normal 1 0 0
    outer loop
      vertex 1.5 7.04460534931769 -14.193947234079786
      vertex 1.5 -7.0067779003578075 -14.241046865226611
      vertex 1.5 7.0067779003578075 -14.241046865226611
    endloop
  endfacet
  facet normal 1 0 0
    outer loop
      vertex 1.5 -7.04460534931769 -14.193947234079786
      vertex 1.5 7.04460534931769 -14.193947234079786
      vertex 1.5 7.084664166752783 -14.148730176516503
    endloop
  endfacet
  facet normal 1 0 0
    outer loop
      vertex 1.5 -7.084664166752783 -14.148730176516503
      vertex 1.5 7.084664166752783 -14.148730176516503
      vertex 1.5 7.126860793438828 -14.10550129906985
    endloop
  endfacet
  facet normal 1 0 0
    outer loop
      vertex 1.5 7.126860793438828 -14.10550129906985
      vertex 1.5 7.171096677199006 -14.064361564786124
      vertex 1.5 -7.126860793438828 -14.10550129906985
    endloop
  endfacet
  facet normal 1 0 0
    outer loop
      vertex 1.5 -9.5 -20
      vertex 1.5 9.5 -20
      vertex 1.5 9.642745747471228 -19.996602017549023
    endloop
  endfacet
  facet normal 1 0 0
    outer loop
      vertex 1.5 -9.5 -20
      vertex 1.5 9.642745747471228 -19.996602017549023
      vertex 1.5 12.023760598493544 -18.621922452366793
    endloop
  endfacet
  facet normal 1 0 0
    outer loop
      vertex 1.5 12.098076211353316 18.5
      vertex 1.5 -7.171096677199006 -14.064361564786124
      vertex 1.5 7.171096677199006 -14.064361564786124
    endloop
  endfacet
  facet normal -6.404326105858736e-17 0.07133918319922078 -0.9974521146102543
    outer loop
      vertex 1.5 9.642745747471228 -19.996602017549023
      vertex 1.4900000000000002 9.785168129912549 -19.986415767719254
      vertex 1.5 9.785168129912549 -19.986415767719254
    endloop
  endfacet
  facet normal 0 0.11871906265732146 -0.9929278846732863
    outer loop
      vertex 1.4900000000000002 9.785168129912549 -19.986415767719254
      vertex 1.4900000000000002 9.926944514819855 -19.969464325642797
      vertex 1.5 9.785168129912549 -19.986415767719254
    endloop
  endfacet
  facet normal 1 0 0
    outer loop
      vertex 1.5 9.642745747471228 -19.996602017549023
      vertex 1.5 9.785168129912549 -19.986415767719254
      vertex 1.5 10.067753733081231 -19.945786091788122
    endloop
  endfacet
  facet normal -5.3842519673039107e-17 0.11871906265732146 -0.9929278846732863
    outer loop
      vertex 1.5 9.785168129912549 -19.986415767719254
      vertex 1.4900000000000002 9.926944514819855 -19.969464325642797
      vertex 1.5 9.926944514819855 -19.969464325642797
    endloop
  endfacet
  facet normal 1 0 0
    outer loop
      vertex 1.5 9.785168129912549 -19.986415767719254
      vertex 1.5 9.926944514819855 -19.969464325642797
      vertex 1.5 10.067753733081231 -19.945786091788122
    endloop
  endfacet
  facet normal -1.4556502936252695e-16 0.16583000525434935 -0.9861543537181908
    outer loop
      vertex 1.4900000000000002 9.926944514819855 -19.969464325642797
      vertex 1.4900000000000002 10.067753733081231 -19.945786091788122
      vertex 1.5 10.067753733081231 -19.945786091788122
    endloop
  endfacet
  facet normal 0 0.16583000525434935 -0.9861543537181908
    outer loop
      vertex 1.4900000000000002 9.926944514819855 -19.969464325642797
      vertex 1.5 10.067753733081231 -19.945786091788122
      vertex 1.5 9.926944514819855 -19.969464325642797
    endloop
  endfacet
  facet normal 1 0 0
    outer loop
      vertex 1.5 9.642745747471228 -19.996602017549023
      vertex 1.5 10.067753733081231 -19.945786091788122
      vertex 1.5 10.34519767052429 -19.87847892084349
    endloop
  endfacet
  facet normal 0 0.21256528955298967 -0.9771468659711567
    outer loop
      vertex 1.4900000000000002 10.067753733081231 -19.945786091788122
      vertex 1.4900000000000002 10.20727680652828 -19.915434704970625
      vertex 1.5 10.067753733081231 -19.945786091788122
    endloop
  endfacet
  facet normal 1.267800534037787e-16 0.21256528955298967 -0.9771468659711567
    outer loop
      vertex 1.5 10.067753733081231 -19.945786091788122
      vertex 1.4900000000000002 10.20727680652828 -19.915434704970625
      vertex 1.5 10.20727680652828 -19.915434704970625
    endloop
  endfacet
  facet normal 0 0.2588190451025247 -0.9659258262890673
    outer loop
      vertex 1.4900000000000002 10.20727680652828 -19.915434704970625
      vertex 1.5 10.34519767052429 -19.87847892084349
      vertex 1.5 10.20727680652828 -19.915434704970625
    endloop
  endfacet
  facet normal 1 0 0
    outer loop
      vertex 1.5 10.067753733081231 -19.945786091788122
      vertex 1.5 10.20727680652828 -19.915434704970625
      vertex 1.5 10.34519767052429 -19.87847892084349
    endloop
  endfacet
  facet normal -2.2218921158015694e-16 0.2588190451025247 -0.9659258262890673
    outer loop
      vertex 1.4900000000000002 10.20727680652828 -19.915434704970625
      vertex 1.4900000000000002 10.34519767052429 -19.87847892084349
      vertex 1.5 10.34519767052429 -19.87847892084349
    endloop
  endfacet
  facet normal 1 0 0
    outer loop
      vertex 1.5 9.642745747471228 -19.996602017549023
      vertex 1.5 10.34519767052429 -19.87847892084349
      vertex 1.5 11 -19.598076211353316
    endloop
  endfacet
  facet normal 0 0.3044864922699133 -0.9525166539358585
    outer loop
      vertex 1.4900000000000002 10.34519767052429 -19.87847892084349
      vertex 1.4900000000000002 10.481203889952265 -19.835002456144004
      vertex 1.5 10.34519767052429 -19.87847892084349
    endloop
  endfacet
  facet normal 2.206785315744979e-16 0.3044864922699133 -0.9525166539358585
    outer loop
      vertex 1.5 10.34519767052429 -19.87847892084349
      vertex 1.4900000000000002 10.481203889952265 -19.835002456144004
      vertex 1.5 10.481203889952265 -19.835002456144004
    endloop
  endfacet
  facet normal 1 0 0
    outer loop
      vertex 1.5 10.34519767052429 -19.87847892084349
      vertex 1.5 10.481203889952265 -19.835002456144004
      vertex 1.5 10.614987366980984 -19.78510379904822
    endloop
  endfacet
  facet normal 0 0.34946417959907916 -0.9369497249997688
    outer loop
      vertex 1.4900000000000002 10.481203889952265 -19.835002456144004
      vertex 1.5 10.614987366980984 -19.78510379904822
      vertex 1.5 10.481203889952265 -19.835002456144004
    endloop
  endfacet
  facet normal -2.5324184783241214e-16 0.34946417959907916 -0.9369497249997688
    outer loop
      vertex 1.4900000000000002 10.481203889952265 -19.835002456144004
      vertex 1.4900000000000002 10.614987366980984 -19.78510379904822
      vertex 1.5 10.614987366980984 -19.78510379904822
    endloop
  endfacet
  facet normal 0 0.39365021816194734 -0.919260303581663
    outer loop
      vertex 1.4900000000000002 10.614987366980984 -19.78510379904822
      vertex 1.4900000000000002 10.74624503900566 -19.728895986063556
      vertex 1.5 10.614987366980984 -19.78510379904822
    endloop
  endfacet
  facet normal 1 0 0
    outer loop
      vertex 1.5 10.34519767052429 -19.87847892084349
      vertex 1.5 10.614987366980984 -19.78510379904822
      vertex 1.5 11 -19.598076211353316
    endloop
  endfacet
  facet normal 2.6513354918570506e-17 0.39365021816194734 -0.919260303581663
    outer loop
      vertex 1.5 10.614987366980984 -19.78510379904822
      vertex 1.4900000000000002 10.74624503900566 -19.728895986063556
      vertex 1.5 10.74624503900566 -19.728895986063556
    endloop
  endfacet
  facet normal 0 0.4369445123693689 -0.8994884619105985
    outer loop
      vertex 1.4900000000000002 10.74624503900566 -19.728895986063556
      vertex 1.4900000000000002 10.87467956518223 -19.66650634596477
      vertex 1.5 10.74624503900566 -19.728895986063556
    endloop
  endfacet
  facet normal 1 0 0
    outer loop
      vertex 1.5 10.614987366980984 -19.78510379904822
      vertex 1.5 10.74624503900566 -19.728895986063556
      vertex 1.5 11 -19.598076211353316
    endloop
  endfacet
  facet normal 8.129960216608206e-19 0.4369445123693689 -0.8994884619105985
    outer loop
      vertex 1.5 10.74624503900566 -19.728895986063556
      vertex 1.4900000000000002 10.87467956518223 -19.66650634596477
      vertex 1.5 10.87467956518223 -19.66650634596477
    endloop
  endfacet
  facet normal 1 0 0
    outer loop
      vertex 1.5 10.74624503900566 -19.728895986063556
      vertex 1.5 10.87467956518223 -19.66650634596477
      vertex 1.5 11 -19.598076211353316
    endloop
  endfacet
  facet normal 0 0.47924898672005045 -0.8776789895672591
    outer loop
      vertex 1.4900000000000002 10.87467956518223 -19.66650634596477
      vertex 1.5 11 -19.598076211353316
      vertex 1.5 10.87467956518223 -19.66650634596477
    endloop
  endfacet
  facet normal 1 0 0
    outer loop
      vertex 1.5 9.642745747471228 -19.996602017549023
      vertex 1.5 11 -19.598076211353316
      vertex 1.5 12.023760598493544 -18.621922452366793
    endloop
  endfacet
  facet normal 1 0 0
    outer loop
      vertex 1.5 12.023760598493544 -18.621922452366793
      vertex 1.5 8.180611311961528 -16.236882999313814
      vertex 1.5 8.120642401143144 -16.244164543397062
    endloop
  endfacet
  facet normal 1 0 0
    outer loop
      vertex 1.5 12.023760598493544 -18.621922452366793
      vertex 1.5 8.240158396692136 -16.226712657674266
      vertex 1.5 8.180611311961528 -16.236882999313814
    endloop
  endfacet
  facet normal 1 0 0
    outer loop
      vertex 1.5 12.023760598493544 -18.621922452366793
      vertex 1.5 8.299144580359448 -16.213677271782565
      vertex 1.5 8.240158396692136 -16.226712657674266
    endloop
  endfacet
  facet normal 1 0 0
    outer loop
      vertex 1.5 12.023760598493544 -18.621922452366793
      vertex 1.5 8.357432097998363 -16.197807286386457
      vertex 1.5 8.299144580359448 -16.213677271782565
    endloop
  endfacet
  facet normal 1 0 0
    outer loop
      vertex 1.5 12.023760598493544 -18.621922452366793
      vertex 1.5 8.41488481641066 -16.179139766572177
      vertex 1.5 8.357432097998363 -16.197807286386457
    endloop
  endfacet
  facet normal 1 0 0
    outer loop
      vertex 1.5 12.023760598493544 -18.621922452366793
      vertex 1.5 8.4713685521104 -16.157718311197222
      vertex 1.5 8.41488481641066 -16.179139766572177
    endloop
  endfacet
  facet normal 1 0 0
    outer loop
      vertex 1.5 12.023760598493544 -18.621922452366793
      vertex 1.5 8.526751384715661 -16.133592951063182
      vertex 1.5 8.4713685521104 -16.157718311197222
    endloop
  endfacet
  facet normal 1 0 0
    outer loop
      vertex 1.5 12.023760598493544 -18.621922452366793
      vertex 1.5 8.580903965054711 -16.106820032066512
      vertex 1.5 8.526751384715661 -16.133592951063182
    endloop
  endfacet
  facet normal 1 0 0
    outer loop
      vertex 1.5 12.023760598493544 -18.621922452366793
      vertex 1.5 8.633699817266988 -16.07746208360006
      vertex 1.5 8.580903965054711 -16.106820032066512
    endloop
  endfacet
  facet normal 1 0 0
    outer loop
      vertex 1.5 12.023760598493544 -18.621922452366793
      vertex 1.5 8.685015634193338 -16.045587672512784
      vertex 1.5 8.633699817266988 -16.07746208360006
    endloop
  endfacet
  facet normal 1 0 0
    outer loop
      vertex 1.5 12.023760598493544 -18.621922452366793
      vertex 1.5 8.73473156536559 -16.011271242968682
      vertex 1.5 8.685015634193338 -16.045587672512784
    endloop
  endfacet
  facet normal 1 0 0
    outer loop
      vertex 1.5 12.023760598493544 -18.621922452366793
      vertex 1.5 8.782731496922892 -15.974592942579028
      vertex 1.5 8.73473156536559 -16.011271242968682
    endloop
  endfacet
  facet normal 1 0 0
    outer loop
      vertex 1.5 12.023760598493544 -18.621922452366793
      vertex 1.5 8.828903322800993 -15.935638435213876
      vertex 1.5 8.782731496922892 -15.974592942579028
    endloop
  endfacet
  facet normal 1 0 0
    outer loop
      vertex 1.5 12.023760598493544 -18.621922452366793
      vertex 1.5 8.873139206561172 -15.894498700930152
      vertex 1.5 8.828903322800993 -15.935638435213876
    endloop
  endfacet
  facet normal 1 0 0
    outer loop
      vertex 1.5 12.023760598493544 -18.621922452366793
      vertex 1.5 8.915335833247218 -15.851269823483497
      vertex 1.5 8.873139206561172 -15.894498700930152
    endloop
  endfacet
  facet normal 1 0 0
    outer loop
      vertex 1.5 12.023760598493544 -18.621922452366793
      vertex 1.5 8.95539465068231 -15.806052765920214
      vertex 1.5 8.915335833247218 -15.851269823483497
    endloop
  endfacet
  facet normal 1 0 0
    outer loop
      vertex 1.5 12.023760598493544 -18.621922452366793
      vertex 1.5 8.993222099642193 -15.758953134773389
      vertex 1.5 8.95539465068231 -15.806052765920214
    endloop
  endfacet
  facet normal 1 0 0
    outer loop
      vertex 1.5 12.023760598493544 -18.621922452366793
      vertex 1.5 9.02872983236707 -15.710080933413945
      vertex 1.5 8.993222099642193 -15.758953134773389
    endloop
  endfacet
  facet normal 1 0 0
    outer loop
      vertex 1.5 12.023760598493544 -18.621922452366793
      vertex 1.5 9.061834918901901 -15.659550305132665
      vertex 1.5 9.02872983236707 -15.710080933413945
    endloop
  endfacet
  facet normal 1 0 0
    outer loop
      vertex 1.5 12.023760598493544 -18.621922452366793
      vertex 1.5 9.092460040783147 -15.607479266553257
      vertex 1.5 9.061834918901901 -15.659550305132665
    endloop
  endfacet
  facet normal 1 0 0
    outer loop
      vertex 1.5 12.023760598493544 -18.621922452366793
      vertex 1.5 9.12053367161963 -15.553989431999051
      vertex 1.5 9.092460040783147 -15.607479266553257
    endloop
  endfacet
  facet normal 1 0 0
    outer loop
      vertex 1.5 12.023760598493544 -18.621922452366793
      vertex 1.5 9.145990244145729 -15.49920572945712
      vertex 1.5 9.12053367161963 -15.553989431999051
    endloop
  endfacet
  facet normal 1 0 0
    outer loop
      vertex 1.5 12.023760598493544 -18.621922452366793
      vertex 1.5 9.16877030335677 -15.443256108803169
      vertex 1.5 9.145990244145729 -15.49920572945712
    endloop
  endfacet
  facet normal 1 0 0
    outer loop
      vertex 1.5 12.023760598493544 -18.621922452366793
      vertex 1.5 9.188820645368942 -15.386271242968684
      vertex 1.5 9.16877030335677 -15.443256108803169
    endloop
  endfacet
  facet normal 1 0 0
    outer loop
      vertex 1.5 12.023760598493544 -18.621922452366793
      vertex 1.5 9.20609444167944 -15.328384222748234
      vertex 1.5 9.188820645368942 -15.386271242968684
    endloop
  endfacet
  facet normal 1 0 0
    outer loop
      vertex 1.5 12.023760598493544 -18.621922452366793
      vertex 1.5 9.22055134853659 -15.269730245959757
      vertex 1.5 9.20609444167944 -15.328384222748234
    endloop
  endfacet
  facet normal 1 0 0
    outer loop
      vertex 1.5 12.023760598493544 -18.621922452366793
      vertex 1.5 9.232157601164564 -15.210446301683799
      vertex 1.5 9.22055134853659 -15.269730245959757
    endloop
  endfacet
  facet normal 1 0 0
    outer loop
      vertex 1.5 12.023760598493544 -18.621922452366793
      vertex 1.5 9.240886092622567 -15.150670850319154
      vertex 1.5 9.232157601164564 -15.210446301683799
    endloop
  endfacet
  facet normal 1 0 0
    outer loop
      vertex 1.5 12.023760598493544 -18.621922452366793
      vertex 1.5 9.246716437114364 -15.090543500202203
      vertex 1.5 9.240886092622567 -15.150670850319154
    endloop
  endfacet
  facet normal 1 0 0
    outer loop
      vertex 1.5 12.023760598493544 -18.621922452366793
      vertex 1.5 9.24963501760024 -15.030204681545165
      vertex 1.5 9.246716437114364 -15.090543500202203
    endloop
  endfacet
  facet normal 1 0 0
    outer loop
      vertex 1.5 12.023760598493544 -18.621922452366793
      vertex 1.5 9.24963501760024 -14.969795318454835
      vertex 1.5 9.24963501760024 -15.030204681545165
    endloop
  endfacet
  facet normal 1 0 0
    outer loop
      vertex 1.5 11 -19.598076211353316
      vertex 1.5 11.121922452366793 -19.523760598493546
      vertex 1.5 11.354476958661815 -19.358159284228364
    endloop
  endfacet
  facet normal 1 0 0
    outer loop
      vertex 1.5 11.121922452366793 -19.523760598493546
      vertex 1.5 11.240170728713593 -19.443727856151007
      vertex 1.5 11.354476958661815 -19.358159284228364
    endloop
  endfacet
  facet normal 1 0 0
    outer loop
      vertex 1.5 11 -19.598076211353316
      vertex 1.5 11.354476958661815 -19.358159284228364
      vertex 1.5 11.570237034446336 -19.17120211431521
    endloop
  endfacet
  facet normal 3.6759523216913504e-17 0.6366901741190956 -0.7711197197453816
    outer loop
      vertex 1.5 11.354476958661815 -19.358159284228364
      vertex 1.4900000000000002 11.464582201835855 -19.267248723062774
      vertex 1.5 11.464582201835855 -19.267248723062774
    endloop
  endfacet
  facet normal 1 0 0
    outer loop
      vertex 1.5 11.354476958661815 -19.358159284228364
      vertex 1.5 11.464582201835855 -19.267248723062774
      vertex 1.5 11.570237034446336 -19.17120211431521
    endloop
  endfacet
  facet normal 0 0.6726603737012481 -0.7399513643828878
    outer loop
      vertex 1.4900000000000002 11.464582201835855 -19.267248723062774
      vertex 1.5 11.570237034446336 -19.17120211431521
      vertex 1.5 11.464582201835855 -19.267248723062774
    endloop
  endfacet
  facet normal 1 0 0
    outer loop
      vertex 1.5 11 -19.598076211353316
      vertex 1.5 11.570237034446336 -19.17120211431521
      vertex 1.5 12.023760598493544 -18.621922452366793
    endloop
  endfacet
  facet normal 1 0 0
    outer loop
      vertex 1.5 11.570237034446336 -19.17120211431521
      vertex 1.5 11.67120211431521 -19.070237034446336
      vertex 1.5 11.767248723062774 -18.964582201835857
    endloop
  endfacet
  facet normal 1 0 0
    outer loop
      vertex 1.5 11.570237034446336 -19.17120211431521
      vertex 1.5 11.767248723062774 -18.964582201835857
      vertex 1.5 12.023760598493544 -18.621922452366793
    endloop
  endfacet
  facet normal 1 0 0
    outer loop
      vertex 1.5 11.767248723062774 -18.964582201835857
      vertex 1.5 11.858159284228362 -18.854476958661817
      vertex 1.5 11.943727856151007 -18.740170728713593
    endloop
  endfacet
  facet normal 1 0 0
    outer loop
      vertex 1.5 11.767248723062774 -18.964582201835857
      vertex 1.5 11.943727856151007 -18.740170728713593
      vertex 1.5 12.023760598493544 -18.621922452366793
    endloop
  endfacet
  facet normal 0 0.8281492787113672 -0.5605076022408992
    outer loop
      vertex 1.4900000000000002 11.943727856151007 -18.740170728713593
      vertex 1.5 12.023760598493544 -18.621922452366793
      vertex 1.5 11.943727856151007 -18.740170728713593
    endloop
  endfacet
  facet normal 5.217223867821255e-17 0.8538812920211485 -0.5204678079730715
    outer loop
      vertex 1.5 12.023760598493544 -18.621922452366793
      vertex 1.4900000000000002 12.098076211353316 -18.5
      vertex 1.5 12.098076211353316 -18.5
    endloop
  endfacet
  facet normal 1 0 0
    outer loop
      vertex 1.5 12.023760598493544 -18.621922452366793
      vertex 1.5 12.098076211353316 -18.5
      vertex 1.5 12.228895986063556 -18.246245039005657
    endloop
  endfacet
  facet normal 1 0 0
    outer loop
      vertex 1.5 12.098076211353316 -18.5
      vertex 1.5 12.16650634596477 -18.37467956518223
      vertex 1.5 12.228895986063556 -18.246245039005657
    endloop
  endfacet
  facet normal 0 0.9192603035816611 -0.39365021816195184
    outer loop
      vertex 1.4900000000000002 12.228895986063556 -18.246245039005657
      vertex 1.4900000000000002 12.285103799048219 -18.114987366980984
      vertex 1.5 12.228895986063556 -18.246245039005657
    endloop
  endfacet
  facet normal 1 0 0
    outer loop
      vertex 1.5 12.023760598493544 -18.621922452366793
      vertex 1.5 12.228895986063556 -18.246245039005657
      vertex 1.5 12.378478920843492 -17.84519767052429
    endloop
  endfacet
  facet normal -4.249412936955095e-17 0.9192603035816611 -0.39365021816195184
    outer loop
      vertex 1.5 12.228895986063556 -18.246245039005657
      vertex 1.4900000000000002 12.285103799048219 -18.114987366980984
      vertex 1.5 12.285103799048219 -18.114987366980984
    endloop
  endfacet
  facet normal 0 0.9369497249997648 -0.34946417959909004
    outer loop
      vertex 1.4900000000000002 12.285103799048219 -18.114987366980984
      vertex 1.4900000000000002 12.335002456144005 -17.981203889952265
      vertex 1.5 12.285103799048219 -18.114987366980984
    endloop
  endfacet
  facet normal 1 0 0
    outer loop
      vertex 1.5 12.228895986063556 -18.246245039005657
      vertex 1.5 12.285103799048219 -18.114987366980984
      vertex 1.5 12.378478920843492 -17.84519767052429
    endloop
  endfacet
  facet normal 1 0 0
    outer loop
      vertex 1.5 12.023760598493544 -18.621922452366793
      vertex 1.5 12.378478920843492 -17.84519767052429
      vertex 1.5 12.5 -17
    endloop
  endfacet
  facet normal -2.6019055235428866e-16 0.9369497249997648 -0.34946417959909004
    outer loop
      vertex 1.5 12.285103799048219 -18.114987366980984
      vertex 1.4900000000000002 12.335002456144005 -17.981203889952265
      vertex 1.5 12.335002456144005 -17.981203889952265
    endloop
  endfacet
  facet normal 1 0 0
    outer loop
      vertex 1.5 12.285103799048219 -18.114987366980984
      vertex 1.5 12.335002456144005 -17.981203889952265
      vertex 1.5 12.378478920843492 -17.84519767052429
    endloop
  endfacet
  facet normal -1.0779506702472598e-16 0.9525166539358622 -0.304486492269902
    outer loop
      vertex 1.4900000000000002 12.335002456144005 -17.981203889952265
      vertex 1.4900000000000002 12.378478920843492 -17.84519767052429
      vertex 1.5 12.378478920843492 -17.84519767052429
    endloop
  endfacet
  facet normal 0 0.9525166539358622 -0.304486492269902
    outer loop
      vertex 1.4900000000000002 12.335002456144005 -17.981203889952265
      vertex 1.5 12.378478920843492 -17.84519767052429
      vertex 1.5 12.335002456144005 -17.981203889952265
    endloop
  endfacet
  facet normal 0 0.9659258262890673 -0.2588190451025247
    outer loop
      vertex 1.4900000000000002 12.378478920843492 -17.84519767052429
      vertex 1.4900000000000002 12.415434704970625 -17.70727680652828
      vertex 1.5 12.378478920843492 -17.84519767052429
    endloop
  endfacet
  facet normal -2.2218921158015694e-16 0.9659258262890673 -0.2588190451025247
    outer loop
      vertex 1.5 12.378478920843492 -17.84519767052429
      vertex 1.4900000000000002 12.415434704970625 -17.70727680652828
      vertex 1.5 12.415434704970625 -17.70727680652828
    endloop
  endfacet
  facet normal 0 0.9771468659711599 -0.2125652895529752
    outer loop
      vertex 1.4900000000000002 12.415434704970625 -17.70727680652828
      vertex 1.5 12.44578609178812 -17.56775373308123
      vertex 1.5 12.415434704970625 -17.70727680652828
    endloop
  endfacet
  facet normal 1 0 0
    outer loop
      vertex 1.5 12.378478920843492 -17.84519767052429
      vertex 1.5 12.415434704970625 -17.70727680652828
      vertex 1.5 12.44578609178812 -17.56775373308123
    endloop
  endfacet
  facet normal 1 0 0
    outer loop
      vertex 1.5 12.378478920843492 -17.84519767052429
      vertex 1.5 12.44578609178812 -17.56775373308123
      vertex 1.5 12.469464325642798 -17.426944514819855
    endloop
  endfacet
  facet normal 0 0.9929278846732877 -0.11871906265730921
    outer loop
      vertex 1.4900000000000002 12.469464325642798 -17.426944514819855
      vertex 1.4900000000000002 12.486415767719254 -17.28516812991255
      vertex 1.5 12.469464325642798 -17.426944514819855
    endloop
  endfacet
  facet normal 1 0 0
    outer loop
      vertex 1.5 12.378478920843492 -17.84519767052429
      vertex 1.5 12.469464325642798 -17.426944514819855
      vertex 1.5 12.5 -17
    endloop
  endfacet
  facet normal 1.3305737724144698e-17 0.9861543537181864 -0.1658300052543756
    outer loop
      vertex 1.5 12.44578609178812 -17.56775373308123
      vertex 1.4900000000000002 12.469464325642798 -17.426944514819855
      vertex 1.5 12.469464325642798 -17.426944514819855
    endloop
  endfacet
  facet normal 0 0.9974521146102543 -0.07133918319922078
    outer loop
      vertex 1.4900000000000002 12.486415767719254 -17.28516812991255
      vertex 1.4900000000000002 12.496602017549023 -17.142745747471228
      vertex 1.5 12.486415767719254 -17.28516812991255
    endloop
  endfacet
  facet normal 3.2394037355875416e-17 0.9929278846732877 -0.11871906265730921
    outer loop
      vertex 1.5 12.469464325642798 -17.426944514819855
      vertex 1.4900000000000002 12.486415767719254 -17.28516812991255
      vertex 1.5 12.486415767719254 -17.28516812991255
    endloop
  endfacet
  facet normal -6.404326105858736e-17 0.9974521146102543 -0.07133918319922078
    outer loop
      vertex 1.5 12.486415767719254 -17.28516812991255
      vertex 1.4900000000000002 12.496602017549023 -17.142745747471228
      vertex 1.5 12.496602017549023 -17.142745747471228
    endloop
  endfacet
  facet normal 1 0 0
    outer loop
      vertex 1.5 12.469464325642798 -17.426944514819855
      vertex 1.5 12.486415767719254 -17.28516812991255
      vertex 1.5 12.5 -17
    endloop
  endfacet
  facet normal 1 0 0
    outer loop
      vertex 1.5 12.486415767719254 -17.28516812991255
      vertex 1.5 12.496602017549023 -17.142745747471228
      vertex 1.5 12.5 -17
    endloop
  endfacet
  facet normal 0 0.9997167946931289 -0.023797697546114667
    outer loop
      vertex 1.4900000000000002 12.496602017549023 -17.142745747471228
      vertex 1.5 12.5 -17
      vertex 1.5 12.496602017549023 -17.142745747471228
    endloop
  endfacet
  facet normal 1 0 0
    outer loop
      vertex 1.5 12.098076211353316 18.5
      vertex 1.5 7.171096677199006 -14.064361564786124
      vertex 1.5 7.217268503077108 -14.025407057420972
    endloop
  endfacet
  facet normal 1 0 0
    outer loop
      vertex 1.5 12.098076211353316 18.5
      vertex 1.5 7.217268503077108 -14.025407057420972
      vertex 1.5 7.265268434634408 -13.988728757031316
    endloop
  endfacet
  facet normal 1 0 0
    outer loop
      vertex 1.5 12.098076211353316 18.5
      vertex 1.5 7.265268434634408 -13.988728757031316
      vertex 1.5 7.314984365806662 -13.954412327487216
    endloop
  endfacet
  facet normal 1 0 0
    outer loop
      vertex 1.5 12.098076211353316 18.5
      vertex 1.5 7.314984365806662 -13.954412327487216
      vertex 1.5 7.366300182733013 -13.92253791639994
    endloop
  endfacet
  facet normal 1 0 0
    outer loop
      vertex 1.5 12.098076211353316 18.5
      vertex 1.5 7.366300182733013 -13.92253791639994
      vertex 1.5 7.41909603494529 -13.893179967933488
    endloop
  endfacet
  facet normal 1 0 0
    outer loop
      vertex 1.5 12.098076211353316 18.5
      vertex 1.5 7.41909603494529 -13.893179967933488
      vertex 1.5 7.473248615284339 -13.866407048936818
    endloop
  endfacet
  facet normal 1 0 0
    outer loop
      vertex 1.5 12.098076211353316 18.5
      vertex 1.5 7.473248615284339 -13.866407048936818
      vertex 1.5 7.528631447889599 -13.84228168880278
    endloop
  endfacet
  facet normal 1 0 0
    outer loop
      vertex 1.5 12.098076211353316 18.5
      vertex 1.5 7.528631447889599 -13.84228168880278
      vertex 1.5 7.585115183589339 -13.82086023342782
    endloop
  endfacet
  facet normal 1 0 0
    outer loop
      vertex 1.5 12.098076211353316 18.5
      vertex 1.5 7.585115183589339 -13.82086023342782
      vertex 1.5 7.642567902001638 -13.802192713613543
    endloop
  endfacet
  facet normal 1 0 0
    outer loop
      vertex 1.5 12.098076211353316 18.5
      vertex 1.5 7.642567902001638 -13.802192713613543
      vertex 1.5 7.700855419640553 -13.786322728217435
    endloop
  endfacet
  facet normal 1 0 0
    outer loop
      vertex 1.5 12.098076211353316 18.5
      vertex 1.5 7.700855419640553 -13.786322728217435
      vertex 1.5 7.759841603307865 -13.773287342325734
    endloop
  endfacet
  facet normal 1 0 0
    outer loop
      vertex 1.5 12.098076211353316 18.5
      vertex 1.5 7.759841603307865 -13.773287342325734
      vertex 1.5 7.819388688038473 -13.763117000686186
    endloop
  endfacet
  facet normal 1 0 0
    outer loop
      vertex 1.5 12.098076211353316 18.5
      vertex 1.5 7.819388688038473 -13.763117000686186
      vertex 1.5 7.879357598856856 -13.75583545660294
    endloop
  endfacet
  facet normal 1 0 0
    outer loop
      vertex 1.5 12.098076211353316 18.5
      vertex 1.5 7.879357598856856 -13.75583545660294
      vertex 1.5 7.939608275593116 -13.751459716459593
    endloop
  endfacet
  facet normal 1 0 0
    outer loop
      vertex 1.5 12.098076211353316 18.5
      vertex 1.5 7.939608275593116 -13.751459716459593
      vertex 1.5 8 -13.75
    endloop
  endfacet
  facet normal 1 0 0
    outer loop
      vertex 1.5 12.023760598493544 -18.621922452366793
      vertex 1.5 12.098076211353316 18.5
      vertex 1.5 9.24963501760024 -14.969795318454835
    endloop
  endfacet
  facet normal 1 0 0
    outer loop
      vertex 1.5 12.023760598493544 -18.621922452366793
      vertex 1.5 12.5 -17
      vertex 1.5 12.098076211353316 18.5
    endloop
  endfacet
  facet normal 1 0 0
    outer loop
      vertex 1.5 12.098076211353316 18.5
      vertex 1.5 8 -13.75
      vertex 1.5 8.060391724406884 -13.751459716459593
    endloop
  endfacet
  facet normal 1 0 0
    outer loop
      vertex 1.5 12.098076211353316 18.5
      vertex 1.5 8.060391724406884 -13.751459716459593
      vertex 1.5 8.120642401143144 -13.75583545660294
    endloop
  endfacet
  facet normal 1 0 0
    outer loop
      vertex 1.5 12.098076211353316 18.5
      vertex 1.5 8.120642401143144 -13.75583545660294
      vertex 1.5 8.180611311961528 -13.763117000686186
    endloop
  endfacet
  facet normal 1 0 0
    outer loop
      vertex 1.5 12.098076211353316 18.5
      vertex 1.5 8.180611311961528 -13.763117000686186
      vertex 1.5 8.240158396692136 -13.773287342325734
    endloop
  endfacet
  facet normal 1 0 0
    outer loop
      vertex 1.5 12.098076211353316 18.5
      vertex 1.5 8.240158396692136 -13.773287342325734
      vertex 1.5 8.299144580359448 -13.786322728217435
    endloop
  endfacet
  facet normal 1 0 0
    outer loop
      vertex 1.5 12.098076211353316 18.5
      vertex 1.5 8.299144580359448 -13.786322728217435
      vertex 1.5 8.35743209799836 -13.802192713613543
    endloop
  endfacet
  facet normal 1 0 0
    outer loop
      vertex 1.5 12.098076211353316 18.5
      vertex 1.5 8.41488481641066 -13.82086023342782
      vertex 1.5 8.4713685521104 -13.84228168880278
    endloop
  endfacet
  facet normal 1 0 0
    outer loop
      vertex 1.5 12.098076211353316 18.5
      vertex 1.5 8.35743209799836 -13.802192713613543
      vertex 1.5 8.41488481641066 -13.82086023342782
    endloop
  endfacet
  facet normal 1 0 0
    outer loop
      vertex 1.5 12.098076211353316 18.5
      vertex 1.5 8.4713685521104 -13.84228168880278
      vertex 1.5 8.526751384715661 -13.866407048936818
    endloop
  endfacet
  facet normal 1 0 0
    outer loop
      vertex 1.5 12.098076211353316 18.5
      vertex 1.5 8.526751384715661 -13.866407048936818
      vertex 1.5 8.580903965054711 -13.893179967933488
    endloop
  endfacet
  facet normal 1 0 0
    outer loop
      vertex 1.5 12.098076211353316 18.5
      vertex 1.5 8.633699817266988 -13.92253791639994
      vertex 1.5 8.685015634193338 -13.954412327487216
    endloop
  endfacet
  facet normal 1 0 0
    outer loop
      vertex 1.5 12.098076211353316 18.5
      vertex 1.5 8.685015634193338 -13.954412327487216
      vertex 1.5 8.73473156536559 -13.988728757031316
    endloop
  endfacet
  facet normal 1 0 0
    outer loop
      vertex 1.5 12.098076211353316 18.5
      vertex 1.5 8.73473156536559 -13.988728757031316
      vertex 1.5 8.782731496922892 -14.025407057420972
    endloop
  endfacet
  facet normal 1 0 0
    outer loop
      vertex 1.5 12.098076211353316 18.5
      vertex 1.5 8.782731496922892 -14.025407057420972
      vertex 1.5 8.828903322800993 -14.064361564786124
    endloop
  endfacet
  facet normal 1 0 0
    outer loop
      vertex 1.5 12.098076211353316 18.5
      vertex 1.5 8.828903322800993 -14.064361564786124
      vertex 1.5 8.873139206561172 -14.10550129906985
    endloop
  endfacet
  facet normal 1 0 0
    outer loop
      vertex 1.5 12.098076211353316 18.5
      vertex 1.5 9.092460040783147 -14.392520733446743
      vertex 1.5 9.12053367161963 -14.446010568000949
    endloop
  endfacet
  facet normal 1 0 0
    outer loop
      vertex 1.5 12.098076211353316 18.5
      vertex 1.5 9.16877030335677 -14.556743891196831
      vertex 1.5 9.188820645368942 -14.613728757031316
    endloop
  endfacet
  facet normal 1 0 0
    outer loop
      vertex 1.5 12.098076211353316 18.5
      vertex 1.5 9.145990244145729 -14.50079427054288
      vertex 1.5 9.16877030335677 -14.556743891196831
    endloop
  endfacet
  facet normal 1 0 0
    outer loop
      vertex 1.5 12.098076211353316 18.5
      vertex 1.5 9.12053367161963 -14.446010568000949
      vertex 1.5 9.145990244145729 -14.50079427054288
    endloop
  endfacet
  facet normal 1 0 0
    outer loop
      vertex 1.5 12.098076211353316 18.5
      vertex 1.5 8.95539465068231 -14.193947234079786
      vertex 1.5 8.993222099642193 -14.241046865226611
    endloop
  endfacet
  facet normal 1 0 0
    outer loop
      vertex 1.5 12.098076211353316 18.5
      vertex 1.5 8.993222099642193 -14.241046865226611
      vertex 1.5 9.02872983236707 -14.289919066586055
    endloop
  endfacet
  facet normal 1 0 0
    outer loop
      vertex 1.5 12.098076211353316 18.5
      vertex 1.5 8.873139206561172 -14.10550129906985
      vertex 1.5 8.915335833247216 -14.148730176516503
    endloop
  endfacet
  facet normal 1 0 0
    outer loop
      vertex 1.5 12.098076211353316 18.5
      vertex 1.5 8.915335833247216 -14.148730176516503
      vertex 1.5 8.95539465068231 -14.193947234079786
    endloop
  endfacet
  facet normal 1 0 0
    outer loop
      vertex 1.5 12.098076211353316 18.5
      vertex 1.5 9.02872983236707 -14.289919066586055
      vertex 1.5 9.061834918901901 -14.340449694867335
    endloop
  endfacet
  facet normal 1 0 0
    outer loop
      vertex 1.5 12.098076211353316 18.5
      vertex 1.5 9.061834918901901 -14.340449694867335
      vertex 1.5 9.092460040783147 -14.392520733446743
    endloop
  endfacet
  facet normal 1 0 0
    outer loop
      vertex 1.5 12.098076211353316 18.5
      vertex 1.5 8.580903965054711 -13.893179967933488
      vertex 1.5 8.633699817266988 -13.92253791639994
    endloop
  endfacet
  facet normal 1 0 0
    outer loop
      vertex 1.5 12.098076211353316 18.5
      vertex 1.5 9.246716437114364 -14.909456499797797
      vertex 1.5 9.24963501760024 -14.969795318454835
    endloop
  endfacet
  facet normal 1 0 0
    outer loop
      vertex 1.5 12.098076211353316 18.5
      vertex 1.5 9.240886092622567 -14.849329149680846
      vertex 1.5 9.246716437114364 -14.909456499797797
    endloop
  endfacet
  facet normal 1 0 0
    outer loop
      vertex 1.5 12.098076211353316 18.5
      vertex 1.5 9.232157601164564 -14.789553698316201
      vertex 1.5 9.240886092622567 -14.849329149680846
    endloop
  endfacet
  facet normal 1 0 0
    outer loop
      vertex 1.5 12.098076211353316 18.5
      vertex 1.5 9.22055134853659 -14.730269754040243
      vertex 1.5 9.232157601164564 -14.789553698316201
    endloop
  endfacet
  facet normal 1 0 0
    outer loop
      vertex 1.5 12.098076211353316 18.5
      vertex 1.5 9.20609444167944 -14.671615777251766
      vertex 1.5 9.22055134853659 -14.730269754040243
    endloop
  endfacet
  facet normal 1 0 0
    outer loop
      vertex 1.5 12.098076211353316 18.5
      vertex 1.5 9.188820645368942 -14.613728757031316
      vertex 1.5 9.20609444167944 -14.671615777251766
    endloop
  endfacet
  facet normal 0 1 0
    outer loop
      vertex -1.5 12.5 17
      vertex 1.5 12.5 17
      vertex 1.5 12.5 -17
    endloop
  endfacet
  facet normal 0 0.023797697546114962 0.9997167946931289
    outer loop
      vertex -1.5 9.5 20
      vertex 1.5 9.5 20
      vertex 1.4900000000000002 9.642745747471226 19.996602017549023
    endloop
  endfacet
  facet normal 0 0.07133918319921989 0.9974521146102544
    outer loop
      vertex -1.5 9.785168129912549 19.986415767719254
      vertex 1.4900000000000002 9.642745747471226 19.996602017549023
      vertex 1.4900000000000002 9.785168129912549 19.986415767719254
    endloop
  endfacet
  facet normal 5.384251967303912e-17 0.11871906265731938 0.9929278846732865
    outer loop
      vertex -1.5 9.926944514819855 19.969464325642797
      vertex 1.4900000000000002 9.785168129912549 19.986415767719254
      vertex 1.5 9.785168129912549 19.986415767719254
    endloop
  endfacet
  facet normal 0 0.11871906265732148 0.9929278846732863
    outer loop
      vertex -1.5 9.926944514819855 19.969464325642797
      vertex 1.5 9.785168129912549 19.986415767719254
      vertex 1.5 9.926944514819855 19.969464325642797
    endloop
  endfacet
  facet normal 0 0.16583000525434935 0.9861543537181907
    outer loop
      vertex -1.5 9.926944514819855 19.969464325642797
      vertex 1.5 9.926944514819855 19.969464325642797
      vertex 1.5 10.067753733081231 19.945786091788122
    endloop
  endfacet
  facet normal 0 0.21256528955298967 0.9771468659711566
    outer loop
      vertex -1.5 10.067753733081231 19.945786091788122
      vertex 1.5 10.067753733081231 19.945786091788122
      vertex 1.5 10.20727680652828 19.915434704970625
    endloop
  endfacet
  facet normal -1.2678005340378e-16 0.2125652895529918 0.9771468659711562
    outer loop
      vertex -1.5 10.067753733081231 19.945786091788122
      vertex 1.5 10.20727680652828 19.915434704970625
      vertex 1.4900000000000002 10.20727680652828 19.915434704970625
    endloop
  endfacet
  facet normal 0 0 0
    outer loop
      vertex -1.5 10.20727680652828 19.915434704970625
      vertex 1.4900000000000002 10.20727680652828 19.915434704970625
      vertex 1.5 10.20727680652828 19.915434704970625
    endloop
  endfacet
  facet normal 0 0.2588190451025247 0.9659258262890672
    outer loop
      vertex -1.5 10.34519767052429 19.87847892084349
      vertex 1.5 10.20727680652828 19.915434704970625
      vertex 1.5 10.34519767052429 19.87847892084349
    endloop
  endfacet
  facet normal 0 0.3044864922699133 0.9525166539358585
    outer loop
      vertex -1.5 10.481203889952265 19.835002456144004
      vertex 1.5 10.34519767052429 19.87847892084349
      vertex 1.5 10.481203889952265 19.835002456144004
    endloop
  endfacet
  facet normal 0 0.3494641795990832 0.9369497249997674
    outer loop
      vertex -1.5 10.481203889952265 19.835002456144004
      vertex 1.5 10.481203889952265 19.835002456144004
      vertex 1.5 10.614987366980982 19.78510379904822
    endloop
  endfacet
  facet normal -2.3730855272879167e-16 0.3494641795990798 0.9369497249997687
    outer loop
      vertex -1.5 10.481203889952265 19.835002456144004
      vertex 1.5 10.614987366980982 19.78510379904822
      vertex 1.4900000000000002 10.614987366980982 19.78510379904822
    endloop
  endfacet
  facet normal 0 0.3936502181619428 0.9192603035816649
    outer loop
      vertex -1.5 10.614987366980982 19.78510379904822
      vertex 1.4900000000000002 10.614987366980982 19.78510379904822
      vertex 1.4900000000000002 10.74624503900566 19.728895986063556
    endloop
  endfacet
  facet normal 0 0.4369445123693641 0.8994884619106011
    outer loop
      vertex -1.5 10.874679565182232 19.66650634596477
      vertex 1.5 10.74624503900566 19.728895986063556
      vertex 1.4900000000000002 10.874679565182232 19.66650634596477
    endloop
  endfacet
  facet normal 1.364821946420586e-16 0.4369445123693596 0.899488461910603
    outer loop
      vertex -1.5 10.874679565182232 19.66650634596477
      vertex 1.4900000000000002 10.74624503900566 19.728895986063556
      vertex 1.5 10.74624503900566 19.728895986063556
    endloop
  endfacet
  facet normal 0 0.9997167946931288 0.023797697546114664
    outer loop
      vertex -1.5 12.5 17
      vertex 1.4900000000000002 12.496602017549023 17.142745747471228
      vertex 1.5 12.5 17
    endloop
  endfacet
  facet normal 0 0.9974521146102544 0.07133918319922078
    outer loop
      vertex -1.5 12.486415767719254 17.28516812991255
      vertex 1.4900000000000002 12.486415767719254 17.28516812991255
      vertex 1.4900000000000002 12.496602017549023 17.142745747471228
    endloop
  endfacet
  facet normal 0 0.9929278846732877 0.11871906265730922
    outer loop
      vertex -1.5 12.486415767719254 17.28516812991255
      vertex 1.5 12.469464325642798 17.426944514819855
      vertex 1.4900000000000002 12.486415767719254 17.28516812991255
    endloop
  endfacet
  facet normal 0 0.4792489867200558 0.8776789895672563
    outer loop
      vertex -1.5 11 19.598076211353316
      vertex 1.4900000000000002 10.874679565182232 19.66650634596477
      vertex 1.4900000000000002 11 19.598076211353316
    endloop
  endfacet
  facet normal 0 0.5204678079730625 0.853881292021154
    outer loop
      vertex -1.5 11 19.598076211353316
      vertex 1.4900000000000002 11 19.598076211353316
      vertex 1.4900000000000002 11.121922452366793 19.523760598493546
    endloop
  endfacet
  facet normal 0 0.560507602240902 0.8281492787113655
    outer loop
      vertex -1.5 11.121922452366793 19.523760598493546
      vertex 1.4900000000000002 11.121922452366793 19.523760598493546
      vertex 1.4900000000000002 11.240170728713595 19.443727856151007
    endloop
  endfacet
  facet normal 0 0.5992776665113378 0.8005412409243672
    outer loop
      vertex -1.5 11.354476958661817 19.358159284228364
      vertex 1.4900000000000002 11.240170728713595 19.443727856151007
      vertex 1.4900000000000002 11.354476958661817 19.358159284228364
    endloop
  endfacet
  facet normal 0 0.6366901741191016 0.7711197197453764
    outer loop
      vertex -1.5 11.354476958661817 19.358159284228364
      vertex 1.4900000000000002 11.354476958661817 19.358159284228364
      vertex 1.4900000000000002 11.464582201835855 19.267248723062774
    endloop
  endfacet
  facet normal 0 0.7399513643828821 0.6726603737012544
    outer loop
      vertex -1.5 11.67120211431521 19.070237034446336
      vertex 1.4900000000000002 11.67120211431521 19.070237034446336
      vertex 1.4900000000000002 11.767248723062774 18.964582201835857
    endloop
  endfacet
  facet normal 0 0.6726603737012482 0.7399513643828878
    outer loop
      vertex -1.5 11.570237034446336 19.17120211431521
      vertex 1.4900000000000002 11.464582201835855 19.267248723062774
      vertex 1.4900000000000002 11.570237034446336 19.17120211431521
    endloop
  endfacet
  facet normal 0 0.7071067811865476 0.7071067811865476
    outer loop
      vertex -1.5 11.570237034446336 19.17120211431521
      vertex 1.4900000000000002 11.570237034446336 19.17120211431521
      vertex 1.4900000000000002 11.67120211431521 19.070237034446336
    endloop
  endfacet
  facet normal 0 0.8281492787113672 0.5605076022408993
    outer loop
      vertex -1.5 11.943727856151007 18.740170728713593
      vertex 1.4900000000000002 11.943727856151007 18.740170728713593
      vertex 1.4900000000000002 12.023760598493544 18.621922452366793
    endloop
  endfacet
  facet normal 0 0.8538812920211486 0.5204678079730716
    outer loop
      vertex -1.5 12.098076211353316 18.5
      vertex 1.4900000000000002 12.023760598493544 18.621922452366793
      vertex 1.5 12.098076211353316 18.5
    endloop
  endfacet
  facet normal 0 0.9369497249997648 0.3494641795990901
    outer loop
      vertex -1.5 12.285103799048219 18.114987366980984
      vertex 1.4900000000000002 12.285103799048219 18.114987366980984
      vertex 1.4900000000000002 12.335002456144005 17.981203889952265
    endloop
  endfacet
  facet normal 0 0.9861543537181864 0.1658300052543756
    outer loop
      vertex -1.5 12.44578609178812 17.56775373308123
      vertex 1.4900000000000002 12.44578609178812 17.56775373308123
      vertex 1.5 12.469464325642798 17.426944514819855
    endloop
  endfacet
  facet normal 0 0.97714686597116 0.21256528955297524
    outer loop
      vertex -1.5 12.415434704970625 17.70727680652828
      vertex 1.5 12.415434704970625 17.70727680652828
      vertex 1.4900000000000002 12.44578609178812 17.56775373308123
    endloop
  endfacet
  facet normal 0 0.9659258262890672 0.2588190451025247
    outer loop
      vertex -1.5 12.415434704970625 17.70727680652828
      vertex 1.5 12.378478920843492 17.84519767052429
      vertex 1.5 12.415434704970625 17.70727680652828
    endloop
  endfacet
  facet normal 0 0.9525166539358622 0.304486492269902
    outer loop
      vertex -1.5 12.378478920843492 17.84519767052429
      vertex 1.4900000000000002 12.335002456144005 17.981203889952265
      vertex 1.5 12.378478920843492 17.84519767052429
    endloop
  endfacet
  facet normal 0 0.877678989567259 0.47924898672005045
    outer loop
      vertex -1.5 12.16650634596477 18.37467956518223
      vertex 1.5 12.098076211353316 18.5
      vertex 1.5 12.16650634596477 18.37467956518223
    endloop
  endfacet
  facet normal 0 0.899488461910601 0.43694451236936405
    outer loop
      vertex -1.5 12.16650634596477 18.37467956518223
      vertex 1.5 12.16650634596477 18.37467956518223
      vertex 1.5 12.228895986063556 18.246245039005657
    endloop
  endfacet
  facet normal 0 0.9192603035816611 0.39365021816195184
    outer loop
      vertex -1.5 12.228895986063556 18.246245039005657
      vertex 1.5 12.228895986063556 18.246245039005657
      vertex 1.4900000000000002 12.285103799048219 18.114987366980984
    endloop
  endfacet
  facet normal 0 0.7711197197453877 0.6366901741190881
    outer loop
      vertex -1.5 11.858159284228362 18.854476958661817
      vertex 1.4900000000000002 11.767248723062774 18.964582201835857
      vertex 1.4900000000000002 11.858159284228362 18.854476958661817
    endloop
  endfacet
  facet normal 0 0.8005412409243658 0.5992776665113398
    outer loop
      vertex -1.5 11.858159284228362 18.854476958661817
      vertex 1.4900000000000002 11.858159284228362 18.854476958661817
      vertex 1.4900000000000002 11.943727856151007 18.740170728713593
    endloop
  endfacet
  facet normal 1 0 0
    outer loop
      vertex 1.5 -12.023760598493544 18.621922452366793
      vertex 1.5 12.098076211353316 18.5
      vertex 1.5 9.5 20
    endloop
  endfacet
  facet normal 1 0 0
    outer loop
      vertex 1.5 12.5 -17
      vertex 1.5 12.5 17
      vertex 1.5 12.098076211353316 18.5
    endloop
  endfacet
  facet normal -3.968500484043814e-18 0.023797697546114962 0.9997167946931289
    outer loop
      vertex 1.5 9.5 20
      vertex 1.5 9.642745747471226 19.996602017549023
      vertex 1.4900000000000002 9.642745747471226 19.996602017549023
    endloop
  endfacet
  facet normal 1 0 0
    outer loop
      vertex 1.5 9.5 20
      vertex 1.5 9.785168129912549 19.986415767719254
      vertex 1.5 9.642745747471226 19.996602017549023
    endloop
  endfacet
  facet normal -3.65130582278837e-18 0.07133918319921989 0.9974521146102544
    outer loop
      vertex 1.4900000000000002 9.642745747471226 19.996602017549023
      vertex 1.5 9.785168129912549 19.986415767719254
      vertex 1.4900000000000002 9.785168129912549 19.986415767719254
    endloop
  endfacet
  facet normal 0 0.07133918319921989 0.9974521146102544
    outer loop
      vertex 1.4900000000000002 9.642745747471226 19.996602017549023
      vertex 1.5 9.642745747471226 19.996602017549023
      vertex 1.5 9.785168129912549 19.986415767719254
    endloop
  endfacet
  facet normal 1 0 0
    outer loop
      vertex 1.5 9.5 20
      vertex 1.5 10.20727680652828 19.915434704970625
      vertex 1.5 9.785168129912549 19.986415767719254
    endloop
  endfacet
  facet normal 1 0 0
    outer loop
      vertex 1.5 9.785168129912549 19.986415767719254
      vertex 1.5 10.067753733081231 19.945786091788122
      vertex 1.5 9.926944514819855 19.969464325642797
    endloop
  endfacet
  facet normal 1 0 0
    outer loop
      vertex 1.5 9.785168129912549 19.986415767719254
      vertex 1.5 10.20727680652828 19.915434704970625
      vertex 1.5 10.067753733081231 19.945786091788122
    endloop
  endfacet
  facet normal 1 0 0
    outer loop
      vertex 1.5 9.5 20
      vertex 1.5 11 19.598076211353316
      vertex 1.5 10.20727680652828 19.915434704970625
    endloop
  endfacet
  facet normal 1 0 0
    outer loop
      vertex 1.5 10.20727680652828 19.915434704970625
      vertex 1.5 10.614987366980982 19.78510379904822
      vertex 1.5 10.34519767052429 19.87847892084349
    endloop
  endfacet
  facet normal 1 0 0
    outer loop
      vertex 1.5 10.34519767052429 19.87847892084349
      vertex 1.5 10.614987366980982 19.78510379904822
      vertex 1.5 10.481203889952265 19.835002456144004
    endloop
  endfacet
  facet normal 1 0 0
    outer loop
      vertex 1.5 9.5 20
      vertex 1.5 12.098076211353316 18.5
      vertex 1.5 11 19.598076211353316
    endloop
  endfacet
  facet normal 1 0 0
    outer loop
      vertex 1.5 10.20727680652828 19.915434704970625
      vertex 1.5 11 19.598076211353316
      vertex 1.5 10.614987366980982 19.78510379904822
    endloop
  endfacet
  facet normal 0 0.39365021816194284 0.919260303581665
    outer loop
      vertex 1.4900000000000002 10.614987366980982 19.78510379904822
      vertex 1.5 10.614987366980982 19.78510379904822
      vertex 1.4900000000000002 10.74624503900566 19.728895986063556
    endloop
  endfacet
  facet normal -9.552083920669039e-17 0.39365021816194284 0.919260303581665
    outer loop
      vertex 1.5 10.614987366980982 19.78510379904822
      vertex 1.5 10.74624503900566 19.728895986063556
      vertex 1.4900000000000002 10.74624503900566 19.728895986063556
    endloop
  endfacet
  facet normal 0 0.43694451236936405 0.8994884619106011
    outer loop
      vertex 1.4900000000000002 10.874679565182232 19.66650634596477
      vertex 1.5 10.74624503900566 19.728895986063556
      vertex 1.5 10.874679565182232 19.66650634596477
    endloop
  endfacet
  facet normal 1 0 0
    outer loop
      vertex 1.5 10.874679565182232 19.66650634596477
      vertex 1.5 10.74624503900566 19.728895986063556
      vertex 1.5 11 19.598076211353316
    endloop
  endfacet
  facet normal 0 0.4792489867200557 0.8776789895672562
    outer loop
      vertex 1.4900000000000002 10.874679565182232 19.66650634596477
      vertex 1.5 10.874679565182232 19.66650634596477
      vertex 1.5 11 19.598076211353316
    endloop
  endfacet
  facet normal 1 0 0
    outer loop
      vertex 1.5 10.614987366980982 19.78510379904822
      vertex 1.5 11 19.598076211353316
      vertex 1.5 10.74624503900566 19.728895986063556
    endloop
  endfacet
  facet normal -1.707012486347682e-17 0.9997167946931289 0.023797697546114667
    outer loop
      vertex 1.5 12.5 17
      vertex 1.4900000000000002 12.496602017549023 17.142745747471228
      vertex 1.5 12.496602017549023 17.142745747471228
    endloop
  endfacet
  facet normal 0 0.9974521146102543 0.07133918319922078
    outer loop
      vertex 1.4900000000000002 12.496602017549023 17.142745747471228
      vertex 1.4900000000000002 12.486415767719254 17.28516812991255
      vertex 1.5 12.496602017549023 17.142745747471228
    endloop
  endfacet
  facet normal 6.404326105858736e-17 0.9974521146102543 0.07133918319922078
    outer loop
      vertex 1.5 12.496602017549023 17.142745747471228
      vertex 1.4900000000000002 12.486415767719254 17.28516812991255
      vertex 1.5 12.486415767719254 17.28516812991255
    endloop
  endfacet
  facet normal 0 0.9929278846732877 0.11871906265730921
    outer loop
      vertex 1.4900000000000002 12.486415767719254 17.28516812991255
      vertex 1.5 12.469464325642798 17.426944514819855
      vertex 1.5 12.486415767719254 17.28516812991255
    endloop
  endfacet
  facet normal 1 0 0
    outer loop
      vertex 1.5 12.5 17
      vertex 1.5 12.496602017549023 17.142745747471228
      vertex 1.5 12.378478920843492 17.84519767052429
    endloop
  endfacet
  facet normal 1 0 0
    outer loop
      vertex 1.5 12.496602017549023 17.142745747471228
      vertex 1.5 12.486415767719254 17.28516812991255
      vertex 1.5 12.469464325642798 17.426944514819855
    endloop
  endfacet
  facet normal 1 0 0
    outer loop
      vertex 1.5 12.496602017549023 17.142745747471228
      vertex 1.5 12.469464325642798 17.426944514819855
      vertex 1.5 12.378478920843492 17.84519767052429
    endloop
  endfacet
  facet normal 5.440394026554838e-16 0.4792489867200557 0.8776789895672562
    outer loop
      vertex 1.4900000000000002 10.874679565182232 19.66650634596477
      vertex 1.5 11 19.598076211353316
      vertex 1.4900000000000002 11 19.598076211353316
    endloop
  endfacet
  facet normal 0 0.5204678079730625 0.8538812920211541
    outer loop
      vertex 1.4900000000000002 11 19.598076211353316
      vertex 1.5 11 19.598076211353316
      vertex 1.4900000000000002 11.121922452366793 19.523760598493546
    endloop
  endfacet
  facet normal -2.361202574510383e-16 0.5204678079730625 0.8538812920211541
    outer loop
      vertex 1.5 11 19.598076211353316
      vertex 1.5 11.121922452366793 19.523760598493546
      vertex 1.4900000000000002 11.121922452366793 19.523760598493546
    endloop
  endfacet
  facet normal 0 0.5605076022409021 0.8281492787113655
    outer loop
      vertex 1.4900000000000002 11.121922452366793 19.523760598493546
      vertex 1.5 11.121922452366793 19.523760598493546
      vertex 1.4900000000000002 11.240170728713595 19.443727856151007
    endloop
  endfacet
  facet normal 1 0 0
    outer loop
      vertex 1.5 11 19.598076211353316
      vertex 1.5 11.354476958661817 19.358159284228364
      vertex 1.5 11.121922452366793 19.523760598493546
    endloop
  endfacet
  facet normal 2.462700493676075e-16 0.5605076022409021 0.8281492787113655
    outer loop
      vertex 1.5 11.121922452366793 19.523760598493546
      vertex 1.5 11.240170728713595 19.443727856151007
      vertex 1.4900000000000002 11.240170728713595 19.443727856151007
    endloop
  endfacet
  facet normal -5.093585018037941e-16 0.5992776665113377 0.8005412409243671
    outer loop
      vertex 1.4900000000000002 11.240170728713595 19.443727856151007
      vertex 1.5 11.354476958661817 19.358159284228364
      vertex 1.4900000000000002 11.354476958661817 19.358159284228364
    endloop
  endfacet
  facet normal 0 0.5992776665113377 0.8005412409243671
    outer loop
      vertex 1.4900000000000002 11.240170728713595 19.443727856151007
      vertex 1.5 11.240170728713595 19.443727856151007
      vertex 1.5 11.354476958661817 19.358159284228364
    endloop
  endfacet
  facet normal 1 0 0
    outer loop
      vertex 1.5 11.121922452366793 19.523760598493546
      vertex 1.5 11.354476958661817 19.358159284228364
      vertex 1.5 11.240170728713595 19.443727856151007
    endloop
  endfacet
  facet normal 1 0 0
    outer loop
      vertex 1.5 11 19.598076211353316
      vertex 1.5 11.570237034446336 19.17120211431521
      vertex 1.5 11.354476958661817 19.358159284228364
    endloop
  endfacet
  facet normal 0 0.6366901741191017 0.7711197197453765
    outer loop
      vertex 1.4900000000000002 11.354476958661817 19.358159284228364
      vertex 1.5 11.354476958661817 19.358159284228364
      vertex 1.4900000000000002 11.464582201835855 19.267248723062774
    endloop
  endfacet
  facet normal 1 0 0
    outer loop
      vertex 1.5 11.354476958661817 19.358159284228364
      vertex 1.5 11.570237034446336 19.17120211431521
      vertex 1.5 11.464582201835855 19.267248723062774
    endloop
  endfacet
  facet normal 7.551592840064136e-17 0.6366901741191017 0.7711197197453765
    outer loop
      vertex 1.5 11.354476958661817 19.358159284228364
      vertex 1.5 11.464582201835855 19.267248723062774
      vertex 1.4900000000000002 11.464582201835855 19.267248723062774
    endloop
  endfacet
  facet normal 0 0.6726603737012481 0.7399513643828878
    outer loop
      vertex 1.4900000000000002 11.464582201835855 19.267248723062774
      vertex 1.5 11.464582201835855 19.267248723062774
      vertex 1.5 11.570237034446336 19.17120211431521
    endloop
  endfacet
  facet normal 0 0.7399513643828822 0.6726603737012543
    outer loop
      vertex 1.4900000000000002 11.67120211431521 19.070237034446336
      vertex 1.5 11.67120211431521 19.070237034446336
      vertex 1.4900000000000002 11.767248723062774 18.964582201835857
    endloop
  endfacet
  facet normal 1 0 0
    outer loop
      vertex 1.5 11.570237034446336 19.17120211431521
      vertex 1.5 11.858159284228362 18.854476958661817
      vertex 1.5 11.67120211431521 19.070237034446336
    endloop
  endfacet
  facet normal 4.3828661176836177e-16 0.6726603737012481 0.7399513643828878
    outer loop
      vertex 1.4900000000000002 11.464582201835855 19.267248723062774
      vertex 1.5 11.570237034446336 19.17120211431521
      vertex 1.4900000000000002 11.570237034446336 19.17120211431521
    endloop
  endfacet
  facet normal 0 0.7071067811865476 0.7071067811865476
    outer loop
      vertex 1.4900000000000002 11.570237034446336 19.17120211431521
      vertex 1.5 11.570237034446336 19.17120211431521
      vertex 1.4900000000000002 11.67120211431521 19.070237034446336
    endloop
  endfacet
  facet normal 1 0 0
    outer loop
      vertex 1.5 11 19.598076211353316
      vertex 1.5 12.098076211353316 18.5
      vertex 1.5 11.570237034446336 19.17120211431521
    endloop
  endfacet
  facet normal 2.3853428523048195e-16 0.7071067811865476 0.7071067811865476
    outer loop
      vertex 1.5 11.570237034446336 19.17120211431521
      vertex 1.5 11.67120211431521 19.070237034446336
      vertex 1.4900000000000002 11.67120211431521 19.070237034446336
    endloop
  endfacet
  facet normal 2.9457867854748194e-16 0.8281492787113672 0.5605076022408992
    outer loop
      vertex 1.4900000000000002 11.943727856151007 18.740170728713593
      vertex 1.5 12.023760598493544 18.621922452366793
      vertex 1.4900000000000002 12.023760598493544 18.621922452366793
    endloop
  endfacet
  facet normal 1 0 0
    outer loop
      vertex 1.5 11.943727856151007 18.740170728713593
      vertex 1.5 11.858159284228362 18.854476958661817
      vertex 1.5 12.023760598493544 18.621922452366793
    endloop
  endfacet
  facet normal 1 0 0
    outer loop
      vertex 1.5 12.098076211353316 18.5
      vertex 1.5 12.023760598493544 18.621922452366793
      vertex 1.5 11.858159284228362 18.854476958661817
    endloop
  endfacet
  facet normal 0 0.8281492787113672 0.5605076022408992
    outer loop
      vertex 1.4900000000000002 11.943727856151007 18.740170728713593
      vertex 1.5 11.943727856151007 18.740170728713593
      vertex 1.5 12.023760598493544 18.621922452366793
    endloop
  endfacet
  facet normal -5.217223867821255e-17 0.8538812920211485 0.5204678079730715
    outer loop
      vertex 1.5 12.098076211353316 18.5
      vertex 1.4900000000000002 12.023760598493544 18.621922452366793
      vertex 1.5 12.023760598493544 18.621922452366793
    endloop
  endfacet
  facet normal 0 0.9369497249997648 0.34946417959909004
    outer loop
      vertex 1.4900000000000002 12.285103799048219 18.114987366980984
      vertex 1.5 12.285103799048219 18.114987366980984
      vertex 1.4900000000000002 12.335002456144005 17.981203889952265
    endloop
  endfacet
  facet normal 1 0 0
    outer loop
      vertex 1.5 12.285103799048219 18.114987366980984
      vertex 1.5 12.228895986063556 18.246245039005657
      vertex 1.5 12.378478920843492 17.84519767052429
    endloop
  endfacet
  facet normal 1 0 0
    outer loop
      vertex 1.5 12.5 17
      vertex 1.5 12.378478920843492 17.84519767052429
      vertex 1.5 12.098076211353316 18.5
    endloop
  endfacet
  facet normal 1 0 0
    outer loop
      vertex 1.5 12.469464325642798 17.426944514819855
      vertex 1.5 12.44578609178812 17.56775373308123
      vertex 1.5 12.415434704970625 17.70727680652828
    endloop
  endfacet
  facet normal 0 0.9771468659711599 0.2125652895529752
    outer loop
      vertex 1.4900000000000002 12.44578609178812 17.56775373308123
      vertex 1.5 12.415434704970625 17.70727680652828
      vertex 1.5 12.44578609178812 17.56775373308123
    endloop
  endfacet
  facet normal -1.3305737724144698e-17 0.9861543537181864 0.1658300052543756
    outer loop
      vertex 1.5 12.469464325642798 17.426944514819855
      vertex 1.4900000000000002 12.44578609178812 17.56775373308123
      vertex 1.5 12.44578609178812 17.56775373308123
    endloop
  endfacet
  facet normal 1 0 0
    outer loop
      vertex 1.5 12.469464325642798 17.426944514819855
      vertex 1.5 12.415434704970625 17.70727680652828
      vertex 1.5 12.378478920843492 17.84519767052429
    endloop
  endfacet
  facet normal 1.0779506702472598e-16 0.9525166539358622 0.304486492269902
    outer loop
      vertex 1.5 12.378478920843492 17.84519767052429
      vertex 1.4900000000000002 12.335002456144005 17.981203889952265
      vertex 1.5 12.335002456144005 17.981203889952265
    endloop
  endfacet
  facet normal 2.6019055235428866e-16 0.9369497249997648 0.34946417959909004
    outer loop
      vertex 1.5 12.285103799048219 18.114987366980984
      vertex 1.5 12.335002456144005 17.981203889952265
      vertex 1.4900000000000002 12.335002456144005 17.981203889952265
    endloop
  endfacet
  facet normal 1 0 0
    outer loop
      vertex 1.5 12.285103799048219 18.114987366980984
      vertex 1.5 12.378478920843492 17.84519767052429
      vertex 1.5 12.335002456144005 17.981203889952265
    endloop
  endfacet
  facet normal 1 0 0
    outer loop
      vertex 1.5 12.098076211353316 18.5
      vertex 1.5 12.228895986063556 18.246245039005657
      vertex 1.5 12.16650634596477 18.37467956518223
    endloop
  endfacet
  facet normal 1 0 0
    outer loop
      vertex 1.5 12.098076211353316 18.5
      vertex 1.5 12.378478920843492 17.84519767052429
      vertex 1.5 12.228895986063556 18.246245039005657
    endloop
  endfacet
  facet normal 0 0.9192603035816611 0.39365021816195184
    outer loop
      vertex 1.4900000000000002 12.285103799048219 18.114987366980984
      vertex 1.5 12.228895986063556 18.246245039005657
      vertex 1.5 12.285103799048219 18.114987366980984
    endloop
  endfacet
  facet normal 1 0 0
    outer loop
      vertex 1.5 11.67120211431521 19.070237034446336
      vertex 1.5 11.858159284228362 18.854476958661817
      vertex 1.5 11.767248723062774 18.964582201835857
    endloop
  endfacet
  facet normal -3.493062282464287e-16 0.7399513643828822 0.6726603737012543
    outer loop
      vertex 1.5 11.67120211431521 19.070237034446336
      vertex 1.5 11.767248723062774 18.964582201835857
      vertex 1.4900000000000002 11.767248723062774 18.964582201835857
    endloop
  endfacet
  facet normal 0 0.7711197197453876 0.6366901741190881
    outer loop
      vertex 1.4900000000000002 11.767248723062774 18.964582201835857
      vertex 1.5 11.767248723062774 18.964582201835857
      vertex 1.5 11.858159284228362 18.854476958661817
    endloop
  endfacet
  facet normal -3.4319744541360446e-16 0.7711197197453876 0.6366901741190881
    outer loop
      vertex 1.4900000000000002 11.767248723062774 18.964582201835857
      vertex 1.5 11.858159284228362 18.854476958661817
      vertex 1.4900000000000002 11.858159284228362 18.854476958661817
    endloop
  endfacet
  facet normal -1.1062157423651939e-16 0.8005412409243657 0.5992776665113398
    outer loop
      vertex 1.4900000000000002 11.943727856151007 18.740170728713593
      vertex 1.4900000000000002 11.858159284228362 18.854476958661817
      vertex 1.5 11.858159284228362 18.854476958661817
    endloop
  endfacet
  facet normal 1 0 0
    outer loop
      vertex 1.5 11.570237034446336 19.17120211431521
      vertex 1.5 12.098076211353316 18.5
      vertex 1.5 11.858159284228362 18.854476958661817
    endloop
  endfacet
  facet normal 0 0.8005412409243657 0.5992776665113398
    outer loop
      vertex 1.4900000000000002 11.943727856151007 18.740170728713593
      vertex 1.5 11.858159284228362 18.854476958661817
      vertex 1.5 11.943727856151007 18.740170728713593
    endloop
  endfacet
  facet normal -4.6253426828249135e-19 0.836470138010224 0.5480125073546742
    outer loop
      vertex -1.5 -9.02872983236707 -15.710080933413945
      vertex -1.5 -9.061834918901901 -15.659550305132665
      vertex 1.5 -9.061834918901901 -15.659550305132665
    endloop
  endfacet
  facet normal 1.1533637397397628e-20 0.8090169943749499 0.5877852522924695
    outer loop
      vertex -1.5 -8.993222099642193 -15.758953134773389
      vertex -1.5 -9.02872983236707 -15.710080933413945
      vertex 1.5 -9.02872983236707 -15.710080933413945
    endloop
  endfacet
  facet normal 4.433989981903993e-19 0.9433118132577462 0.3319078531285194
    outer loop
      vertex -1.5 -9.16877030335677 -15.443256108803169
      vertex -1.5 -9.188820645368942 -15.386271242968684
      vertex 1.5 -9.188820645368942 -15.386271242968684
    endloop
  endfacet
  facet normal -3.301264648597093e-19 0.9582458291091634 0.28594567839869867
    outer loop
      vertex -1.5 -9.188820645368942 -15.386271242968684
      vertex -1.5 -9.20609444167944 -15.328384222748234
      vertex 1.5 -9.20609444167944 -15.328384222748234
    endloop
  endfacet
  facet normal -1.432951551022638e-20 0.9895063994510541 0.14448904956920158
    outer loop
      vertex -1.5 -9.232157601164564 -15.210446301683799
      vertex -1.5 -9.240886092622567 -15.150670850319154
      vertex 1.5 -9.240886092622567 -15.150670850319154
    endloop
  endfacet
  facet normal -2.100567776992187e-19 0.970941817426055 0.2393156642875452
    outer loop
      vertex -1.5 -9.20609444167944 -15.328384222748234
      vertex -1.5 -9.22055134853659 -15.269730245959757
      vertex 1.5 -9.22055134853659 -15.269730245959757
    endloop
  endfacet
  facet normal 7.059452780940303e-20 0.9813701261394104 0.19212671735372355
    outer loop
      vertex -1.5 -9.22055134853659 -15.269730245959757
      vertex -1.5 -9.232157601164564 -15.210446301683799
      vertex 1.5 -9.232157601164564 -15.210446301683799
    endloop
  endfacet
  facet normal -1.7204003964425173e-20 0.9953316347176487 0.0965139209145137
    outer loop
      vertex -1.5 -9.240886092622567 -15.150670850319154
      vertex -1.5 -9.246716437114364 -15.090543500202202
      vertex 1.5 -9.246716437114364 -15.090543500202202
    endloop
  endfacet
  facet normal -6.124637589947591e-20 0.9988322268323265 0.04831337952550809
    outer loop
      vertex -1.5 -9.246716437114364 -15.090543500202202
      vertex -1.5 -9.24963501760024 -15.030204681545165
      vertex 1.5 -9.24963501760024 -15.030204681545165
    endloop
  endfacet
  facet normal -4.9594276505580424e-20 0.9068743608505389 0.42140110777254347
    outer loop
      vertex -1.5 -9.12053367161963 -15.553989431999053
      vertex -1.5 -9.145990244145729 -15.49920572945712
      vertex 1.5 -9.145990244145729 -15.49920572945712
    endloop
  endfacet
  facet normal 2.1571543013940463e-19 0.8854560256532078 0.4647231720437725
    outer loop
      vertex -1.5 -9.092460040783147 -15.60747926655326
      vertex -1.5 -9.12053367161963 -15.553989431999053
      vertex 1.5 -9.12053367161963 -15.553989431999053
    endloop
  endfacet
  facet normal 4.49093215917814e-19 0.8619696668800466 0.5069598538135948
    outer loop
      vertex -1.5 -9.061834918901901 -15.659550305132665
      vertex -1.5 -9.092460040783147 -15.60747926655326
      vertex 1.5 -9.092460040783147 -15.60747926655326
    endloop
  endfacet
  facet normal 3.458435948288839e-19 0.9261746489577799 0.37709484168831214
    outer loop
      vertex -1.5 -9.145990244145729 -15.49920572945712
      vertex -1.5 -9.16877030335677 -15.443256108803169
      vertex 1.5 -9.16877030335677 -15.443256108803169
    endloop
  endfacet
  facet normal 0 0.6448422127361718 0.7643157205458473
    outer loop
      vertex -1.5 -8.828903322800993 -15.935638435213876
      vertex 1.5 -8.828903322800993 -15.935638435213876
      vertex -1.5 -8.782731496922892 -15.974592942579028
    endloop
  endfacet
  facet normal -5.222367531064601e-21 0.7485107481710837 0.6631226582408148
    outer loop
      vertex -1.5 -8.915335833247218 -15.851269823483495
      vertex -1.5 -8.955394650682312 -15.806052765920214
      vertex 1.5 -8.955394650682312 -15.806052765920214
    endloop
  endfacet
  facet normal 3.099154424291377e-19 0.7155989607441195 0.6985113652489385
    outer loop
      vertex -1.5 -8.873139206561172 -15.89449870093015
      vertex -1.5 -8.915335833247218 -15.851269823483495
      vertex 1.5 -8.915335833247218 -15.851269823483495
    endloop
  endfacet
  facet normal 1.8620798207962011e-19 0.7796743540632385 0.6261851975382935
    outer loop
      vertex -1.5 -8.955394650682312 -15.806052765920214
      vertex -1.5 -8.993222099642193 -15.758953134773389
      vertex 1.5 -8.993222099642193 -15.758953134773389
    endloop
  endfacet
  facet normal -1.5008940926417723e-20 0.6810158587868009 0.73226866659777
    outer loop
      vertex -1.5 -8.828903322800993 -15.935638435213876
      vertex -1.5 -8.873139206561172 -15.89449870093015
      vertex 1.5 -8.873139206561172 -15.89449870093015
    endloop
  endfacet
  facet normal 0 0.6071625078186887 0.7945776797137715
    outer loop
      vertex -1.5 -8.782731496922892 -15.974592942579028
      vertex 1.5 -8.782731496922892 -15.974592942579028
      vertex -1.5 -8.73473156536559 -16.011271242968682
    endloop
  endfacet
  facet normal 0 0.5680647467311956 0.8229838658936289
    outer loop
      vertex -1.5 -8.73473156536559 -16.011271242968682
      vertex 1.5 -8.73473156536559 -16.011271242968682
      vertex -1.5 -8.685015634193338 -16.045587672512784
    endloop
  endfacet
  facet normal 0 0.5276402441061124 0.8494679351215337
    outer loop
      vertex -1.5 -8.685015634193338 -16.045587672512784
      vertex 1.5 -8.685015634193338 -16.045587672512784
      vertex -1.5 -8.633699817266988 -16.07746208360006
    endloop
  endfacet
  facet normal 0 0.4859834132426111 0.8739680326265151
    outer loop
      vertex -1.5 -8.633699817266988 -16.07746208360006
      vertex 1.5 -8.633699817266988 -16.07746208360006
      vertex -1.5 -8.580903965054711 -16.106820032066512
    endloop
  endfacet
  facet normal 0 0.4431915455992464 0.8964269372957012
    outer loop
      vertex -1.5 -8.580903965054711 -16.106820032066512
      vertex 1.5 -8.580903965054711 -16.106820032066512
      vertex -1.5 -8.526751384715661 -16.133592951063182
    endloop
  endfacet
  facet normal 0 0.3993645835657059 0.9167921953165777
    outer loop
      vertex -1.5 -8.526751384715661 -16.133592951063182
      vertex 1.5 -8.526751384715661 -16.133592951063182
      vertex -1.5 -8.4713685521104 -16.157718311197222
    endloop
  endfacet
  facet normal 0 0.3546048870425014 0.9350162426854279
    outer loop
      vertex -1.5 -8.4713685521104 -16.157718311197222
      vertex 1.5 -8.4713685521104 -16.157718311197222
      vertex -1.5 -8.41488481641066 -16.179139766572177
    endloop
  endfacet
  facet normal 0 0.3090169943749589 0.9510565162951498
    outer loop
      vertex -1.5 -8.41488481641066 -16.179139766572177
      vertex 1.5 -8.41488481641066 -16.179139766572177
      vertex -1.5 -8.357432097998363 -16.197807286386457
    endloop
  endfacet
  facet normal 0 0.262707378198599 0.9648755533435482
    outer loop
      vertex -1.5 -8.357432097998363 -16.197807286386457
      vertex 1.5 -8.357432097998363 -16.197807286386457
      vertex -1.5 -8.299144580359448 -16.213677271782565
    endloop
  endfacet
  facet normal 0 0.21578419676779728 0.9764410788292742
    outer loop
      vertex -1.5 -8.299144580359448 -16.213677271782565
      vertex 1.5 -8.299144580359448 -16.213677271782565
      vertex -1.5 -8.240158396692136 -16.226712657674266
    endloop
  endfacet
  facet normal 0 0.16835704134704343 0.9857260809316499
    outer loop
      vertex -1.5 -8.240158396692136 -16.226712657674266
      vertex 1.5 -8.240158396692136 -16.226712657674266
      vertex -1.5 -8.180611311961528 -16.236882999313814
    endloop
  endfacet
  facet normal 0 0.12053668025534761 0.992708874098051
    outer loop
      vertex -1.5 -8.180611311961528 -16.236882999313814
      vertex 1.5 -8.180611311961528 -16.236882999313814
      vertex -1.5 -8.120642401143144 -16.244164543397062
    endloop
  endfacet
  facet normal 0 0.07243480016172721 0.9973731496914938
    outer loop
      vertex -1.5 -8.120642401143144 -16.244164543397062
      vertex 1.5 -8.120642401143144 -16.244164543397062
      vertex -1.5 -8.060391724406884 -16.248540283540407
    endloop
  endfacet
  facet normal 0 0.024163745236146773 0.9997080140801926
    outer loop
      vertex -1.5 -8.060391724406884 -16.248540283540407
      vertex 1.5 -8.060391724406884 -16.248540283540407
      vertex -1.5 -8 -16.25
    endloop
  endfacet
  facet normal 0 -0.024163745236146773 0.9997080140801926
    outer loop
      vertex -1.5 -8 -16.25
      vertex 1.5 -8 -16.25
      vertex -1.5 -7.939608275593116 -16.248540283540407
    endloop
  endfacet
  facet normal 0 -0.07243480016172721 0.9973731496914938
    outer loop
      vertex -1.5 -7.939608275593116 -16.248540283540407
      vertex 1.5 -7.939608275593116 -16.248540283540407
      vertex -1.5 -7.879357598856856 -16.244164543397062
    endloop
  endfacet
  facet normal 0 -0.12053668025534937 0.9927088740980506
    outer loop
      vertex -1.5 -7.879357598856856 -16.244164543397062
      vertex 1.5 -7.879357598856856 -16.244164543397062
      vertex -1.5 -7.819388688038473 -16.236882999313814
    endloop
  endfacet
  facet normal 0 -0.16835704134704343 0.9857260809316499
    outer loop
      vertex -1.5 -7.819388688038473 -16.236882999313814
      vertex 1.5 -7.819388688038473 -16.236882999313814
      vertex -1.5 -7.759841603307865 -16.226712657674266
    endloop
  endfacet
  facet normal 0 -0.21578419676779728 0.9764410788292742
    outer loop
      vertex -1.5 -7.759841603307865 -16.226712657674266
      vertex 1.5 -7.759841603307865 -16.226712657674266
      vertex -1.5 -7.700855419640553 -16.213677271782565
    endloop
  endfacet
  facet normal 0 -0.262707378198599 0.9648755533435482
    outer loop
      vertex -1.5 -7.700855419640553 -16.213677271782565
      vertex 1.5 -7.700855419640553 -16.213677271782565
      vertex -1.5 -7.642567902001638 -16.197807286386457
    endloop
  endfacet
  facet normal 0 -0.30901699437495456 0.9510565162951512
    outer loop
      vertex -1.5 -7.642567902001638 -16.197807286386457
      vertex 1.5 -7.642567902001638 -16.197807286386457
      vertex -1.5 -7.585115183589339 -16.179139766572177
    endloop
  endfacet
  facet normal 0 -0.3546048870425014 0.9350162426854279
    outer loop
      vertex -1.5 -7.585115183589339 -16.179139766572177
      vertex 1.5 -7.585115183589339 -16.179139766572177
      vertex -1.5 -7.5286314478896 -16.157718311197222
    endloop
  endfacet
  facet normal 0 -0.3993645835657059 0.9167921953165777
    outer loop
      vertex -1.5 -7.5286314478896 -16.157718311197222
      vertex 1.5 -7.5286314478896 -16.157718311197222
      vertex -1.5 -7.473248615284339 -16.133592951063182
    endloop
  endfacet
  facet normal 0 -0.4431915455992464 0.8964269372957012
    outer loop
      vertex -1.5 -7.473248615284339 -16.133592951063182
      vertex 1.5 -7.473248615284339 -16.133592951063182
      vertex -1.5 -7.419096034945289 -16.106820032066512
    endloop
  endfacet
  facet normal 0 -0.4859834132426111 0.8739680326265151
    outer loop
      vertex -1.5 -7.419096034945289 -16.106820032066512
      vertex 1.5 -7.419096034945289 -16.106820032066512
      vertex -1.5 -7.366300182733012 -16.07746208360006
    endloop
  endfacet
  facet normal 0 -0.5276402441061124 0.8494679351215337
    outer loop
      vertex -1.5 -7.366300182733012 -16.07746208360006
      vertex 1.5 -7.366300182733012 -16.07746208360006
      vertex -1.5 -7.314984365806662 -16.045587672512784
    endloop
  endfacet
  facet normal 0 -0.5680647467311887 0.8229838658936337
    outer loop
      vertex -1.5 -7.314984365806662 -16.045587672512784
      vertex 1.5 -7.314984365806662 -16.045587672512784
      vertex -1.5 -7.265268434634408 -16.011271242968682
    endloop
  endfacet
  facet normal 0 -0.6071625078186957 0.794577679713766
    outer loop
      vertex -1.5 -7.265268434634408 -16.011271242968682
      vertex 1.5 -7.265268434634408 -16.011271242968682
      vertex -1.5 -7.217268503077108 -15.974592942579028
    endloop
  endfacet
  facet normal 0 -0.6448422127361646 0.7643157205458533
    outer loop
      vertex -1.5 -7.217268503077108 -15.974592942579028
      vertex 1.5 -7.217268503077108 -15.974592942579028
      vertex -1.5 -7.171096677199006 -15.935638435213876
    endloop
  endfacet
  facet normal 0 -0.6810158587867997 0.732268666597771
    outer loop
      vertex -1.5 -7.171096677199006 -15.935638435213876
      vertex 1.5 -7.171096677199006 -15.935638435213876
      vertex -1.5 -7.126860793438829 -15.894498700930152
    endloop
  endfacet
  facet normal 0 -0.7155989607441195 0.6985113652489385
    outer loop
      vertex -1.5 -7.126860793438829 -15.894498700930152
      vertex 1.5 -7.126860793438829 -15.894498700930152
      vertex -1.5 -7.084664166752783 -15.851269823483497
    endloop
  endfacet
  facet normal -5.129499717658551e-20 -0.7485107481711039 0.6631226582407921
    outer loop
      vertex -1.5 -7.04460534931769 -15.806052765920214
      vertex -1.5 -7.084664166752783 -15.851269823483497
      vertex 1.5 -7.084664166752783 -15.851269823483497
    endloop
  endfacet
  facet normal -3.774354851065657e-19 -0.7796743540632242 0.6261851975383114
    outer loop
      vertex -1.5 -7.0067779003578075 -15.758953134773389
      vertex -1.5 -7.04460534931769 -15.806052765920214
      vertex 1.5 -7.04460534931769 -15.806052765920214
    endloop
  endfacet
  facet normal 2.0447962762466508e-19 -0.8090169943749431 0.5877852522924792
    outer loop
      vertex -1.5 -6.971270167632929 -15.710080933413945
      vertex -1.5 -7.0067779003578075 -15.758953134773389
      vertex 1.5 -7.0067779003578075 -15.758953134773389
    endloop
  endfacet
  facet normal 4.942973774210389e-19 -0.8364701380102307 0.548012507354664
    outer loop
      vertex -1.5 -6.938165081098099 -15.659550305132665
      vertex -1.5 -6.971270167632929 -15.710080933413945
      vertex 1.5 -6.971270167632929 -15.710080933413945
    endloop
  endfacet
  facet normal -2.5289922464876454e-19 -0.8619696668800477 0.5069598538135929
    outer loop
      vertex -1.5 -6.9075399592168525 -15.607479266553257
      vertex -1.5 -6.938165081098099 -15.659550305132665
      vertex 1.5 -6.938165081098099 -15.659550305132665
    endloop
  endfacet
  facet normal -3.286204968601703e-19 -0.8854560256532139 0.464723172043761
    outer loop
      vertex -1.5 -6.879466328380371 -15.553989431999051
      vertex -1.5 -6.9075399592168525 -15.607479266553257
      vertex 1.5 -6.9075399592168525 -15.607479266553257
    endloop
  endfacet
  facet normal 1.2821936085442926e-19 -0.9068743608505393 0.42140110777254264
    outer loop
      vertex -1.5 -6.854009755854272 -15.49920572945712
      vertex -1.5 -6.879466328380371 -15.553989431999051
      vertex 1.5 -6.879466328380371 -15.553989431999051
    endloop
  endfacet
  facet normal -3.458435948288839e-19 -0.9261746489577799 0.37709484168831214
    outer loop
      vertex -1.5 -6.8312296966432315 -15.443256108803169
      vertex -1.5 -6.854009755854272 -15.49920572945712
      vertex 1.5 -6.854009755854272 -15.49920572945712
    endloop
  endfacet
  facet normal 4.71808353751708e-20 -0.9433118132577417 0.3319078531285325
    outer loop
      vertex -1.5 -6.811179354631058 -15.386271242968684
      vertex -1.5 -6.8312296966432315 -15.443256108803169
      vertex 1.5 -6.8312296966432315 -15.443256108803169
    endloop
  endfacet
  facet normal 2.042124035927292e-19 -0.9582458291091674 0.2859456783986852
    outer loop
      vertex -1.5 -6.793905558320561 -15.328384222748234
      vertex -1.5 -6.811179354631058 -15.386271242968684
      vertex 1.5 -6.811179354631058 -15.386271242968684
    endloop
  endfacet
  facet normal -9.303135646441278e-20 -0.9709418174260518 0.2393156642875591
    outer loop
      vertex -1.5 -6.77944865146341 -15.269730245959757
      vertex -1.5 -6.793905558320561 -15.328384222748234
      vertex 1.5 -6.793905558320561 -15.328384222748234
    endloop
  endfacet
  facet normal 1.3635817105786554e-19 -0.9813701261394133 0.1921267173537094
    outer loop
      vertex -1.5 -6.767842398835437 -15.210446301683799
      vertex -1.5 -6.77944865146341 -15.269730245959757
      vertex 1.5 -6.77944865146341 -15.269730245959757
    endloop
  endfacet
  facet normal -1.7681371188162758e-19 -0.989506399451052 0.14448904956921596
    outer loop
      vertex -1.5 -6.759113907377433 -15.150670850319154
      vertex -1.5 -6.767842398835437 -15.210446301683799
      vertex 1.5 -6.767842398835437 -15.210446301683799
    endloop
  endfacet
  facet normal 2.6280801315678445e-21 -0.9953316347176484 0.09651392091451653
    outer loop
      vertex -1.5 -6.7532835628856365 -15.090543500202203
      vertex -1.5 -6.759113907377433 -15.150670850319154
      vertex 1.5 -6.759113907377433 -15.150670850319154
    endloop
  endfacet
  facet normal -4.762207038533584e-20 -0.9988322268323266 0.04831337952550667
    outer loop
      vertex -1.5 -6.750364982399759 -15.030204681545165
      vertex -1.5 -6.7532835628856365 -15.090543500202203
      vertex 1.5 -6.7532835628856365 -15.090543500202203
    endloop
  endfacet
  facet normal 0 -1 0
    outer loop
      vertex -1.5 -6.750364982399759 -14.969795318454835
      vertex -1.5 -6.750364982399759 -15.030204681545165
      vertex 1.5 -6.750364982399759 -15.030204681545165
    endloop
  endfacet
  facet normal 0 1 0
    outer loop
      vertex -1.5 -9.24963501760024 -15.030204681545165
      vertex -1.5 -9.24963501760024 -14.969795318454835
      vertex 1.5 -9.24963501760024 -14.969795318454835
    endloop
  endfacet
  facet normal 6.124637589947591e-20 0.9988322268323265 -0.04831337952550809
    outer loop
      vertex -1.5 -9.24963501760024 -14.969795318454835
      vertex -1.5 -9.246716437114364 -14.909456499797798
      vertex 1.5 -9.246716437114364 -14.909456499797798
    endloop
  endfacet
  facet normal 1.7204003964425173e-20 0.9953316347176487 -0.0965139209145137
    outer loop
      vertex -1.5 -9.246716437114364 -14.909456499797798
      vertex -1.5 -9.240886092622567 -14.849329149680846
      vertex 1.5 -9.240886092622567 -14.849329149680846
    endloop
  endfacet
  facet normal 1.432951551022638e-20 0.9895063994510541 -0.14448904956920158
    outer loop
      vertex -1.5 -9.240886092622567 -14.849329149680846
      vertex -1.5 -9.232157601164564 -14.789553698316201
      vertex 1.5 -9.232157601164564 -14.789553698316201
    endloop
  endfacet
  facet normal -7.059452780940303e-20 0.9813701261394104 -0.19212671735372355
    outer loop
      vertex -1.5 -9.232157601164564 -14.789553698316201
      vertex -1.5 -9.22055134853659 -14.730269754040243
      vertex 1.5 -9.22055134853659 -14.730269754040243
    endloop
  endfacet
  facet normal 2.100567776992187e-19 0.970941817426055 -0.2393156642875452
    outer loop
      vertex -1.5 -9.22055134853659 -14.730269754040243
      vertex -1.5 -9.20609444167944 -14.671615777251766
      vertex 1.5 -9.20609444167944 -14.671615777251766
    endloop
  endfacet
  facet normal 3.301264648597093e-19 0.9582458291091634 -0.28594567839869867
    outer loop
      vertex -1.5 -9.20609444167944 -14.671615777251766
      vertex -1.5 -9.188820645368942 -14.613728757031316
      vertex 1.5 -9.188820645368942 -14.613728757031316
    endloop
  endfacet
  facet normal -4.433989981903993e-19 0.9433118132577462 -0.3319078531285194
    outer loop
      vertex -1.5 -9.188820645368942 -14.613728757031316
      vertex -1.5 -9.16877030335677 -14.556743891196831
      vertex 1.5 -9.16877030335677 -14.556743891196831
    endloop
  endfacet
  facet normal -3.458435948288839e-19 0.9261746489577799 -0.37709484168831214
    outer loop
      vertex -1.5 -9.16877030335677 -14.556743891196831
      vertex -1.5 -9.145990244145729 -14.50079427054288
      vertex 1.5 -9.145990244145729 -14.50079427054288
    endloop
  endfacet
  facet normal 4.9594276505580424e-20 0.9068743608505389 -0.42140110777254347
    outer loop
      vertex -1.5 -9.145990244145729 -14.50079427054288
      vertex -1.5 -9.12053367161963 -14.446010568000947
      vertex 1.5 -9.12053367161963 -14.446010568000947
    endloop
  endfacet
  facet normal -4.1661887736670053e-19 0.8854560256532136 -0.46472317204376157
    outer loop
      vertex -1.5 -9.12053367161963 -14.446010568000947
      vertex -1.5 -9.092460040783148 -14.392520733446743
      vertex 1.5 -9.092460040783148 -14.392520733446743
    endloop
  endfacet
  facet normal 8.56807933113314e-20 0.8619696668800413 -0.5069598538136038
    outer loop
      vertex -1.5 -9.092460040783148 -14.392520733446743
      vertex -1.5 -9.061834918901901 -14.340449694867335
      vertex 1.5 -9.061834918901901 -14.340449694867335
    endloop
  endfacet
  facet normal 4.6253426828249135e-19 0.836470138010224 -0.5480125073546742
    outer loop
      vertex -1.5 -9.061834918901901 -14.340449694867335
      vertex -1.5 -9.02872983236707 -14.289919066586055
      vertex 1.5 -9.02872983236707 -14.289919066586055
    endloop
  endfacet
  facet normal -1.1533637397397628e-20 0.8090169943749499 -0.5877852522924695
    outer loop
      vertex -1.5 -9.02872983236707 -14.289919066586055
      vertex -1.5 -8.993222099642193 -14.241046865226611
      vertex 1.5 -8.993222099642193 -14.241046865226611
    endloop
  endfacet
  facet normal -3.774354851065657e-19 0.7796743540632242 -0.6261851975383114
    outer loop
      vertex -1.5 -8.993222099642193 -14.241046865226611
      vertex -1.5 -8.95539465068231 -14.193947234079786
      vertex 1.5 -8.95539465068231 -14.193947234079786
    endloop
  endfacet
  facet normal 1.9885578389200895e-19 0.7485107481710965 -0.6631226582408002
    outer loop
      vertex -1.5 -8.95539465068231 -14.193947234079786
      vertex -1.5 -8.915335833247216 -14.148730176516503
      vertex 1.5 -8.915335833247216 -14.148730176516503
    endloop
  endfacet
  facet normal -7.747011452308442e-20 0.7155989607441199 -0.6985113652489383
    outer loop
      vertex -1.5 -8.915335833247216 -14.148730176516503
      vertex -1.5 -8.873139206561172 -14.10550129906985
      vertex 1.5 -8.873139206561172 -14.10550129906985
    endloop
  endfacet
  facet normal 0 0.6810158587868009 -0.73226866659777
    outer loop
      vertex -1.5 -8.828903322800993 -14.064361564786124
      vertex 1.5 -8.828903322800993 -14.064361564786124
      vertex -1.5 -8.873139206561172 -14.10550129906985
    endloop
  endfacet
  facet normal 0 0.6448422127361718 -0.7643157205458473
    outer loop
      vertex -1.5 -8.782731496922892 -14.025407057420972
      vertex 1.5 -8.782731496922892 -14.025407057420972
      vertex -1.5 -8.828903322800993 -14.064361564786124
    endloop
  endfacet
  facet normal 0 0.6071625078187073 -0.7945776797137574
    outer loop
      vertex -1.5 -8.73473156536559 -13.988728757031316
      vertex 1.5 -8.73473156536559 -13.988728757031316
      vertex -1.5 -8.782731496922892 -14.025407057420972
    endloop
  endfacet
  facet normal 0 0.5680647467311757 -0.8229838658936427
    outer loop
      vertex -1.5 -8.685015634193338 -13.954412327487216
      vertex 1.5 -8.685015634193338 -13.954412327487216
      vertex -1.5 -8.73473156536559 -13.988728757031316
    endloop
  endfacet
  facet normal 0 0.5276402441061124 -0.8494679351215337
    outer loop
      vertex -1.5 -8.633699817266988 -13.92253791639994
      vertex 1.5 -8.633699817266988 -13.92253791639994
      vertex -1.5 -8.685015634193338 -13.954412327487216
    endloop
  endfacet
  facet normal 0 0.4859834132426111 -0.8739680326265151
    outer loop
      vertex -1.5 -8.580903965054711 -13.893179967933488
      vertex 1.5 -8.580903965054711 -13.893179967933488
      vertex -1.5 -8.633699817266988 -13.92253791639994
    endloop
  endfacet
  facet normal 0 0.4431915455992464 -0.8964269372957012
    outer loop
      vertex -1.5 -8.526751384715661 -13.866407048936818
      vertex 1.5 -8.526751384715661 -13.866407048936818
      vertex -1.5 -8.580903965054711 -13.893179967933488
    endloop
  endfacet
  facet normal 0 0.3993645835656813 -0.9167921953165887
    outer loop
      vertex -1.5 -8.4713685521104 -13.84228168880278
      vertex 1.5 -8.4713685521104 -13.84228168880278
      vertex -1.5 -8.526751384715661 -13.866407048936818
    endloop
  endfacet
  facet normal 0 0.35460488704255283 -0.9350162426854083
    outer loop
      vertex -1.5 -8.41488481641066 -13.82086023342782
      vertex 1.5 -8.41488481641066 -13.82086023342782
      vertex -1.5 -8.4713685521104 -13.84228168880278
    endloop
  endfacet
  facet normal 0 0.3090169943749237 -0.9510565162951614
    outer loop
      vertex -1.5 -8.35743209799836 -13.802192713613543
      vertex 1.5 -8.35743209799836 -13.802192713613543
      vertex -1.5 -8.41488481641066 -13.82086023342782
    endloop
  endfacet
  facet normal 0 0.26270737819860646 -0.9648755533435461
    outer loop
      vertex -1.5 -8.299144580359448 -13.786322728217435
      vertex 1.5 -8.299144580359448 -13.786322728217435
      vertex -1.5 -8.35743209799836 -13.802192713613543
    endloop
  endfacet
  facet normal 0 0.21578419676779728 -0.9764410788292742
    outer loop
      vertex -1.5 -8.240158396692136 -13.773287342325734
      vertex 1.5 -8.240158396692136 -13.773287342325734
      vertex -1.5 -8.299144580359448 -13.786322728217435
    endloop
  endfacet
  facet normal 0 0.16835704134704343 -0.9857260809316499
    outer loop
      vertex -1.5 -8.180611311961528 -13.763117000686186
      vertex 1.5 -8.180611311961528 -13.763117000686186
      vertex -1.5 -8.240158396692136 -13.773287342325734
    endloop
  endfacet
  facet normal 0 0.12053668025531865 -0.9927088740980545
    outer loop
      vertex -1.5 -8.120642401143144 -13.75583545660294
      vertex 1.5 -8.120642401143144 -13.75583545660294
      vertex -1.5 -8.180611311961528 -13.763117000686186
    endloop
  endfacet
  facet normal 0 0.07243480016175645 -0.9973731496914915
    outer loop
      vertex -1.5 -8.060391724406884 -13.751459716459593
      vertex 1.5 -8.060391724406884 -13.751459716459593
      vertex -1.5 -8.120642401143144 -13.75583545660294
    endloop
  endfacet
  facet normal 0 0.024163745236146773 -0.9997080140801926
    outer loop
      vertex -1.5 -8 -13.75
      vertex 1.5 -8 -13.75
      vertex -1.5 -8.060391724406884 -13.751459716459593
    endloop
  endfacet
  facet normal 0 -0.024163745236146773 -0.9997080140801926
    outer loop
      vertex -1.5 -7.939608275593116 -13.751459716459593
      vertex 1.5 -7.939608275593116 -13.751459716459593
      vertex -1.5 -8 -13.75
    endloop
  endfacet
  facet normal 0 -0.07243480016175645 -0.9973731496914915
    outer loop
      vertex -1.5 -7.879357598856856 -13.75583545660294
      vertex 1.5 -7.879357598856856 -13.75583545660294
      vertex -1.5 -7.939608275593116 -13.751459716459593
    endloop
  endfacet
  facet normal 0 -0.12053668025532041 -0.9927088740980543
    outer loop
      vertex -1.5 -7.819388688038473 -13.763117000686186
      vertex 1.5 -7.819388688038473 -13.763117000686186
      vertex -1.5 -7.879357598856856 -13.75583545660294
    endloop
  endfacet
  facet normal 0 -0.16835704134704343 -0.9857260809316499
    outer loop
      vertex -1.5 -7.759841603307865 -13.773287342325734
      vertex 1.5 -7.759841603307865 -13.773287342325734
      vertex -1.5 -7.819388688038473 -13.763117000686186
    endloop
  endfacet
  facet normal 0 -0.21578419676779728 -0.9764410788292742
    outer loop
      vertex -1.5 -7.700855419640553 -13.786322728217435
      vertex 1.5 -7.700855419640553 -13.786322728217435
      vertex -1.5 -7.759841603307865 -13.773287342325734
    endloop
  endfacet
  facet normal 0 -0.262707378198599 -0.9648755533435482
    outer loop
      vertex -1.5 -7.642567902001638 -13.802192713613543
      vertex 1.5 -7.642567902001638 -13.802192713613543
      vertex -1.5 -7.700855419640553 -13.786322728217435
    endloop
  endfacet
  facet normal 0 -0.309016994374928 -0.95105651629516
    outer loop
      vertex -1.5 -7.585115183589339 -13.82086023342782
      vertex 1.5 -7.585115183589339 -13.82086023342782
      vertex -1.5 -7.642567902001638 -13.802192713613543
    endloop
  endfacet
  facet normal 0 -0.35460488704254794 -0.9350162426854101
    outer loop
      vertex -1.5 -7.528631447889599 -13.84228168880278
      vertex 1.5 -7.528631447889599 -13.84228168880278
      vertex -1.5 -7.585115183589339 -13.82086023342782
    endloop
  endfacet
  facet normal 0 -0.3993645835656866 -0.9167921953165862
    outer loop
      vertex -1.5 -7.473248615284339 -13.866407048936818
      vertex 1.5 -7.473248615284339 -13.866407048936818
      vertex -1.5 -7.528631447889599 -13.84228168880278
    endloop
  endfacet
  facet normal 0 -0.4431915455992523 -0.8964269372956984
    outer loop
      vertex -1.5 -7.41909603494529 -13.893179967933488
      vertex 1.5 -7.41909603494529 -13.893179967933488
      vertex -1.5 -7.473248615284339 -13.866407048936818
    endloop
  endfacet
  facet normal 0 -0.4859834132426111 -0.8739680326265151
    outer loop
      vertex -1.5 -7.366300182733013 -13.92253791639994
      vertex 1.5 -7.366300182733013 -13.92253791639994
      vertex -1.5 -7.41909603494529 -13.893179967933488
    endloop
  endfacet
  facet normal 0 -0.5276402441061059 -0.8494679351215378
    outer loop
      vertex -1.5 -7.314984365806662 -13.954412327487216
      vertex 1.5 -7.314984365806662 -13.954412327487216
      vertex -1.5 -7.366300182733013 -13.92253791639994
    endloop
  endfacet
  facet normal 0 -0.5680647467311688 -0.8229838658936475
    outer loop
      vertex -1.5 -7.265268434634408 -13.988728757031316
      vertex 1.5 -7.265268434634408 -13.988728757031316
      vertex -1.5 -7.314984365806662 -13.954412327487216
    endloop
  endfacet
  facet normal 0 -0.6071625078187144 -0.7945776797137519
    outer loop
      vertex -1.5 -7.217268503077108 -14.025407057420972
      vertex 1.5 -7.217268503077108 -14.025407057420972
      vertex -1.5 -7.265268434634408 -13.988728757031316
    endloop
  endfacet
  facet normal 0 -0.6810158587868081 -0.7322686665977632
    outer loop
      vertex -1.5 -7.126860793438828 -14.10550129906985
      vertex 1.5 -7.126860793438828 -14.10550129906985
      vertex -1.5 -7.171096677199006 -14.064361564786124
    endloop
  endfacet
  facet normal -8.794947954680582e-22 -0.7155989607441124 -0.6985113652489457
    outer loop
      vertex -1.5 -7.126860793438828 -14.10550129906985
      vertex -1.5 -7.084664166752783 -14.148730176516503
      vertex 1.5 -7.084664166752783 -14.148730176516503
    endloop
  endfacet
  facet normal 5.129499717658551e-20 -0.7485107481711039 -0.6631226582407921
    outer loop
      vertex -1.5 -7.084664166752783 -14.148730176516503
      vertex -1.5 -7.04460534931769 -14.193947234079786
      vertex 1.5 -7.04460534931769 -14.193947234079786
    endloop
  endfacet
  facet normal 0 -0.6448422127361646 -0.7643157205458533
    outer loop
      vertex -1.5 -7.171096677199006 -14.064361564786124
      vertex 1.5 -7.171096677199006 -14.064361564786124
      vertex -1.5 -7.217268503077108 -14.025407057420972
    endloop
  endfacet
  facet normal 3.458435948288839e-19 -0.9261746489577799 -0.37709484168831214
    outer loop
      vertex -1.5 -6.854009755854272 -14.50079427054288
      vertex -1.5 -6.8312296966432315 -14.556743891196831
      vertex 1.5 -6.8312296966432315 -14.556743891196831
    endloop
  endfacet
  facet normal 2.5289922464876454e-19 -0.8619696668800477 -0.5069598538135929
    outer loop
      vertex -1.5 -6.938165081098099 -14.340449694867335
      vertex -1.5 -6.9075399592168525 -14.392520733446743
      vertex 1.5 -6.9075399592168525 -14.392520733446743
    endloop
  endfacet
  facet normal 3.286204968601703e-19 -0.8854560256532139 -0.464723172043761
    outer loop
      vertex -1.5 -6.9075399592168525 -14.392520733446743
      vertex -1.5 -6.879466328380371 -14.446010568000949
      vertex 1.5 -6.879466328380371 -14.446010568000949
    endloop
  endfacet
  facet normal -1.2821936085442926e-19 -0.9068743608505393 -0.42140110777254264
    outer loop
      vertex -1.5 -6.879466328380371 -14.446010568000949
      vertex -1.5 -6.854009755854272 -14.50079427054288
      vertex 1.5 -6.854009755854272 -14.50079427054288
    endloop
  endfacet
  facet normal 4.762207038533584e-20 -0.9988322268323266 -0.04831337952550667
    outer loop
      vertex -1.5 -6.7532835628856365 -14.909456499797797
      vertex -1.5 -6.750364982399759 -14.969795318454835
      vertex 1.5 -6.750364982399759 -14.969795318454835
    endloop
  endfacet
  facet normal -2.6280801315678445e-21 -0.9953316347176484 -0.09651392091451653
    outer loop
      vertex -1.5 -6.759113907377433 -14.849329149680846
      vertex -1.5 -6.7532835628856365 -14.909456499797797
      vertex 1.5 -6.7532835628856365 -14.909456499797797
    endloop
  endfacet
  facet normal -1.3635817105786554e-19 -0.9813701261394133 -0.1921267173537094
    outer loop
      vertex -1.5 -6.77944865146341 -14.730269754040243
      vertex -1.5 -6.767842398835437 -14.789553698316201
      vertex 1.5 -6.767842398835437 -14.789553698316201
    endloop
  endfacet
  facet normal 1.7681371188162758e-19 -0.989506399451052 -0.14448904956921596
    outer loop
      vertex -1.5 -6.767842398835437 -14.789553698316201
      vertex -1.5 -6.759113907377433 -14.849329149680846
      vertex 1.5 -6.759113907377433 -14.849329149680846
    endloop
  endfacet
  facet normal 9.303135646441278e-20 -0.9709418174260518 -0.2393156642875591
    outer loop
      vertex -1.5 -6.793905558320561 -14.671615777251766
      vertex -1.5 -6.77944865146341 -14.730269754040243
      vertex 1.5 -6.77944865146341 -14.730269754040243
    endloop
  endfacet
  facet normal -2.042124035927292e-19 -0.9582458291091674 -0.2859456783986852
    outer loop
      vertex -1.5 -6.811179354631058 -14.613728757031316
      vertex -1.5 -6.793905558320561 -14.671615777251766
      vertex 1.5 -6.793905558320561 -14.671615777251766
    endloop
  endfacet
  facet normal -4.71808353751708e-20 -0.9433118132577417 -0.3319078531285325
    outer loop
      vertex -1.5 -6.8312296966432315 -14.556743891196831
      vertex -1.5 -6.811179354631058 -14.613728757031316
      vertex 1.5 -6.811179354631058 -14.613728757031316
    endloop
  endfacet
  facet normal 3.774354851065657e-19 -0.7796743540632242 -0.6261851975383114
    outer loop
      vertex -1.5 -7.04460534931769 -14.193947234079786
      vertex -1.5 -7.0067779003578075 -14.241046865226611
      vertex 1.5 -7.0067779003578075 -14.241046865226611
    endloop
  endfacet
  facet normal -2.0447962762466508e-19 -0.8090169943749431 -0.5877852522924792
    outer loop
      vertex -1.5 -7.0067779003578075 -14.241046865226611
      vertex -1.5 -6.971270167632929 -14.289919066586055
      vertex 1.5 -6.971270167632929 -14.289919066586055
    endloop
  endfacet
  facet normal -4.942973774210389e-19 -0.8364701380102307 -0.548012507354664
    outer loop
      vertex -1.5 -6.971270167632929 -14.289919066586055
      vertex -1.5 -6.938165081098099 -14.340449694867335
      vertex 1.5 -6.938165081098099 -14.340449694867335
    endloop
  endfacet
  facet normal 0 0.8619696668800466 0.5069598538135948
    outer loop
      vertex -1.5 -9.061834918901901 -15.659550305132665
      vertex 1.5 -9.092460040783147 -15.60747926655326
      vertex 1.5 -9.061834918901901 -15.659550305132665
    endloop
  endfacet
  facet normal 0 0.836470138010224 0.5480125073546742
    outer loop
      vertex -1.5 -9.02872983236707 -15.710080933413945
      vertex 1.5 -9.061834918901901 -15.659550305132665
      vertex 1.5 -9.02872983236707 -15.710080933413945
    endloop
  endfacet
  facet normal 0 0.8090169943749499 0.5877852522924695
    outer loop
      vertex -1.5 -8.993222099642193 -15.758953134773389
      vertex 1.5 -9.02872983236707 -15.710080933413945
      vertex 1.5 -8.993222099642193 -15.758953134773389
    endloop
  endfacet
  facet normal 0 0.9582458291091634 0.28594567839869867
    outer loop
      vertex -1.5 -9.188820645368942 -15.386271242968684
      vertex 1.5 -9.20609444167944 -15.328384222748234
      vertex 1.5 -9.188820645368942 -15.386271242968684
    endloop
  endfacet
  facet normal 0 0.9895063994510541 0.14448904956920158
    outer loop
      vertex -1.5 -9.232157601164564 -15.210446301683799
      vertex 1.5 -9.240886092622567 -15.150670850319154
      vertex 1.5 -9.232157601164564 -15.210446301683799
    endloop
  endfacet
  facet normal 0 0.970941817426055 0.2393156642875452
    outer loop
      vertex -1.5 -9.20609444167944 -15.328384222748234
      vertex 1.5 -9.22055134853659 -15.269730245959757
      vertex 1.5 -9.20609444167944 -15.328384222748234
    endloop
  endfacet
  facet normal 0 0.9813701261394104 0.19212671735372355
    outer loop
      vertex -1.5 -9.22055134853659 -15.269730245959757
      vertex 1.5 -9.232157601164564 -15.210446301683799
      vertex 1.5 -9.22055134853659 -15.269730245959757
    endloop
  endfacet
  facet normal 0 0.9953316347176487 0.0965139209145137
    outer loop
      vertex -1.5 -9.240886092622567 -15.150670850319154
      vertex 1.5 -9.246716437114364 -15.090543500202202
      vertex 1.5 -9.240886092622567 -15.150670850319154
    endloop
  endfacet
  facet normal 0 0.9988322268323265 0.04831337952550809
    outer loop
      vertex -1.5 -9.246716437114364 -15.090543500202202
      vertex 1.5 -9.24963501760024 -15.030204681545165
      vertex 1.5 -9.246716437114364 -15.090543500202202
    endloop
  endfacet
  facet normal 0 1 0
    outer loop
      vertex -1.5 -9.24963501760024 -15.030204681545165
      vertex 1.5 -9.24963501760024 -14.969795318454835
      vertex 1.5 -9.24963501760024 -15.030204681545165
    endloop
  endfacet
  facet normal 0 0.9261746489577799 0.37709484168831214
    outer loop
      vertex -1.5 -9.145990244145729 -15.49920572945712
      vertex 1.5 -9.16877030335677 -15.443256108803169
      vertex 1.5 -9.145990244145729 -15.49920572945712
    endloop
  endfacet
  facet normal 0 0.8854560256532078 0.4647231720437725
    outer loop
      vertex -1.5 -9.092460040783147 -15.60747926655326
      vertex 1.5 -9.12053367161963 -15.553989431999053
      vertex 1.5 -9.092460040783147 -15.60747926655326
    endloop
  endfacet
  facet normal 0 0.9068743608505389 0.42140110777254347
    outer loop
      vertex -1.5 -9.12053367161963 -15.553989431999053
      vertex 1.5 -9.145990244145729 -15.49920572945712
      vertex 1.5 -9.12053367161963 -15.553989431999053
    endloop
  endfacet
  facet normal 0 0.9433118132577462 0.3319078531285194
    outer loop
      vertex -1.5 -9.16877030335677 -15.443256108803169
      vertex 1.5 -9.188820645368942 -15.386271242968684
      vertex 1.5 -9.16877030335677 -15.443256108803169
    endloop
  endfacet
  facet normal 0 0.6448422127361718 0.7643157205458473
    outer loop
      vertex -1.5 -8.782731496922892 -15.974592942579028
      vertex 1.5 -8.828903322800993 -15.935638435213876
      vertex 1.5 -8.782731496922892 -15.974592942579028
    endloop
  endfacet
  facet normal 0 0.7796743540632385 0.6261851975382935
    outer loop
      vertex -1.5 -8.955394650682312 -15.806052765920214
      vertex 1.5 -8.993222099642193 -15.758953134773389
      vertex 1.5 -8.955394650682312 -15.806052765920214
    endloop
  endfacet
  facet normal 0 0.7155989607441195 0.6985113652489385
    outer loop
      vertex -1.5 -8.873139206561172 -15.89449870093015
      vertex 1.5 -8.915335833247218 -15.851269823483495
      vertex 1.5 -8.873139206561172 -15.89449870093015
    endloop
  endfacet
  facet normal 0 0.7485107481710837 0.6631226582408148
    outer loop
      vertex -1.5 -8.915335833247218 -15.851269823483495
      vertex 1.5 -8.955394650682312 -15.806052765920214
      vertex 1.5 -8.915335833247218 -15.851269823483495
    endloop
  endfacet
  facet normal 0 0.6810158587868009 0.73226866659777
    outer loop
      vertex -1.5 -8.828903322800993 -15.935638435213876
      vertex 1.5 -8.873139206561172 -15.89449870093015
      vertex 1.5 -8.828903322800993 -15.935638435213876
    endloop
  endfacet
  facet normal 0 0.6071625078186887 0.7945776797137715
    outer loop
      vertex -1.5 -8.73473156536559 -16.011271242968682
      vertex 1.5 -8.782731496922892 -15.974592942579028
      vertex 1.5 -8.73473156536559 -16.011271242968682
    endloop
  endfacet
  facet normal 0 0.5680647467311956 0.8229838658936289
    outer loop
      vertex -1.5 -8.685015634193338 -16.045587672512784
      vertex 1.5 -8.73473156536559 -16.011271242968682
      vertex 1.5 -8.685015634193338 -16.045587672512784
    endloop
  endfacet
  facet normal 0 0.4859834132426111 0.8739680326265151
    outer loop
      vertex -1.5 -8.580903965054711 -16.106820032066512
      vertex 1.5 -8.633699817266988 -16.07746208360006
      vertex 1.5 -8.580903965054711 -16.106820032066512
    endloop
  endfacet
  facet normal 0 0.5276402441061124 0.8494679351215337
    outer loop
      vertex -1.5 -8.633699817266988 -16.07746208360006
      vertex 1.5 -8.685015634193338 -16.045587672512784
      vertex 1.5 -8.633699817266988 -16.07746208360006
    endloop
  endfacet
  facet normal 0 0.4431915455992464 0.8964269372957012
    outer loop
      vertex -1.5 -8.526751384715661 -16.133592951063182
      vertex 1.5 -8.580903965054711 -16.106820032066512
      vertex 1.5 -8.526751384715661 -16.133592951063182
    endloop
  endfacet
  facet normal 0 0.3993645835657059 0.9167921953165777
    outer loop
      vertex -1.5 -8.4713685521104 -16.157718311197222
      vertex 1.5 -8.526751384715661 -16.133592951063182
      vertex 1.5 -8.4713685521104 -16.157718311197222
    endloop
  endfacet
  facet normal 0 0.3546048870425014 0.9350162426854279
    outer loop
      vertex -1.5 -8.41488481641066 -16.179139766572177
      vertex 1.5 -8.4713685521104 -16.157718311197222
      vertex 1.5 -8.41488481641066 -16.179139766572177
    endloop
  endfacet
  facet normal 0 0.3090169943749589 0.9510565162951498
    outer loop
      vertex -1.5 -8.357432097998363 -16.197807286386457
      vertex 1.5 -8.41488481641066 -16.179139766572177
      vertex 1.5 -8.357432097998363 -16.197807286386457
    endloop
  endfacet
  facet normal 0 0.262707378198599 0.9648755533435482
    outer loop
      vertex -1.5 -8.299144580359448 -16.213677271782565
      vertex 1.5 -8.357432097998363 -16.197807286386457
      vertex 1.5 -8.299144580359448 -16.213677271782565
    endloop
  endfacet
  facet normal 0 0.21578419676779728 0.9764410788292742
    outer loop
      vertex -1.5 -8.240158396692136 -16.226712657674266
      vertex 1.5 -8.299144580359448 -16.213677271782565
      vertex 1.5 -8.240158396692136 -16.226712657674266
    endloop
  endfacet
  facet normal 0 0.16835704134704343 0.9857260809316499
    outer loop
      vertex -1.5 -8.180611311961528 -16.236882999313814
      vertex 1.5 -8.240158396692136 -16.226712657674266
      vertex 1.5 -8.180611311961528 -16.236882999313814
    endloop
  endfacet
  facet normal 0 0.12053668025534761 0.992708874098051
    outer loop
      vertex -1.5 -8.120642401143144 -16.244164543397062
      vertex 1.5 -8.180611311961528 -16.236882999313814
      vertex 1.5 -8.120642401143144 -16.244164543397062
    endloop
  endfacet
  facet normal 0 0.07243480016172721 0.9973731496914938
    outer loop
      vertex -1.5 -8.060391724406884 -16.248540283540407
      vertex 1.5 -8.120642401143144 -16.244164543397062
      vertex 1.5 -8.060391724406884 -16.248540283540407
    endloop
  endfacet
  facet normal 0 0.024163745236146773 0.9997080140801926
    outer loop
      vertex -1.5 -8 -16.25
      vertex 1.5 -8.060391724406884 -16.248540283540407
      vertex 1.5 -8 -16.25
    endloop
  endfacet
  facet normal 0 -0.024163745236146773 0.9997080140801926
    outer loop
      vertex -1.5 -7.939608275593116 -16.248540283540407
      vertex 1.5 -8 -16.25
      vertex 1.5 -7.939608275593116 -16.248540283540407
    endloop
  endfacet
  facet normal 0 -0.07243480016172721 0.9973731496914938
    outer loop
      vertex -1.5 -7.879357598856856 -16.244164543397062
      vertex 1.5 -7.939608275593116 -16.248540283540407
      vertex 1.5 -7.879357598856856 -16.244164543397062
    endloop
  endfacet
  facet normal 0 -0.12053668025534937 0.9927088740980506
    outer loop
      vertex -1.5 -7.819388688038473 -16.236882999313814
      vertex 1.5 -7.879357598856856 -16.244164543397062
      vertex 1.5 -7.819388688038473 -16.236882999313814
    endloop
  endfacet
  facet normal 0 -0.16835704134704343 0.9857260809316499
    outer loop
      vertex -1.5 -7.759841603307865 -16.226712657674266
      vertex 1.5 -7.819388688038473 -16.236882999313814
      vertex 1.5 -7.759841603307865 -16.226712657674266
    endloop
  endfacet
  facet normal 0 -0.21578419676779728 0.9764410788292742
    outer loop
      vertex -1.5 -7.700855419640553 -16.213677271782565
      vertex 1.5 -7.759841603307865 -16.226712657674266
      vertex 1.5 -7.700855419640553 -16.213677271782565
    endloop
  endfacet
  facet normal 0 -0.262707378198599 0.9648755533435482
    outer loop
      vertex -1.5 -7.642567902001638 -16.197807286386457
      vertex 1.5 -7.700855419640553 -16.213677271782565
      vertex 1.5 -7.642567902001638 -16.197807286386457
    endloop
  endfacet
  facet normal 0 -0.30901699437495456 0.9510565162951512
    outer loop
      vertex -1.5 -7.585115183589339 -16.179139766572177
      vertex 1.5 -7.642567902001638 -16.197807286386457
      vertex 1.5 -7.585115183589339 -16.179139766572177
    endloop
  endfacet
  facet normal 0 -0.3546048870425014 0.9350162426854279
    outer loop
      vertex -1.5 -7.5286314478896 -16.157718311197222
      vertex 1.5 -7.585115183589339 -16.179139766572177
      vertex 1.5 -7.5286314478896 -16.157718311197222
    endloop
  endfacet
  facet normal 0 -0.3993645835657059 0.9167921953165777
    outer loop
      vertex -1.5 -7.473248615284339 -16.133592951063182
      vertex 1.5 -7.5286314478896 -16.157718311197222
      vertex 1.5 -7.473248615284339 -16.133592951063182
    endloop
  endfacet
  facet normal 0 -0.4431915455992464 0.8964269372957012
    outer loop
      vertex -1.5 -7.419096034945289 -16.106820032066512
      vertex 1.5 -7.473248615284339 -16.133592951063182
      vertex 1.5 -7.419096034945289 -16.106820032066512
    endloop
  endfacet
  facet normal 0 -0.4859834132426111 0.8739680326265151
    outer loop
      vertex -1.5 -7.366300182733012 -16.07746208360006
      vertex 1.5 -7.419096034945289 -16.106820032066512
      vertex 1.5 -7.366300182733012 -16.07746208360006
    endloop
  endfacet
  facet normal 0 -0.5276402441061124 0.8494679351215337
    outer loop
      vertex -1.5 -7.314984365806662 -16.045587672512784
      vertex 1.5 -7.366300182733012 -16.07746208360006
      vertex 1.5 -7.314984365806662 -16.045587672512784
    endloop
  endfacet
  facet normal 0 -0.5680647467311887 0.8229838658936337
    outer loop
      vertex -1.5 -7.265268434634408 -16.011271242968682
      vertex 1.5 -7.314984365806662 -16.045587672512784
      vertex 1.5 -7.265268434634408 -16.011271242968682
    endloop
  endfacet
  facet normal 0 -0.6071625078186957 0.794577679713766
    outer loop
      vertex -1.5 -7.217268503077108 -15.974592942579028
      vertex 1.5 -7.265268434634408 -16.011271242968682
      vertex 1.5 -7.217268503077108 -15.974592942579028
    endloop
  endfacet
  facet normal 0 -0.6448422127361646 0.7643157205458533
    outer loop
      vertex -1.5 -7.171096677199006 -15.935638435213876
      vertex 1.5 -7.217268503077108 -15.974592942579028
      vertex 1.5 -7.171096677199006 -15.935638435213876
    endloop
  endfacet
  facet normal 0 -0.6810158587867997 0.732268666597771
    outer loop
      vertex -1.5 -7.126860793438829 -15.894498700930152
      vertex 1.5 -7.171096677199006 -15.935638435213876
      vertex 1.5 -7.126860793438829 -15.894498700930152
    endloop
  endfacet
  facet normal 0 -0.7155989607441195 0.6985113652489385
    outer loop
      vertex -1.5 -7.084664166752783 -15.851269823483497
      vertex 1.5 -7.126860793438829 -15.894498700930152
      vertex 1.5 -7.084664166752783 -15.851269823483497
    endloop
  endfacet
  facet normal 0 -0.7485107481711039 0.6631226582407921
    outer loop
      vertex -1.5 -7.04460534931769 -15.806052765920214
      vertex 1.5 -7.084664166752783 -15.851269823483497
      vertex 1.5 -7.04460534931769 -15.806052765920214
    endloop
  endfacet
  facet normal 0 -0.7796743540632242 0.6261851975383114
    outer loop
      vertex -1.5 -7.0067779003578075 -15.758953134773389
      vertex 1.5 -7.04460534931769 -15.806052765920214
      vertex 1.5 -7.0067779003578075 -15.758953134773389
    endloop
  endfacet
  facet normal 0 -0.8090169943749431 0.5877852522924792
    outer loop
      vertex -1.5 -6.971270167632929 -15.710080933413945
      vertex 1.5 -7.0067779003578075 -15.758953134773389
      vertex 1.5 -6.971270167632929 -15.710080933413945
    endloop
  endfacet
  facet normal 0 -0.8364701380102307 0.548012507354664
    outer loop
      vertex -1.5 -6.938165081098099 -15.659550305132665
      vertex 1.5 -6.971270167632929 -15.710080933413945
      vertex 1.5 -6.938165081098099 -15.659550305132665
    endloop
  endfacet
  facet normal 0 -0.8619696668800477 0.5069598538135929
    outer loop
      vertex -1.5 -6.9075399592168525 -15.607479266553257
      vertex 1.5 -6.938165081098099 -15.659550305132665
      vertex 1.5 -6.9075399592168525 -15.607479266553257
    endloop
  endfacet
  facet normal 0 -0.8854560256532139 0.464723172043761
    outer loop
      vertex -1.5 -6.879466328380371 -15.553989431999051
      vertex 1.5 -6.9075399592168525 -15.607479266553257
      vertex 1.5 -6.879466328380371 -15.553989431999051
    endloop
  endfacet
  facet normal 0 -0.9068743608505393 0.42140110777254264
    outer loop
      vertex -1.5 -6.854009755854272 -15.49920572945712
      vertex 1.5 -6.879466328380371 -15.553989431999051
      vertex 1.5 -6.854009755854272 -15.49920572945712
    endloop
  endfacet
  facet normal 0 -0.9261746489577799 0.37709484168831214
    outer loop
      vertex -1.5 -6.8312296966432315 -15.443256108803169
      vertex 1.5 -6.854009755854272 -15.49920572945712
      vertex 1.5 -6.8312296966432315 -15.443256108803169
    endloop
  endfacet
  facet normal 0 -0.9433118132577417 0.3319078531285325
    outer loop
      vertex -1.5 -6.811179354631058 -15.386271242968684
      vertex 1.5 -6.8312296966432315 -15.443256108803169
      vertex 1.5 -6.811179354631058 -15.386271242968684
    endloop
  endfacet
  facet normal 0 -0.9582458291091674 0.2859456783986852
    outer loop
      vertex -1.5 -6.793905558320561 -15.328384222748234
      vertex 1.5 -6.811179354631058 -15.386271242968684
      vertex 1.5 -6.793905558320561 -15.328384222748234
    endloop
  endfacet
  facet normal 0 -0.9709418174260518 0.2393156642875591
    outer loop
      vertex -1.5 -6.77944865146341 -15.269730245959757
      vertex 1.5 -6.793905558320561 -15.328384222748234
      vertex 1.5 -6.77944865146341 -15.269730245959757
    endloop
  endfacet
  facet normal 0 -0.9813701261394133 0.1921267173537094
    outer loop
      vertex -1.5 -6.767842398835437 -15.210446301683799
      vertex 1.5 -6.77944865146341 -15.269730245959757
      vertex 1.5 -6.767842398835437 -15.210446301683799
    endloop
  endfacet
  facet normal 0 -0.989506399451052 0.14448904956921596
    outer loop
      vertex -1.5 -6.759113907377433 -15.150670850319154
      vertex 1.5 -6.767842398835437 -15.210446301683799
      vertex 1.5 -6.759113907377433 -15.150670850319154
    endloop
  endfacet
  facet normal 0 -0.9953316347176484 0.09651392091451653
    outer loop
      vertex -1.5 -6.7532835628856365 -15.090543500202203
      vertex 1.5 -6.759113907377433 -15.150670850319154
      vertex 1.5 -6.7532835628856365 -15.090543500202203
    endloop
  endfacet
  facet normal 0 -0.9988322268323266 0.04831337952550667
    outer loop
      vertex -1.5 -6.750364982399759 -15.030204681545165
      vertex 1.5 -6.7532835628856365 -15.090543500202203
      vertex 1.5 -6.750364982399759 -15.030204681545165
    endloop
  endfacet
  facet normal 0 0.9988322268323265 -0.04831337952550809
    outer loop
      vertex -1.5 -9.24963501760024 -14.969795318454835
      vertex 1.5 -9.246716437114364 -14.909456499797798
      vertex 1.5 -9.24963501760024 -14.969795318454835
    endloop
  endfacet
  facet normal 0 0.9953316347176487 -0.0965139209145137
    outer loop
      vertex -1.5 -9.246716437114364 -14.909456499797798
      vertex 1.5 -9.240886092622567 -14.849329149680846
      vertex 1.5 -9.246716437114364 -14.909456499797798
    endloop
  endfacet
  facet normal 0 0.9895063994510541 -0.14448904956920158
    outer loop
      vertex -1.5 -9.240886092622567 -14.849329149680846
      vertex 1.5 -9.232157601164564 -14.789553698316201
      vertex 1.5 -9.240886092622567 -14.849329149680846
    endloop
  endfacet
  facet normal 0 0.9813701261394104 -0.19212671735372355
    outer loop
      vertex -1.5 -9.232157601164564 -14.789553698316201
      vertex 1.5 -9.22055134853659 -14.730269754040243
      vertex 1.5 -9.232157601164564 -14.789553698316201
    endloop
  endfacet
  facet normal 0 0.970941817426055 -0.2393156642875452
    outer loop
      vertex -1.5 -9.22055134853659 -14.730269754040243
      vertex 1.5 -9.20609444167944 -14.671615777251766
      vertex 1.5 -9.22055134853659 -14.730269754040243
    endloop
  endfacet
  facet normal 0 0.9582458291091634 -0.28594567839869867
    outer loop
      vertex -1.5 -9.20609444167944 -14.671615777251766
      vertex 1.5 -9.188820645368942 -14.613728757031316
      vertex 1.5 -9.20609444167944 -14.671615777251766
    endloop
  endfacet
  facet normal 0 0.9433118132577462 -0.3319078531285194
    outer loop
      vertex -1.5 -9.188820645368942 -14.613728757031316
      vertex 1.5 -9.16877030335677 -14.556743891196831
      vertex 1.5 -9.188820645368942 -14.613728757031316
    endloop
  endfacet
  facet normal 0 0.9261746489577799 -0.37709484168831214
    outer loop
      vertex -1.5 -9.16877030335677 -14.556743891196831
      vertex 1.5 -9.145990244145729 -14.50079427054288
      vertex 1.5 -9.16877030335677 -14.556743891196831
    endloop
  endfacet
  facet normal 0 0.9068743608505389 -0.42140110777254347
    outer loop
      vertex -1.5 -9.145990244145729 -14.50079427054288
      vertex 1.5 -9.12053367161963 -14.446010568000947
      vertex 1.5 -9.145990244145729 -14.50079427054288
    endloop
  endfacet
  facet normal 0 0.8854560256532136 -0.46472317204376157
    outer loop
      vertex -1.5 -9.12053367161963 -14.446010568000947
      vertex 1.5 -9.092460040783148 -14.392520733446743
      vertex 1.5 -9.12053367161963 -14.446010568000947
    endloop
  endfacet
  facet normal 0 0.8619696668800413 -0.5069598538136038
    outer loop
      vertex -1.5 -9.092460040783148 -14.392520733446743
      vertex 1.5 -9.061834918901901 -14.340449694867335
      vertex 1.5 -9.092460040783148 -14.392520733446743
    endloop
  endfacet
  facet normal 0 0.836470138010224 -0.5480125073546742
    outer loop
      vertex -1.5 -9.061834918901901 -14.340449694867335
      vertex 1.5 -9.02872983236707 -14.289919066586055
      vertex 1.5 -9.061834918901901 -14.340449694867335
    endloop
  endfacet
  facet normal 0 0.8090169943749499 -0.5877852522924695
    outer loop
      vertex -1.5 -9.02872983236707 -14.289919066586055
      vertex 1.5 -8.993222099642193 -14.241046865226611
      vertex 1.5 -9.02872983236707 -14.289919066586055
    endloop
  endfacet
  facet normal 0 0.7796743540632242 -0.6261851975383114
    outer loop
      vertex -1.5 -8.993222099642193 -14.241046865226611
      vertex 1.5 -8.95539465068231 -14.193947234079786
      vertex 1.5 -8.993222099642193 -14.241046865226611
    endloop
  endfacet
  facet normal 0 0.7485107481710965 -0.6631226582408002
    outer loop
      vertex -1.5 -8.95539465068231 -14.193947234079786
      vertex 1.5 -8.915335833247216 -14.148730176516503
      vertex 1.5 -8.95539465068231 -14.193947234079786
    endloop
  endfacet
  facet normal 0 0.7155989607441199 -0.6985113652489383
    outer loop
      vertex -1.5 -8.915335833247216 -14.148730176516503
      vertex 1.5 -8.873139206561172 -14.10550129906985
      vertex 1.5 -8.915335833247216 -14.148730176516503
    endloop
  endfacet
  facet normal 0 0.6810158587868009 -0.73226866659777
    outer loop
      vertex -1.5 -8.873139206561172 -14.10550129906985
      vertex 1.5 -8.828903322800993 -14.064361564786124
      vertex 1.5 -8.873139206561172 -14.10550129906985
    endloop
  endfacet
  facet normal 0 0.6448422127361718 -0.7643157205458473
    outer loop
      vertex -1.5 -8.828903322800993 -14.064361564786124
      vertex 1.5 -8.782731496922892 -14.025407057420972
      vertex 1.5 -8.828903322800993 -14.064361564786124
    endloop
  endfacet
  facet normal 0 0.6071625078187073 -0.7945776797137574
    outer loop
      vertex -1.5 -8.782731496922892 -14.025407057420972
      vertex 1.5 -8.73473156536559 -13.988728757031316
      vertex 1.5 -8.782731496922892 -14.025407057420972
    endloop
  endfacet
  facet normal 0 0.5680647467311757 -0.8229838658936427
    outer loop
      vertex -1.5 -8.73473156536559 -13.988728757031316
      vertex 1.5 -8.685015634193338 -13.954412327487216
      vertex 1.5 -8.73473156536559 -13.988728757031316
    endloop
  endfacet
  facet normal 0 0.5276402441061124 -0.8494679351215337
    outer loop
      vertex -1.5 -8.685015634193338 -13.954412327487216
      vertex 1.5 -8.633699817266988 -13.92253791639994
      vertex 1.5 -8.685015634193338 -13.954412327487216
    endloop
  endfacet
  facet normal 0 0.4859834132426111 -0.8739680326265151
    outer loop
      vertex -1.5 -8.633699817266988 -13.92253791639994
      vertex 1.5 -8.580903965054711 -13.893179967933488
      vertex 1.5 -8.633699817266988 -13.92253791639994
    endloop
  endfacet
  facet normal 0 0.4431915455992464 -0.8964269372957012
    outer loop
      vertex -1.5 -8.580903965054711 -13.893179967933488
      vertex 1.5 -8.526751384715661 -13.866407048936818
      vertex 1.5 -8.580903965054711 -13.893179967933488
    endloop
  endfacet
  facet normal 0 0.3993645835656813 -0.9167921953165887
    outer loop
      vertex -1.5 -8.526751384715661 -13.866407048936818
      vertex 1.5 -8.4713685521104 -13.84228168880278
      vertex 1.5 -8.526751384715661 -13.866407048936818
    endloop
  endfacet
  facet normal 0 0.35460488704255283 -0.9350162426854083
    outer loop
      vertex -1.5 -8.4713685521104 -13.84228168880278
      vertex 1.5 -8.41488481641066 -13.82086023342782
      vertex 1.5 -8.4713685521104 -13.84228168880278
    endloop
  endfacet
  facet normal 0 0.3090169943749237 -0.9510565162951614
    outer loop
      vertex -1.5 -8.41488481641066 -13.82086023342782
      vertex 1.5 -8.35743209799836 -13.802192713613543
      vertex 1.5 -8.41488481641066 -13.82086023342782
    endloop
  endfacet
  facet normal 0 0.26270737819860646 -0.9648755533435461
    outer loop
      vertex -1.5 -8.35743209799836 -13.802192713613543
      vertex 1.5 -8.299144580359448 -13.786322728217435
      vertex 1.5 -8.35743209799836 -13.802192713613543
    endloop
  endfacet
  facet normal 0 0.21578419676779728 -0.9764410788292742
    outer loop
      vertex -1.5 -8.299144580359448 -13.786322728217435
      vertex 1.5 -8.240158396692136 -13.773287342325734
      vertex 1.5 -8.299144580359448 -13.786322728217435
    endloop
  endfacet
  facet normal 0 0.16835704134704343 -0.9857260809316499
    outer loop
      vertex -1.5 -8.240158396692136 -13.773287342325734
      vertex 1.5 -8.180611311961528 -13.763117000686186
      vertex 1.5 -8.240158396692136 -13.773287342325734
    endloop
  endfacet
  facet normal 0 0.12053668025531865 -0.9927088740980545
    outer loop
      vertex -1.5 -8.180611311961528 -13.763117000686186
      vertex 1.5 -8.120642401143144 -13.75583545660294
      vertex 1.5 -8.180611311961528 -13.763117000686186
    endloop
  endfacet
  facet normal 0 0.07243480016175645 -0.9973731496914915
    outer loop
      vertex -1.5 -8.120642401143144 -13.75583545660294
      vertex 1.5 -8.060391724406884 -13.751459716459593
      vertex 1.5 -8.120642401143144 -13.75583545660294
    endloop
  endfacet
  facet normal 0 0.024163745236146773 -0.9997080140801926
    outer loop
      vertex -1.5 -8.060391724406884 -13.751459716459593
      vertex 1.5 -8 -13.75
      vertex 1.5 -8.060391724406884 -13.751459716459593
    endloop
  endfacet
  facet normal 0 -0.024163745236146773 -0.9997080140801926
    outer loop
      vertex -1.5 -8 -13.75
      vertex 1.5 -7.939608275593116 -13.751459716459593
      vertex 1.5 -8 -13.75
    endloop
  endfacet
  facet normal 0 -0.07243480016175645 -0.9973731496914915
    outer loop
      vertex -1.5 -7.939608275593116 -13.751459716459593
      vertex 1.5 -7.879357598856856 -13.75583545660294
      vertex 1.5 -7.939608275593116 -13.751459716459593
    endloop
  endfacet
  facet normal 0 -0.12053668025532041 -0.9927088740980543
    outer loop
      vertex -1.5 -7.879357598856856 -13.75583545660294
      vertex 1.5 -7.819388688038473 -13.763117000686186
      vertex 1.5 -7.879357598856856 -13.75583545660294
    endloop
  endfacet
  facet normal 0 -0.16835704134704343 -0.9857260809316499
    outer loop
      vertex -1.5 -7.819388688038473 -13.763117000686186
      vertex 1.5 -7.759841603307865 -13.773287342325734
      vertex 1.5 -7.819388688038473 -13.763117000686186
    endloop
  endfacet
  facet normal 0 -0.21578419676779728 -0.9764410788292742
    outer loop
      vertex -1.5 -7.759841603307865 -13.773287342325734
      vertex 1.5 -7.700855419640553 -13.786322728217435
      vertex 1.5 -7.759841603307865 -13.773287342325734
    endloop
  endfacet
  facet normal 0 -0.262707378198599 -0.9648755533435482
    outer loop
      vertex -1.5 -7.700855419640553 -13.786322728217435
      vertex 1.5 -7.642567902001638 -13.802192713613543
      vertex 1.5 -7.700855419640553 -13.786322728217435
    endloop
  endfacet
  facet normal 0 -0.309016994374928 -0.95105651629516
    outer loop
      vertex -1.5 -7.642567902001638 -13.802192713613543
      vertex 1.5 -7.585115183589339 -13.82086023342782
      vertex 1.5 -7.642567902001638 -13.802192713613543
    endloop
  endfacet
  facet normal 0 -0.35460488704254794 -0.9350162426854101
    outer loop
      vertex -1.5 -7.585115183589339 -13.82086023342782
      vertex 1.5 -7.528631447889599 -13.84228168880278
      vertex 1.5 -7.585115183589339 -13.82086023342782
    endloop
  endfacet
  facet normal 0 -0.3993645835656866 -0.9167921953165862
    outer loop
      vertex -1.5 -7.528631447889599 -13.84228168880278
      vertex 1.5 -7.473248615284339 -13.866407048936818
      vertex 1.5 -7.528631447889599 -13.84228168880278
    endloop
  endfacet
  facet normal 0 -0.4431915455992523 -0.8964269372956984
    outer loop
      vertex -1.5 -7.473248615284339 -13.866407048936818
      vertex 1.5 -7.41909603494529 -13.893179967933488
      vertex 1.5 -7.473248615284339 -13.866407048936818
    endloop
  endfacet
  facet normal 0 -0.5276402441061059 -0.8494679351215378
    outer loop
      vertex -1.5 -7.366300182733013 -13.92253791639994
      vertex 1.5 -7.314984365806662 -13.954412327487216
      vertex 1.5 -7.366300182733013 -13.92253791639994
    endloop
  endfacet
  facet normal 0 -0.4859834132426111 -0.8739680326265151
    outer loop
      vertex -1.5 -7.41909603494529 -13.893179967933488
      vertex 1.5 -7.366300182733013 -13.92253791639994
      vertex 1.5 -7.41909603494529 -13.893179967933488
    endloop
  endfacet
  facet normal 0 -0.5680647467311688 -0.8229838658936475
    outer loop
      vertex -1.5 -7.314984365806662 -13.954412327487216
      vertex 1.5 -7.265268434634408 -13.988728757031316
      vertex 1.5 -7.314984365806662 -13.954412327487216
    endloop
  endfacet
  facet normal 0 -0.6071625078187144 -0.7945776797137519
    outer loop
      vertex -1.5 -7.265268434634408 -13.988728757031316
      vertex 1.5 -7.217268503077108 -14.025407057420972
      vertex 1.5 -7.265268434634408 -13.988728757031316
    endloop
  endfacet
  facet normal 0 -0.6810158587868081 -0.7322686665977632
    outer loop
      vertex -1.5 -7.171096677199006 -14.064361564786124
      vertex 1.5 -7.126860793438828 -14.10550129906985
      vertex 1.5 -7.171096677199006 -14.064361564786124
    endloop
  endfacet
  facet normal 0 -0.7155989607441124 -0.6985113652489457
    outer loop
      vertex -1.5 -7.126860793438828 -14.10550129906985
      vertex 1.5 -7.084664166752783 -14.148730176516503
      vertex 1.5 -7.126860793438828 -14.10550129906985
    endloop
  endfacet
  facet normal 0 -0.7485107481711039 -0.6631226582407921
    outer loop
      vertex -1.5 -7.084664166752783 -14.148730176516503
      vertex 1.5 -7.04460534931769 -14.193947234079786
      vertex 1.5 -7.084664166752783 -14.148730176516503
    endloop
  endfacet
  facet normal 0 -0.7796743540632242 -0.6261851975383114
    outer loop
      vertex -1.5 -7.04460534931769 -14.193947234079786
      vertex 1.5 -7.0067779003578075 -14.241046865226611
      vertex 1.5 -7.04460534931769 -14.193947234079786
    endloop
  endfacet
  facet normal 0 -0.6448422127361646 -0.7643157205458533
    outer loop
      vertex -1.5 -7.217268503077108 -14.025407057420972
      vertex 1.5 -7.171096677199006 -14.064361564786124
      vertex 1.5 -7.217268503077108 -14.025407057420972
    endloop
  endfacet
  facet normal 0 -0.8854560256532139 -0.464723172043761
    outer loop
      vertex -1.5 -6.9075399592168525 -14.392520733446743
      vertex 1.5 -6.879466328380371 -14.446010568000949
      vertex 1.5 -6.9075399592168525 -14.392520733446743
    endloop
  endfacet
  facet normal 0 -0.9068743608505393 -0.42140110777254264
    outer loop
      vertex -1.5 -6.879466328380371 -14.446010568000949
      vertex 1.5 -6.854009755854272 -14.50079427054288
      vertex 1.5 -6.879466328380371 -14.446010568000949
    endloop
  endfacet
  facet normal 0 -0.9261746489577799 -0.37709484168831214
    outer loop
      vertex -1.5 -6.854009755854272 -14.50079427054288
      vertex 1.5 -6.8312296966432315 -14.556743891196831
      vertex 1.5 -6.854009755854272 -14.50079427054288
    endloop
  endfacet
  facet normal 0 -1 0
    outer loop
      vertex -1.5 -6.750364982399759 -14.969795318454835
      vertex 1.5 -6.750364982399759 -15.030204681545165
      vertex 1.5 -6.750364982399759 -14.969795318454835
    endloop
  endfacet
  facet normal 0 -0.9988322268323266 -0.04831337952550667
    outer loop
      vertex -1.5 -6.7532835628856365 -14.909456499797797
      vertex 1.5 -6.750364982399759 -14.969795318454835
      vertex 1.5 -6.7532835628856365 -14.909456499797797
    endloop
  endfacet
  facet normal 0 -0.9953316347176484 -0.09651392091451653
    outer loop
      vertex -1.5 -6.759113907377433 -14.849329149680846
      vertex 1.5 -6.7532835628856365 -14.909456499797797
      vertex 1.5 -6.759113907377433 -14.849329149680846
    endloop
  endfacet
  facet normal 0 -0.9709418174260518 -0.2393156642875591
    outer loop
      vertex -1.5 -6.793905558320561 -14.671615777251766
      vertex 1.5 -6.77944865146341 -14.730269754040243
      vertex 1.5 -6.793905558320561 -14.671615777251766
    endloop
  endfacet
  facet normal 0 -0.989506399451052 -0.14448904956921596
    outer loop
      vertex -1.5 -6.767842398835437 -14.789553698316201
      vertex 1.5 -6.759113907377433 -14.849329149680846
      vertex 1.5 -6.767842398835437 -14.789553698316201
    endloop
  endfacet
  facet normal 0 -0.9813701261394133 -0.1921267173537094
    outer loop
      vertex -1.5 -6.77944865146341 -14.730269754040243
      vertex 1.5 -6.767842398835437 -14.789553698316201
      vertex 1.5 -6.77944865146341 -14.730269754040243
    endloop
  endfacet
  facet normal 0 -0.9582458291091674 -0.2859456783986852
    outer loop
      vertex -1.5 -6.811179354631058 -14.613728757031316
      vertex 1.5 -6.793905558320561 -14.671615777251766
      vertex 1.5 -6.811179354631058 -14.613728757031316
    endloop
  endfacet
  facet normal 0 -0.9433118132577417 -0.3319078531285325
    outer loop
      vertex -1.5 -6.8312296966432315 -14.556743891196831
      vertex 1.5 -6.811179354631058 -14.613728757031316
      vertex 1.5 -6.8312296966432315 -14.556743891196831
    endloop
  endfacet
  facet normal 0 -0.8090169943749431 -0.5877852522924792
    outer loop
      vertex -1.5 -7.0067779003578075 -14.241046865226611
      vertex 1.5 -6.971270167632929 -14.289919066586055
      vertex 1.5 -7.0067779003578075 -14.241046865226611
    endloop
  endfacet
  facet normal 0 -0.8364701380102307 -0.548012507354664
    outer loop
      vertex -1.5 -6.971270167632929 -14.289919066586055
      vertex 1.5 -6.938165081098099 -14.340449694867335
      vertex 1.5 -6.971270167632929 -14.289919066586055
    endloop
  endfacet
  facet normal 0 -0.8619696668800477 -0.5069598538135929
    outer loop
      vertex -1.5 -6.938165081098099 -14.340449694867335
      vertex 1.5 -6.9075399592168525 -14.392520733446743
      vertex 1.5 -6.938165081098099 -14.340449694867335
    endloop
  endfacet
  facet normal -4.6253426828249135e-19 0.836470138010224 0.5480125073546742
    outer loop
      vertex -1.5 6.97127016763293 -15.710080933413945
      vertex -1.5 6.938165081098099 -15.659550305132665
      vertex 1.5 6.938165081098099 -15.659550305132665
    endloop
  endfacet
  facet normal 2.2754690241946407e-19 0.809016994374957 0.5877852522924599
    outer loop
      vertex -1.5 7.006777900357807 -15.758953134773389
      vertex -1.5 6.97127016763293 -15.710080933413945
      vertex 1.5 6.97127016763293 -15.710080933413945
    endloop
  endfacet
  facet normal 3.774354851065657e-19 0.7796743540632242 0.6261851975383114
    outer loop
      vertex -1.5 7.044605349317689 -15.806052765920214
      vertex -1.5 7.006777900357807 -15.758953134773389
      vertex 1.5 7.006777900357807 -15.758953134773389
    endloop
  endfacet
  facet normal -4.71808353751708e-20 0.9433118132577417 0.3319078531285325
    outer loop
      vertex -1.5 6.8312296966432315 -15.443256108803169
      vertex -1.5 6.811179354631058 -15.386271242968684
      vertex 1.5 6.811179354631058 -15.386271242968684
    endloop
  endfacet
  facet normal -2.042124035927292e-19 0.9582458291091674 0.2859456783986852
    outer loop
      vertex -1.5 6.811179354631058 -15.386271242968684
      vertex -1.5 6.793905558320561 -15.328384222748234
      vertex 1.5 6.793905558320561 -15.328384222748234
    endloop
  endfacet
  facet normal 9.303135646441278e-20 0.9709418174260518 0.2393156642875591
    outer loop
      vertex -1.5 6.793905558320561 -15.328384222748234
      vertex -1.5 6.77944865146341 -15.269730245959757
      vertex 1.5 6.77944865146341 -15.269730245959757
    endloop
  endfacet
  facet normal 1.7681371188162758e-19 0.989506399451052 0.14448904956921596
    outer loop
      vertex -1.5 6.767842398835437 -15.210446301683799
      vertex -1.5 6.759113907377433 -15.150670850319154
      vertex 1.5 6.759113907377433 -15.150670850319154
    endloop
  endfacet
  facet normal -1.3635817105786554e-19 0.9813701261394133 0.1921267173537094
    outer loop
      vertex -1.5 6.77944865146341 -15.269730245959757
      vertex -1.5 6.767842398835437 -15.210446301683799
      vertex 1.5 6.767842398835437 -15.210446301683799
    endloop
  endfacet
  facet normal -1.7204003964425173e-20 0.9953316347176487 0.0965139209145137
    outer loop
      vertex -1.5 6.759113907377433 -15.150670850319154
      vertex -1.5 6.7532835628856365 -15.090543500202202
      vertex 1.5 6.7532835628856365 -15.090543500202202
    endloop
  endfacet
  facet normal -6.124637589947591e-20 0.9988322268323265 0.04831337952550809
    outer loop
      vertex -1.5 6.7532835628856365 -15.090543500202202
      vertex -1.5 6.750364982399759 -15.030204681545165
      vertex 1.5 6.750364982399759 -15.030204681545165
    endloop
  endfacet
  facet normal 4.2188352811395063e-19 0.9068743608505444 0.42140110777253137
    outer loop
      vertex -1.5 6.879466328380371 -15.553989431999053
      vertex -1.5 6.854009755854272 -15.49920572945712
      vertex 1.5 6.854009755854272 -15.49920572945712
    endloop
  endfacet
  facet normal 3.286204968601703e-19 0.8854560256532139 0.464723172043761
    outer loop
      vertex -1.5 6.9075399592168525 -15.60747926655326
      vertex -1.5 6.879466328380371 -15.553989431999053
      vertex 1.5 6.879466328380371 -15.553989431999053
    endloop
  endfacet
  facet normal 1.105131979664112e-19 0.8619696668800403 0.5069598538136058
    outer loop
      vertex -1.5 6.938165081098099 -15.659550305132665
      vertex -1.5 6.9075399592168525 -15.60747926655326
      vertex 1.5 6.9075399592168525 -15.60747926655326
    endloop
  endfacet
  facet normal 3.458435948288839e-19 0.9261746489577799 0.37709484168831214
    outer loop
      vertex -1.5 6.854009755854272 -15.49920572945712
      vertex -1.5 6.8312296966432315 -15.443256108803169
      vertex 1.5 6.8312296966432315 -15.443256108803169
    endloop
  endfacet
  facet normal 0 0.6448422127361646 0.7643157205458533
    outer loop
      vertex -1.5 7.171096677199006 -15.935638435213876
      vertex 1.5 7.171096677199006 -15.935638435213876
      vertex -1.5 7.217268503077108 -15.974592942579028
    endloop
  endfacet
  facet normal 2.4492841352883155e-19 0.748510748171091 0.6631226582408066
    outer loop
      vertex -1.5 7.084664166752782 -15.851269823483495
      vertex -1.5 7.044605349317689 -15.806052765920214
      vertex 1.5 7.044605349317689 -15.806052765920214
    endloop
  endfacet
  facet normal 3.099154424291377e-19 0.7155989607441195 0.6985113652489385
    outer loop
      vertex -1.5 7.126860793438828 -15.89449870093015
      vertex -1.5 7.084664166752782 -15.851269823483495
      vertex 1.5 7.084664166752782 -15.851269823483495
    endloop
  endfacet
  facet normal 5.932366568379991e-19 0.6810158587868081 0.7322686665977632
    outer loop
      vertex -1.5 7.171096677199006 -15.935638435213876
      vertex -1.5 7.126860793438828 -15.89449870093015
      vertex 1.5 7.126860793438828 -15.89449870093015
    endloop
  endfacet
  facet normal 0 0.6071625078186957 0.794577679713766
    outer loop
      vertex -1.5 7.217268503077108 -15.974592942579028
      vertex 1.5 7.217268503077108 -15.974592942579028
      vertex -1.5 7.265268434634408 -16.011271242968682
    endloop
  endfacet
  facet normal 0 0.5680647467311887 0.8229838658936337
    outer loop
      vertex -1.5 7.265268434634408 -16.011271242968682
      vertex 1.5 7.265268434634408 -16.011271242968682
      vertex -1.5 7.314984365806662 -16.045587672512784
    endloop
  endfacet
  facet normal 0 0.5276402441061059 0.8494679351215378
    outer loop
      vertex -1.5 7.314984365806662 -16.045587672512784
      vertex 1.5 7.314984365806662 -16.045587672512784
      vertex -1.5 7.366300182733013 -16.07746208360006
    endloop
  endfacet
  facet normal 0 0.4859834132426111 0.8739680326265151
    outer loop
      vertex -1.5 7.366300182733013 -16.07746208360006
      vertex 1.5 7.366300182733013 -16.07746208360006
      vertex -1.5 7.41909603494529 -16.106820032066512
    endloop
  endfacet
  facet normal 0 0.4431915455992523 0.8964269372956984
    outer loop
      vertex -1.5 7.41909603494529 -16.106820032066512
      vertex 1.5 7.41909603494529 -16.106820032066512
      vertex -1.5 7.473248615284339 -16.133592951063182
    endloop
  endfacet
  facet normal 0 0.3993645835657059 0.9167921953165777
    outer loop
      vertex -1.5 7.473248615284339 -16.133592951063182
      vertex 1.5 7.473248615284339 -16.133592951063182
      vertex -1.5 7.5286314478896 -16.157718311197222
    endloop
  endfacet
  facet normal 0 0.35460488704249654 0.9350162426854297
    outer loop
      vertex -1.5 7.5286314478896 -16.157718311197222
      vertex 1.5 7.5286314478896 -16.157718311197222
      vertex -1.5 7.58511518358934 -16.179139766572177
    endloop
  endfacet
  facet normal 0 0.3090169943749632 0.9510565162951484
    outer loop
      vertex -1.5 7.58511518358934 -16.179139766572177
      vertex 1.5 7.58511518358934 -16.179139766572177
      vertex -1.5 7.6425679020016375 -16.197807286386457
    endloop
  endfacet
  facet normal 0 0.262707378198599 0.9648755533435482
    outer loop
      vertex -1.5 7.6425679020016375 -16.197807286386457
      vertex 1.5 7.6425679020016375 -16.197807286386457
      vertex -1.5 7.700855419640552 -16.213677271782565
    endloop
  endfacet
  facet normal 0 0.21578419676779728 0.9764410788292742
    outer loop
      vertex -1.5 7.700855419640552 -16.213677271782565
      vertex 1.5 7.700855419640552 -16.213677271782565
      vertex -1.5 7.759841603307864 -16.226712657674266
    endloop
  endfacet
  facet normal 0 0.16835704134704102 0.9857260809316505
    outer loop
      vertex -1.5 7.759841603307864 -16.226712657674266
      vertex 1.5 7.759841603307864 -16.226712657674266
      vertex -1.5 7.819388688038473 -16.236882999313814
    endloop
  endfacet
  facet normal 0 0.12053668025534937 0.9927088740980506
    outer loop
      vertex -1.5 7.819388688038473 -16.236882999313814
      vertex 1.5 7.819388688038473 -16.236882999313814
      vertex -1.5 7.879357598856856 -16.244164543397062
    endloop
  endfacet
  facet normal 0 0.07243480016172721 0.9973731496914938
    outer loop
      vertex -1.5 7.879357598856856 -16.244164543397062
      vertex 1.5 7.879357598856856 -16.244164543397062
      vertex -1.5 7.939608275593116 -16.248540283540407
    endloop
  endfacet
  facet normal 0 0.024163745236146773 0.9997080140801926
    outer loop
      vertex -1.5 7.939608275593116 -16.248540283540407
      vertex 1.5 7.939608275593116 -16.248540283540407
      vertex -1.5 8 -16.25
    endloop
  endfacet
  facet normal 0 -0.024163745236146773 0.9997080140801926
    outer loop
      vertex -1.5 8 -16.25
      vertex 1.5 8 -16.25
      vertex -1.5 8.060391724406884 -16.248540283540407
    endloop
  endfacet
  facet normal 0 -0.07243480016172721 0.9973731496914938
    outer loop
      vertex -1.5 8.060391724406884 -16.248540283540407
      vertex 1.5 8.060391724406884 -16.248540283540407
      vertex -1.5 8.120642401143144 -16.244164543397062
    endloop
  endfacet
  facet normal 0 -0.12053668025534761 0.992708874098051
    outer loop
      vertex -1.5 8.120642401143144 -16.244164543397062
      vertex 1.5 8.120642401143144 -16.244164543397062
      vertex -1.5 8.180611311961528 -16.236882999313814
    endloop
  endfacet
  facet normal 0 -0.16835704134704343 0.9857260809316499
    outer loop
      vertex -1.5 8.180611311961528 -16.236882999313814
      vertex 1.5 8.180611311961528 -16.236882999313814
      vertex -1.5 8.240158396692136 -16.226712657674266
    endloop
  endfacet
  facet normal 0 -0.21578419676779728 0.9764410788292742
    outer loop
      vertex -1.5 8.240158396692136 -16.226712657674266
      vertex 1.5 8.240158396692136 -16.226712657674266
      vertex -1.5 8.299144580359448 -16.213677271782565
    endloop
  endfacet
  facet normal 0 -0.262707378198599 0.9648755533435482
    outer loop
      vertex -1.5 8.299144580359448 -16.213677271782565
      vertex 1.5 8.299144580359448 -16.213677271782565
      vertex -1.5 8.357432097998363 -16.197807286386457
    endloop
  endfacet
  facet normal 0 -0.3090169943749589 0.9510565162951498
    outer loop
      vertex -1.5 8.357432097998363 -16.197807286386457
      vertex 1.5 8.357432097998363 -16.197807286386457
      vertex -1.5 8.41488481641066 -16.179139766572177
    endloop
  endfacet
  facet normal 0 -0.3546048870425014 0.9350162426854279
    outer loop
      vertex -1.5 8.41488481641066 -16.179139766572177
      vertex 1.5 8.41488481641066 -16.179139766572177
      vertex -1.5 8.4713685521104 -16.157718311197222
    endloop
  endfacet
  facet normal 0 -0.3993645835657059 0.9167921953165777
    outer loop
      vertex -1.5 8.4713685521104 -16.157718311197222
      vertex 1.5 8.4713685521104 -16.157718311197222
      vertex -1.5 8.526751384715661 -16.133592951063182
    endloop
  endfacet
  facet normal 0 -0.4431915455992464 0.8964269372957012
    outer loop
      vertex -1.5 8.526751384715661 -16.133592951063182
      vertex 1.5 8.526751384715661 -16.133592951063182
      vertex -1.5 8.580903965054711 -16.106820032066512
    endloop
  endfacet
  facet normal 0 -0.4859834132426111 0.8739680326265151
    outer loop
      vertex -1.5 8.580903965054711 -16.106820032066512
      vertex 1.5 8.580903965054711 -16.106820032066512
      vertex -1.5 8.633699817266988 -16.07746208360006
    endloop
  endfacet
  facet normal 0 -0.5276402441061124 0.8494679351215337
    outer loop
      vertex -1.5 8.633699817266988 -16.07746208360006
      vertex 1.5 8.633699817266988 -16.07746208360006
      vertex -1.5 8.685015634193338 -16.045587672512784
    endloop
  endfacet
  facet normal 0 -0.5680647467311956 0.8229838658936289
    outer loop
      vertex -1.5 8.685015634193338 -16.045587672512784
      vertex 1.5 8.685015634193338 -16.045587672512784
      vertex -1.5 8.73473156536559 -16.011271242968682
    endloop
  endfacet
  facet normal 0 -0.6071625078186887 0.7945776797137715
    outer loop
      vertex -1.5 8.73473156536559 -16.011271242968682
      vertex 1.5 8.73473156536559 -16.011271242968682
      vertex -1.5 8.782731496922892 -15.974592942579028
    endloop
  endfacet
  facet normal 0 -0.6448422127361718 0.7643157205458473
    outer loop
      vertex -1.5 8.782731496922892 -15.974592942579028
      vertex 1.5 8.782731496922892 -15.974592942579028
      vertex -1.5 8.828903322800993 -15.935638435213876
    endloop
  endfacet
  facet normal 0 -0.6810158587867852 0.7322686665977848
    outer loop
      vertex -1.5 8.828903322800993 -15.935638435213876
      vertex 1.5 8.828903322800993 -15.935638435213876
      vertex -1.5 8.873139206561172 -15.894498700930152
    endloop
  endfacet
  facet normal 0 -0.7155989607441195 0.6985113652489385
    outer loop
      vertex -1.5 8.873139206561172 -15.894498700930152
      vertex 1.5 8.873139206561172 -15.894498700930152
      vertex -1.5 8.915335833247218 -15.851269823483497
    endloop
  endfacet
  facet normal -3.014457782451849e-19 -0.7485107481711112 0.6631226582407839
    outer loop
      vertex -1.5 8.95539465068231 -15.806052765920214
      vertex -1.5 8.915335833247218 -15.851269823483497
      vertex 1.5 8.915335833247218 -15.851269823483497
    endloop
  endfacet
  facet normal -3.774354851065657e-19 -0.7796743540632242 0.6261851975383114
    outer loop
      vertex -1.5 8.993222099642193 -15.758953134773389
      vertex -1.5 8.95539465068231 -15.806052765920214
      vertex 1.5 8.95539465068231 -15.806052765920214
    endloop
  endfacet
  facet normal -1.1533637397397628e-20 -0.8090169943749499 0.5877852522924695
    outer loop
      vertex -1.5 9.02872983236707 -15.710080933413945
      vertex -1.5 8.993222099642193 -15.758953134773389
      vertex 1.5 8.993222099642193 -15.758953134773389
    endloop
  endfacet
  facet normal 4.6253426828249135e-19 -0.836470138010224 0.5480125073546742
    outer loop
      vertex -1.5 9.061834918901901 -15.659550305132665
      vertex -1.5 9.02872983236707 -15.710080933413945
      vertex 1.5 9.02872983236707 -15.710080933413945
    endloop
  endfacet
  facet normal -5.914792426088656e-19 -0.8619696668800542 0.506959853813582
    outer loop
      vertex -1.5 9.092460040783147 -15.607479266553257
      vertex -1.5 9.061834918901901 -15.659550305132665
      vertex 1.5 9.061834918901901 -15.659550305132665
    endloop
  endfacet
  facet normal -2.1571543013940463e-19 -0.8854560256532078 0.4647231720437725
    outer loop
      vertex -1.5 9.12053367161963 -15.553989431999051
      vertex -1.5 9.092460040783147 -15.607479266553257
      vertex 1.5 9.092460040783147 -15.607479266553257
    endloop
  endfacet
  facet normal -5.968084941671105e-19 -0.9068743608505335 0.42140110777255474
    outer loop
      vertex -1.5 9.145990244145729 -15.49920572945712
      vertex -1.5 9.12053367161963 -15.553989431999051
      vertex 1.5 9.12053367161963 -15.553989431999051
    endloop
  endfacet
  facet normal -3.458435948288839e-19 -0.9261746489577799 0.37709484168831214
    outer loop
      vertex -1.5 9.16877030335677 -15.443256108803169
      vertex -1.5 9.145990244145729 -15.49920572945712
      vertex 1.5 9.145990244145729 -15.49920572945712
    endloop
  endfacet
  facet normal -4.433989981903993e-19 -0.9433118132577462 0.3319078531285194
    outer loop
      vertex -1.5 9.188820645368942 -15.386271242968684
      vertex -1.5 9.16877030335677 -15.443256108803169
      vertex 1.5 9.16877030335677 -15.443256108803169
    endloop
  endfacet
  facet normal 3.301264648597093e-19 -0.9582458291091634 0.28594567839869867
    outer loop
      vertex -1.5 9.20609444167944 -15.328384222748234
      vertex -1.5 9.188820645368942 -15.386271242968684
      vertex 1.5 9.188820645368942 -15.386271242968684
    endloop
  endfacet
  facet normal 2.100567776992187e-19 -0.970941817426055 0.2393156642875452
    outer loop
      vertex -1.5 9.22055134853659 -15.269730245959757
      vertex -1.5 9.20609444167944 -15.328384222748234
      vertex 1.5 9.20609444167944 -15.328384222748234
    endloop
  endfacet
  facet normal -7.059452780940303e-20 -0.9813701261394104 0.19212671735372355
    outer loop
      vertex -1.5 9.232157601164564 -15.210446301683799
      vertex -1.5 9.22055134853659 -15.269730245959757
      vertex 1.5 9.22055134853659 -15.269730245959757
    endloop
  endfacet
  facet normal 1.432951551022638e-20 -0.9895063994510541 0.14448904956920158
    outer loop
      vertex -1.5 9.240886092622567 -15.150670850319154
      vertex -1.5 9.232157601164564 -15.210446301683799
      vertex 1.5 9.232157601164564 -15.210446301683799
    endloop
  endfacet
  facet normal 2.6280801315678445e-21 -0.9953316347176484 0.09651392091451653
    outer loop
      vertex -1.5 9.246716437114364 -15.090543500202203
      vertex -1.5 9.240886092622567 -15.150670850319154
      vertex 1.5 9.240886092622567 -15.150670850319154
    endloop
  endfacet
  facet normal -4.762207038533584e-20 -0.9988322268323266 0.04831337952550667
    outer loop
      vertex -1.5 9.24963501760024 -15.030204681545165
      vertex -1.5 9.246716437114364 -15.090543500202203
      vertex 1.5 9.246716437114364 -15.090543500202203
    endloop
  endfacet
  facet normal 0 -1 0
    outer loop
      vertex -1.5 9.24963501760024 -14.969795318454835
      vertex -1.5 9.24963501760024 -15.030204681545165
      vertex 1.5 9.24963501760024 -15.030204681545165
    endloop
  endfacet
  facet normal 0 1 0
    outer loop
      vertex -1.5 6.750364982399759 -15.030204681545165
      vertex -1.5 6.750364982399759 -14.969795318454835
      vertex 1.5 6.750364982399759 -14.969795318454835
    endloop
  endfacet
  facet normal 6.124637589947591e-20 0.9988322268323265 -0.04831337952550809
    outer loop
      vertex -1.5 6.750364982399759 -14.969795318454835
      vertex -1.5 6.7532835628856365 -14.909456499797798
      vertex 1.5 6.7532835628856365 -14.909456499797798
    endloop
  endfacet
  facet normal 1.7204003964425173e-20 0.9953316347176487 -0.0965139209145137
    outer loop
      vertex -1.5 6.7532835628856365 -14.909456499797798
      vertex -1.5 6.759113907377433 -14.849329149680846
      vertex 1.5 6.759113907377433 -14.849329149680846
    endloop
  endfacet
  facet normal -1.7681371188162758e-19 0.989506399451052 -0.14448904956921596
    outer loop
      vertex -1.5 6.759113907377433 -14.849329149680846
      vertex -1.5 6.767842398835437 -14.789553698316201
      vertex 1.5 6.767842398835437 -14.789553698316201
    endloop
  endfacet
  facet normal 1.3635817105786554e-19 0.9813701261394133 -0.1921267173537094
    outer loop
      vertex -1.5 6.767842398835437 -14.789553698316201
      vertex -1.5 6.77944865146341 -14.730269754040243
      vertex 1.5 6.77944865146341 -14.730269754040243
    endloop
  endfacet
  facet normal -9.303135646441278e-20 0.9709418174260518 -0.2393156642875591
    outer loop
      vertex -1.5 6.77944865146341 -14.730269754040243
      vertex -1.5 6.793905558320561 -14.671615777251766
      vertex 1.5 6.793905558320561 -14.671615777251766
    endloop
  endfacet
  facet normal 2.042124035927292e-19 0.9582458291091674 -0.2859456783986852
    outer loop
      vertex -1.5 6.793905558320561 -14.671615777251766
      vertex -1.5 6.811179354631058 -14.613728757031316
      vertex 1.5 6.811179354631058 -14.613728757031316
    endloop
  endfacet
  facet normal 4.71808353751708e-20 0.9433118132577417 -0.3319078531285325
    outer loop
      vertex -1.5 6.811179354631058 -14.613728757031316
      vertex -1.5 6.8312296966432315 -14.556743891196831
      vertex 1.5 6.8312296966432315 -14.556743891196831
    endloop
  endfacet
  facet normal -3.458435948288839e-19 0.9261746489577799 -0.37709484168831214
    outer loop
      vertex -1.5 6.8312296966432315 -14.556743891196831
      vertex -1.5 6.854009755854272 -14.50079427054288
      vertex 1.5 6.854009755854272 -14.50079427054288
    endloop
  endfacet
  facet normal -4.2188352811395063e-19 0.9068743608505444 -0.42140110777253137
    outer loop
      vertex -1.5 6.854009755854272 -14.50079427054288
      vertex -1.5 6.879466328380371 -14.446010568000947
      vertex 1.5 6.879466328380371 -14.446010568000947
    endloop
  endfacet
  facet normal -3.0371381065463625e-19 0.8854560256532075 -0.46472317204377306
    outer loop
      vertex -1.5 6.879466328380371 -14.446010568000947
      vertex -1.5 6.9075399592168525 -14.392520733446743
      vertex 1.5 6.9075399592168525 -14.392520733446743
    endloop
  endfacet
  facet normal -2.5289922464876454e-19 0.8619696668800477 -0.5069598538135929
    outer loop
      vertex -1.5 6.9075399592168525 -14.392520733446743
      vertex -1.5 6.938165081098099 -14.340449694867335
      vertex 1.5 6.938165081098099 -14.340449694867335
    endloop
  endfacet
  facet normal 4.942973774210389e-19 0.8364701380102307 -0.548012507354664
    outer loop
      vertex -1.5 6.938165081098099 -14.340449694867335
      vertex -1.5 6.971270167632929 -14.289919066586055
      vertex 1.5 6.971270167632929 -14.289919066586055
    endloop
  endfacet
  facet normal 2.0447962762466508e-19 0.8090169943749431 -0.5877852522924792
    outer loop
      vertex -1.5 6.971270167632929 -14.289919066586055
      vertex -1.5 7.0067779003578075 -14.241046865226611
      vertex 1.5 7.0067779003578075 -14.241046865226611
    endloop
  endfacet
  facet normal -3.774354851065657e-19 0.7796743540632242 -0.6261851975383114
    outer loop
      vertex -1.5 7.0067779003578075 -14.241046865226611
      vertex -1.5 7.04460534931769 -14.193947234079786
      vertex 1.5 7.04460534931769 -14.193947234079786
    endloop
  endfacet
  facet normal -5.129499717658551e-20 0.7485107481711039 -0.6631226582407921
    outer loop
      vertex -1.5 7.04460534931769 -14.193947234079786
      vertex -1.5 7.084664166752783 -14.148730176516503
      vertex 1.5 7.084664166752783 -14.148730176516503
    endloop
  endfacet
  facet normal 8.794947954680582e-22 0.7155989607441124 -0.6985113652489457
    outer loop
      vertex -1.5 7.084664166752783 -14.148730176516503
      vertex -1.5 7.126860793438828 -14.10550129906985
      vertex 1.5 7.126860793438828 -14.10550129906985
    endloop
  endfacet
  facet normal 0 0.6810158587868081 -0.7322686665977632
    outer loop
      vertex -1.5 7.171096677199006 -14.064361564786124
      vertex 1.5 7.171096677199006 -14.064361564786124
      vertex -1.5 7.126860793438828 -14.10550129906985
    endloop
  endfacet
  facet normal 0 0.6448422127361646 -0.7643157205458533
    outer loop
      vertex -1.5 7.217268503077108 -14.025407057420972
      vertex 1.5 7.217268503077108 -14.025407057420972
      vertex -1.5 7.171096677199006 -14.064361564786124
    endloop
  endfacet
  facet normal 0 0.6071625078187144 -0.7945776797137519
    outer loop
      vertex -1.5 7.265268434634408 -13.988728757031316
      vertex 1.5 7.265268434634408 -13.988728757031316
      vertex -1.5 7.217268503077108 -14.025407057420972
    endloop
  endfacet
  facet normal 0 0.5680647467311688 -0.8229838658936475
    outer loop
      vertex -1.5 7.314984365806662 -13.954412327487216
      vertex 1.5 7.314984365806662 -13.954412327487216
      vertex -1.5 7.265268434634408 -13.988728757031316
    endloop
  endfacet
  facet normal 0 0.5276402441061059 -0.8494679351215378
    outer loop
      vertex -1.5 7.366300182733013 -13.92253791639994
      vertex 1.5 7.366300182733013 -13.92253791639994
      vertex -1.5 7.314984365806662 -13.954412327487216
    endloop
  endfacet
  facet normal 0 0.4859834132426111 -0.8739680326265151
    outer loop
      vertex -1.5 7.41909603494529 -13.893179967933488
      vertex 1.5 7.41909603494529 -13.893179967933488
      vertex -1.5 7.366300182733013 -13.92253791639994
    endloop
  endfacet
  facet normal 0 0.4431915455992523 -0.8964269372956984
    outer loop
      vertex -1.5 7.473248615284339 -13.866407048936818
      vertex 1.5 7.473248615284339 -13.866407048936818
      vertex -1.5 7.41909603494529 -13.893179967933488
    endloop
  endfacet
  facet normal 0 0.3993645835656866 -0.9167921953165862
    outer loop
      vertex -1.5 7.528631447889599 -13.84228168880278
      vertex 1.5 7.528631447889599 -13.84228168880278
      vertex -1.5 7.473248615284339 -13.866407048936818
    endloop
  endfacet
  facet normal 0 0.35460488704254794 -0.9350162426854101
    outer loop
      vertex -1.5 7.585115183589339 -13.82086023342782
      vertex 1.5 7.585115183589339 -13.82086023342782
      vertex -1.5 7.528631447889599 -13.84228168880278
    endloop
  endfacet
  facet normal 0 0.309016994374928 -0.95105651629516
    outer loop
      vertex -1.5 7.642567902001638 -13.802192713613543
      vertex 1.5 7.642567902001638 -13.802192713613543
      vertex -1.5 7.585115183589339 -13.82086023342782
    endloop
  endfacet
  facet normal 0 0.262707378198599 -0.9648755533435482
    outer loop
      vertex -1.5 7.700855419640553 -13.786322728217435
      vertex 1.5 7.700855419640553 -13.786322728217435
      vertex -1.5 7.642567902001638 -13.802192713613543
    endloop
  endfacet
  facet normal 0 0.21578419676779728 -0.9764410788292742
    outer loop
      vertex -1.5 7.759841603307865 -13.773287342325734
      vertex 1.5 7.759841603307865 -13.773287342325734
      vertex -1.5 7.700855419640553 -13.786322728217435
    endloop
  endfacet
  facet normal 0 0.16835704134704343 -0.9857260809316499
    outer loop
      vertex -1.5 7.819388688038473 -13.763117000686186
      vertex 1.5 7.819388688038473 -13.763117000686186
      vertex -1.5 7.759841603307865 -13.773287342325734
    endloop
  endfacet
  facet normal 0 0.12053668025532041 -0.9927088740980543
    outer loop
      vertex -1.5 7.879357598856856 -13.75583545660294
      vertex 1.5 7.879357598856856 -13.75583545660294
      vertex -1.5 7.819388688038473 -13.763117000686186
    endloop
  endfacet
  facet normal 0 0.07243480016175645 -0.9973731496914915
    outer loop
      vertex -1.5 7.939608275593116 -13.751459716459593
      vertex 1.5 7.939608275593116 -13.751459716459593
      vertex -1.5 7.879357598856856 -13.75583545660294
    endloop
  endfacet
  facet normal 0 0.024163745236146773 -0.9997080140801926
    outer loop
      vertex -1.5 8 -13.75
      vertex 1.5 8 -13.75
      vertex -1.5 7.939608275593116 -13.751459716459593
    endloop
  endfacet
  facet normal 0 -0.024163745236146773 -0.9997080140801926
    outer loop
      vertex -1.5 8.060391724406884 -13.751459716459593
      vertex 1.5 8.060391724406884 -13.751459716459593
      vertex -1.5 8 -13.75
    endloop
  endfacet
  facet normal 0 -0.07243480016175645 -0.9973731496914915
    outer loop
      vertex -1.5 8.120642401143144 -13.75583545660294
      vertex 1.5 8.120642401143144 -13.75583545660294
      vertex -1.5 8.060391724406884 -13.751459716459593
    endloop
  endfacet
  facet normal 0 -0.12053668025531865 -0.9927088740980545
    outer loop
      vertex -1.5 8.180611311961528 -13.763117000686186
      vertex 1.5 8.180611311961528 -13.763117000686186
      vertex -1.5 8.120642401143144 -13.75583545660294
    endloop
  endfacet
  facet normal 0 -0.16835704134704343 -0.9857260809316499
    outer loop
      vertex -1.5 8.240158396692136 -13.773287342325734
      vertex 1.5 8.240158396692136 -13.773287342325734
      vertex -1.5 8.180611311961528 -13.763117000686186
    endloop
  endfacet
  facet normal 0 -0.21578419676779728 -0.9764410788292742
    outer loop
      vertex -1.5 8.299144580359448 -13.786322728217435
      vertex 1.5 8.299144580359448 -13.786322728217435
      vertex -1.5 8.240158396692136 -13.773287342325734
    endloop
  endfacet
  facet normal 0 -0.26270737819860646 -0.9648755533435461
    outer loop
      vertex -1.5 8.35743209799836 -13.802192713613543
      vertex 1.5 8.35743209799836 -13.802192713613543
      vertex -1.5 8.299144580359448 -13.786322728217435
    endloop
  endfacet
  facet normal 0 -0.3090169943749237 -0.9510565162951614
    outer loop
      vertex -1.5 8.41488481641066 -13.82086023342782
      vertex 1.5 8.41488481641066 -13.82086023342782
      vertex -1.5 8.35743209799836 -13.802192713613543
    endloop
  endfacet
  facet normal 0 -0.35460488704255283 -0.9350162426854083
    outer loop
      vertex -1.5 8.4713685521104 -13.84228168880278
      vertex 1.5 8.4713685521104 -13.84228168880278
      vertex -1.5 8.41488481641066 -13.82086023342782
    endloop
  endfacet
  facet normal 0 -0.3993645835656813 -0.9167921953165887
    outer loop
      vertex -1.5 8.526751384715661 -13.866407048936818
      vertex 1.5 8.526751384715661 -13.866407048936818
      vertex -1.5 8.4713685521104 -13.84228168880278
    endloop
  endfacet
  facet normal 0 -0.4431915455992464 -0.8964269372957012
    outer loop
      vertex -1.5 8.580903965054711 -13.893179967933488
      vertex 1.5 8.580903965054711 -13.893179967933488
      vertex -1.5 8.526751384715661 -13.866407048936818
    endloop
  endfacet
  facet normal 0 -0.4859834132426111 -0.8739680326265151
    outer loop
      vertex -1.5 8.633699817266988 -13.92253791639994
      vertex 1.5 8.633699817266988 -13.92253791639994
      vertex -1.5 8.580903965054711 -13.893179967933488
    endloop
  endfacet
  facet normal 0 -0.5276402441061124 -0.8494679351215337
    outer loop
      vertex -1.5 8.685015634193338 -13.954412327487216
      vertex 1.5 8.685015634193338 -13.954412327487216
      vertex -1.5 8.633699817266988 -13.92253791639994
    endloop
  endfacet
  facet normal 0 -0.5680647467311757 -0.8229838658936427
    outer loop
      vertex -1.5 8.73473156536559 -13.988728757031316
      vertex 1.5 8.73473156536559 -13.988728757031316
      vertex -1.5 8.685015634193338 -13.954412327487216
    endloop
  endfacet
  facet normal 0 -0.6071625078187073 -0.7945776797137574
    outer loop
      vertex -1.5 8.782731496922892 -14.025407057420972
      vertex 1.5 8.782731496922892 -14.025407057420972
      vertex -1.5 8.73473156536559 -13.988728757031316
    endloop
  endfacet
  facet normal 0 -0.6810158587868009 -0.73226866659777
    outer loop
      vertex -1.5 8.873139206561172 -14.10550129906985
      vertex 1.5 8.873139206561172 -14.10550129906985
      vertex -1.5 8.828903322800993 -14.064361564786124
    endloop
  endfacet
  facet normal 3.774354851065657e-19 -0.7796743540632242 -0.6261851975383114
    outer loop
      vertex -1.5 8.95539465068231 -14.193947234079786
      vertex -1.5 8.993222099642193 -14.241046865226611
      vertex 1.5 8.993222099642193 -14.241046865226611
    endloop
  endfacet
  facet normal 7.747011452308442e-20 -0.7155989607441199 -0.6985113652489383
    outer loop
      vertex -1.5 8.873139206561172 -14.10550129906985
      vertex -1.5 8.915335833247216 -14.148730176516503
      vertex 1.5 8.915335833247216 -14.148730176516503
    endloop
  endfacet
  facet normal -1.9885578389200895e-19 -0.7485107481710965 -0.6631226582408002
    outer loop
      vertex -1.5 8.915335833247216 -14.148730176516503
      vertex -1.5 8.95539465068231 -14.193947234079786
      vertex 1.5 8.95539465068231 -14.193947234079786
    endloop
  endfacet
  facet normal 0 -0.6448422127361718 -0.7643157205458473
    outer loop
      vertex -1.5 8.828903322800993 -14.064361564786124
      vertex 1.5 8.828903322800993 -14.064361564786124
      vertex -1.5 8.782731496922892 -14.025407057420972
    endloop
  endfacet
  facet normal 3.458435948288839e-19 -0.9261746489577799 -0.37709484168831214
    outer loop
      vertex -1.5 9.145990244145729 -14.50079427054288
      vertex -1.5 9.16877030335677 -14.556743891196831
      vertex 1.5 9.16877030335677 -14.556743891196831
    endloop
  endfacet
  facet normal 5.914792426088656e-19 -0.8619696668800542 -0.506959853813582
    outer loop
      vertex -1.5 9.061834918901901 -14.340449694867335
      vertex -1.5 9.092460040783147 -14.392520733446743
      vertex 1.5 9.092460040783147 -14.392520733446743
    endloop
  endfacet
  facet normal 2.1571543013940463e-19 -0.8854560256532078 -0.4647231720437725
    outer loop
      vertex -1.5 9.092460040783147 -14.392520733446743
      vertex -1.5 9.12053367161963 -14.446010568000949
      vertex 1.5 9.12053367161963 -14.446010568000949
    endloop
  endfacet
  facet normal 5.968084941671105e-19 -0.9068743608505335 -0.42140110777255474
    outer loop
      vertex -1.5 9.12053367161963 -14.446010568000949
      vertex -1.5 9.145990244145729 -14.50079427054288
      vertex 1.5 9.145990244145729 -14.50079427054288
    endloop
  endfacet
  facet normal 4.762207038533584e-20 -0.9988322268323266 -0.04831337952550667
    outer loop
      vertex -1.5 9.246716437114364 -14.909456499797797
      vertex -1.5 9.24963501760024 -14.969795318454835
      vertex 1.5 9.24963501760024 -14.969795318454835
    endloop
  endfacet
  facet normal -2.6280801315678445e-21 -0.9953316347176484 -0.09651392091451653
    outer loop
      vertex -1.5 9.240886092622567 -14.849329149680846
      vertex -1.5 9.246716437114364 -14.909456499797797
      vertex 1.5 9.246716437114364 -14.909456499797797
    endloop
  endfacet
  facet normal 7.059452780940303e-20 -0.9813701261394104 -0.19212671735372355
    outer loop
      vertex -1.5 9.22055134853659 -14.730269754040243
      vertex -1.5 9.232157601164564 -14.789553698316201
      vertex 1.5 9.232157601164564 -14.789553698316201
    endloop
  endfacet
  facet normal -2.100567776992187e-19 -0.970941817426055 -0.2393156642875452
    outer loop
      vertex -1.5 9.20609444167944 -14.671615777251766
      vertex -1.5 9.22055134853659 -14.730269754040243
      vertex 1.5 9.22055134853659 -14.730269754040243
    endloop
  endfacet
  facet normal -1.432951551022638e-20 -0.9895063994510541 -0.14448904956920158
    outer loop
      vertex -1.5 9.232157601164564 -14.789553698316201
      vertex -1.5 9.240886092622567 -14.849329149680846
      vertex 1.5 9.240886092622567 -14.849329149680846
    endloop
  endfacet
  facet normal -3.301264648597093e-19 -0.9582458291091634 -0.28594567839869867
    outer loop
      vertex -1.5 9.188820645368942 -14.613728757031316
      vertex -1.5 9.20609444167944 -14.671615777251766
      vertex 1.5 9.20609444167944 -14.671615777251766
    endloop
  endfacet
  facet normal 4.433989981903993e-19 -0.9433118132577462 -0.3319078531285194
    outer loop
      vertex -1.5 9.16877030335677 -14.556743891196831
      vertex -1.5 9.188820645368942 -14.613728757031316
      vertex 1.5 9.188820645368942 -14.613728757031316
    endloop
  endfacet
  facet normal 1.1533637397397628e-20 -0.8090169943749499 -0.5877852522924695
    outer loop
      vertex -1.5 8.993222099642193 -14.241046865226611
      vertex -1.5 9.02872983236707 -14.289919066586055
      vertex 1.5 9.02872983236707 -14.289919066586055
    endloop
  endfacet
  facet normal -4.6253426828249135e-19 -0.836470138010224 -0.5480125073546742
    outer loop
      vertex -1.5 9.02872983236707 -14.289919066586055
      vertex -1.5 9.061834918901901 -14.340449694867335
      vertex 1.5 9.061834918901901 -14.340449694867335
    endloop
  endfacet
  facet normal 0 0.8619696668800403 0.5069598538136058
    outer loop
      vertex -1.5 6.938165081098099 -15.659550305132665
      vertex 1.5 6.9075399592168525 -15.60747926655326
      vertex 1.5 6.938165081098099 -15.659550305132665
    endloop
  endfacet
  facet normal 0 0.836470138010224 0.5480125073546742
    outer loop
      vertex -1.5 6.97127016763293 -15.710080933413945
      vertex 1.5 6.938165081098099 -15.659550305132665
      vertex 1.5 6.97127016763293 -15.710080933413945
    endloop
  endfacet
  facet normal 0 0.809016994374957 0.5877852522924599
    outer loop
      vertex -1.5 7.006777900357807 -15.758953134773389
      vertex 1.5 6.97127016763293 -15.710080933413945
      vertex 1.5 7.006777900357807 -15.758953134773389
    endloop
  endfacet
  facet normal 0 0.9433118132577417 0.3319078531285325
    outer loop
      vertex -1.5 6.8312296966432315 -15.443256108803169
      vertex 1.5 6.811179354631058 -15.386271242968684
      vertex 1.5 6.8312296966432315 -15.443256108803169
    endloop
  endfacet
  facet normal 0 0.9582458291091674 0.2859456783986852
    outer loop
      vertex -1.5 6.811179354631058 -15.386271242968684
      vertex 1.5 6.793905558320561 -15.328384222748234
      vertex 1.5 6.811179354631058 -15.386271242968684
    endloop
  endfacet
  facet normal 0 0.9813701261394133 0.1921267173537094
    outer loop
      vertex -1.5 6.77944865146341 -15.269730245959757
      vertex 1.5 6.767842398835437 -15.210446301683799
      vertex 1.5 6.77944865146341 -15.269730245959757
    endloop
  endfacet
  facet normal 0 0.989506399451052 0.14448904956921596
    outer loop
      vertex -1.5 6.767842398835437 -15.210446301683799
      vertex 1.5 6.759113907377433 -15.150670850319154
      vertex 1.5 6.767842398835437 -15.210446301683799
    endloop
  endfacet
  facet normal 0 0.9709418174260518 0.2393156642875591
    outer loop
      vertex -1.5 6.793905558320561 -15.328384222748234
      vertex 1.5 6.77944865146341 -15.269730245959757
      vertex 1.5 6.793905558320561 -15.328384222748234
    endloop
  endfacet
  facet normal 0 0.9953316347176487 0.0965139209145137
    outer loop
      vertex -1.5 6.759113907377433 -15.150670850319154
      vertex 1.5 6.7532835628856365 -15.090543500202202
      vertex 1.5 6.759113907377433 -15.150670850319154
    endloop
  endfacet
  facet normal 0 0.9988322268323265 0.04831337952550809
    outer loop
      vertex -1.5 6.7532835628856365 -15.090543500202202
      vertex 1.5 6.750364982399759 -15.030204681545165
      vertex 1.5 6.7532835628856365 -15.090543500202202
    endloop
  endfacet
  facet normal 0 1 0
    outer loop
      vertex -1.5 6.750364982399759 -15.030204681545165
      vertex 1.5 6.750364982399759 -14.969795318454835
      vertex 1.5 6.750364982399759 -15.030204681545165
    endloop
  endfacet
  facet normal 0 0.9261746489577799 0.37709484168831214
    outer loop
      vertex -1.5 6.854009755854272 -15.49920572945712
      vertex 1.5 6.8312296966432315 -15.443256108803169
      vertex 1.5 6.854009755854272 -15.49920572945712
    endloop
  endfacet
  facet normal 0 0.9068743608505444 0.42140110777253137
    outer loop
      vertex -1.5 6.879466328380371 -15.553989431999053
      vertex 1.5 6.854009755854272 -15.49920572945712
      vertex 1.5 6.879466328380371 -15.553989431999053
    endloop
  endfacet
  facet normal 0 0.8854560256532139 0.464723172043761
    outer loop
      vertex -1.5 6.9075399592168525 -15.60747926655326
      vertex 1.5 6.879466328380371 -15.553989431999053
      vertex 1.5 6.9075399592168525 -15.60747926655326
    endloop
  endfacet
  facet normal 0 0.6448422127361646 0.7643157205458533
    outer loop
      vertex -1.5 7.217268503077108 -15.974592942579028
      vertex 1.5 7.171096677199006 -15.935638435213876
      vertex 1.5 7.217268503077108 -15.974592942579028
    endloop
  endfacet
  facet normal 0 0.7796743540632242 0.6261851975383114
    outer loop
      vertex -1.5 7.044605349317689 -15.806052765920214
      vertex 1.5 7.006777900357807 -15.758953134773389
      vertex 1.5 7.044605349317689 -15.806052765920214
    endloop
  endfacet
  facet normal 0 0.748510748171091 0.6631226582408066
    outer loop
      vertex -1.5 7.084664166752782 -15.851269823483495
      vertex 1.5 7.044605349317689 -15.806052765920214
      vertex 1.5 7.084664166752782 -15.851269823483495
    endloop
  endfacet
  facet normal 0 0.7155989607441195 0.6985113652489385
    outer loop
      vertex -1.5 7.126860793438828 -15.89449870093015
      vertex 1.5 7.084664166752782 -15.851269823483495
      vertex 1.5 7.126860793438828 -15.89449870093015
    endloop
  endfacet
  facet normal 0 0.6810158587868081 0.7322686665977632
    outer loop
      vertex -1.5 7.171096677199006 -15.935638435213876
      vertex 1.5 7.126860793438828 -15.89449870093015
      vertex 1.5 7.171096677199006 -15.935638435213876
    endloop
  endfacet
  facet normal 0 0.6071625078186957 0.794577679713766
    outer loop
      vertex -1.5 7.265268434634408 -16.011271242968682
      vertex 1.5 7.217268503077108 -15.974592942579028
      vertex 1.5 7.265268434634408 -16.011271242968682
    endloop
  endfacet
  facet normal 0 0.5680647467311887 0.8229838658936337
    outer loop
      vertex -1.5 7.314984365806662 -16.045587672512784
      vertex 1.5 7.265268434634408 -16.011271242968682
      vertex 1.5 7.314984365806662 -16.045587672512784
    endloop
  endfacet
  facet normal 0 0.4859834132426111 0.8739680326265151
    outer loop
      vertex -1.5 7.41909603494529 -16.106820032066512
      vertex 1.5 7.366300182733013 -16.07746208360006
      vertex 1.5 7.41909603494529 -16.106820032066512
    endloop
  endfacet
  facet normal 0 0.5276402441061059 0.8494679351215378
    outer loop
      vertex -1.5 7.366300182733013 -16.07746208360006
      vertex 1.5 7.314984365806662 -16.045587672512784
      vertex 1.5 7.366300182733013 -16.07746208360006
    endloop
  endfacet
  facet normal 0 0.4431915455992523 0.8964269372956984
    outer loop
      vertex -1.5 7.473248615284339 -16.133592951063182
      vertex 1.5 7.41909603494529 -16.106820032066512
      vertex 1.5 7.473248615284339 -16.133592951063182
    endloop
  endfacet
  facet normal 0 0.3993645835657059 0.9167921953165777
    outer loop
      vertex -1.5 7.5286314478896 -16.157718311197222
      vertex 1.5 7.473248615284339 -16.133592951063182
      vertex 1.5 7.5286314478896 -16.157718311197222
    endloop
  endfacet
  facet normal 0 0.35460488704249654 0.9350162426854297
    outer loop
      vertex -1.5 7.58511518358934 -16.179139766572177
      vertex 1.5 7.5286314478896 -16.157718311197222
      vertex 1.5 7.58511518358934 -16.179139766572177
    endloop
  endfacet
  facet normal 0 0.3090169943749632 0.9510565162951484
    outer loop
      vertex -1.5 7.6425679020016375 -16.197807286386457
      vertex 1.5 7.58511518358934 -16.179139766572177
      vertex 1.5 7.6425679020016375 -16.197807286386457
    endloop
  endfacet
  facet normal 0 0.262707378198599 0.9648755533435482
    outer loop
      vertex -1.5 7.700855419640552 -16.213677271782565
      vertex 1.5 7.6425679020016375 -16.197807286386457
      vertex 1.5 7.700855419640552 -16.213677271782565
    endloop
  endfacet
  facet normal 0 0.21578419676779728 0.9764410788292742
    outer loop
      vertex -1.5 7.759841603307864 -16.226712657674266
      vertex 1.5 7.700855419640552 -16.213677271782565
      vertex 1.5 7.759841603307864 -16.226712657674266
    endloop
  endfacet
  facet normal 0 0.16835704134704102 0.9857260809316505
    outer loop
      vertex -1.5 7.819388688038473 -16.236882999313814
      vertex 1.5 7.759841603307864 -16.226712657674266
      vertex 1.5 7.819388688038473 -16.236882999313814
    endloop
  endfacet
  facet normal 0 0.12053668025534937 0.9927088740980506
    outer loop
      vertex -1.5 7.879357598856856 -16.244164543397062
      vertex 1.5 7.819388688038473 -16.236882999313814
      vertex 1.5 7.879357598856856 -16.244164543397062
    endloop
  endfacet
  facet normal 0 0.07243480016172721 0.9973731496914938
    outer loop
      vertex -1.5 7.939608275593116 -16.248540283540407
      vertex 1.5 7.879357598856856 -16.244164543397062
      vertex 1.5 7.939608275593116 -16.248540283540407
    endloop
  endfacet
  facet normal 0 0.024163745236146773 0.9997080140801926
    outer loop
      vertex -1.5 8 -16.25
      vertex 1.5 7.939608275593116 -16.248540283540407
      vertex 1.5 8 -16.25
    endloop
  endfacet
  facet normal 0 -0.024163745236146773 0.9997080140801926
    outer loop
      vertex -1.5 8.060391724406884 -16.248540283540407
      vertex 1.5 8 -16.25
      vertex 1.5 8.060391724406884 -16.248540283540407
    endloop
  endfacet
  facet normal 0 -0.07243480016172721 0.9973731496914938
    outer loop
      vertex -1.5 8.120642401143144 -16.244164543397062
      vertex 1.5 8.060391724406884 -16.248540283540407
      vertex 1.5 8.120642401143144 -16.244164543397062
    endloop
  endfacet
  facet normal 0 -0.12053668025534761 0.992708874098051
    outer loop
      vertex -1.5 8.180611311961528 -16.236882999313814
      vertex 1.5 8.120642401143144 -16.244164543397062
      vertex 1.5 8.180611311961528 -16.236882999313814
    endloop
  endfacet
  facet normal 0 -0.16835704134704343 0.9857260809316499
    outer loop
      vertex -1.5 8.240158396692136 -16.226712657674266
      vertex 1.5 8.180611311961528 -16.236882999313814
      vertex 1.5 8.240158396692136 -16.226712657674266
    endloop
  endfacet
  facet normal 0 -0.21578419676779728 0.9764410788292742
    outer loop
      vertex -1.5 8.299144580359448 -16.213677271782565
      vertex 1.5 8.240158396692136 -16.226712657674266
      vertex 1.5 8.299144580359448 -16.213677271782565
    endloop
  endfacet
  facet normal 0 -0.262707378198599 0.9648755533435482
    outer loop
      vertex -1.5 8.357432097998363 -16.197807286386457
      vertex 1.5 8.299144580359448 -16.213677271782565
      vertex 1.5 8.357432097998363 -16.197807286386457
    endloop
  endfacet
  facet normal 0 -0.3090169943749589 0.9510565162951498
    outer loop
      vertex -1.5 8.41488481641066 -16.179139766572177
      vertex 1.5 8.357432097998363 -16.197807286386457
      vertex 1.5 8.41488481641066 -16.179139766572177
    endloop
  endfacet
  facet normal 0 -0.3546048870425014 0.9350162426854279
    outer loop
      vertex -1.5 8.4713685521104 -16.157718311197222
      vertex 1.5 8.41488481641066 -16.179139766572177
      vertex 1.5 8.4713685521104 -16.157718311197222
    endloop
  endfacet
  facet normal 0 -0.3993645835657059 0.9167921953165777
    outer loop
      vertex -1.5 8.526751384715661 -16.133592951063182
      vertex 1.5 8.4713685521104 -16.157718311197222
      vertex 1.5 8.526751384715661 -16.133592951063182
    endloop
  endfacet
  facet normal 0 -0.4431915455992464 0.8964269372957012
    outer loop
      vertex -1.5 8.580903965054711 -16.106820032066512
      vertex 1.5 8.526751384715661 -16.133592951063182
      vertex 1.5 8.580903965054711 -16.106820032066512
    endloop
  endfacet
  facet normal 0 -0.4859834132426111 0.8739680326265151
    outer loop
      vertex -1.5 8.633699817266988 -16.07746208360006
      vertex 1.5 8.580903965054711 -16.106820032066512
      vertex 1.5 8.633699817266988 -16.07746208360006
    endloop
  endfacet
  facet normal 0 -0.5276402441061124 0.8494679351215337
    outer loop
      vertex -1.5 8.685015634193338 -16.045587672512784
      vertex 1.5 8.633699817266988 -16.07746208360006
      vertex 1.5 8.685015634193338 -16.045587672512784
    endloop
  endfacet
  facet normal 0 -0.5680647467311956 0.8229838658936289
    outer loop
      vertex -1.5 8.73473156536559 -16.011271242968682
      vertex 1.5 8.685015634193338 -16.045587672512784
      vertex 1.5 8.73473156536559 -16.011271242968682
    endloop
  endfacet
  facet normal 0 -0.6071625078186887 0.7945776797137715
    outer loop
      vertex -1.5 8.782731496922892 -15.974592942579028
      vertex 1.5 8.73473156536559 -16.011271242968682
      vertex 1.5 8.782731496922892 -15.974592942579028
    endloop
  endfacet
  facet normal 0 -0.6448422127361718 0.7643157205458473
    outer loop
      vertex -1.5 8.828903322800993 -15.935638435213876
      vertex 1.5 8.782731496922892 -15.974592942579028
      vertex 1.5 8.828903322800993 -15.935638435213876
    endloop
  endfacet
  facet normal 0 -0.6810158587867852 0.7322686665977848
    outer loop
      vertex -1.5 8.873139206561172 -15.894498700930152
      vertex 1.5 8.828903322800993 -15.935638435213876
      vertex 1.5 8.873139206561172 -15.894498700930152
    endloop
  endfacet
  facet normal 0 -0.7155989607441195 0.6985113652489385
    outer loop
      vertex -1.5 8.915335833247218 -15.851269823483497
      vertex 1.5 8.873139206561172 -15.894498700930152
      vertex 1.5 8.915335833247218 -15.851269823483497
    endloop
  endfacet
  facet normal 0 -0.7485107481711112 0.6631226582407839
    outer loop
      vertex -1.5 8.95539465068231 -15.806052765920214
      vertex 1.5 8.915335833247218 -15.851269823483497
      vertex 1.5 8.95539465068231 -15.806052765920214
    endloop
  endfacet
  facet normal 0 -0.7796743540632242 0.6261851975383114
    outer loop
      vertex -1.5 8.993222099642193 -15.758953134773389
      vertex 1.5 8.95539465068231 -15.806052765920214
      vertex 1.5 8.993222099642193 -15.758953134773389
    endloop
  endfacet
  facet normal 0 -0.8090169943749499 0.5877852522924695
    outer loop
      vertex -1.5 9.02872983236707 -15.710080933413945
      vertex 1.5 8.993222099642193 -15.758953134773389
      vertex 1.5 9.02872983236707 -15.710080933413945
    endloop
  endfacet
  facet normal 0 -0.836470138010224 0.5480125073546742
    outer loop
      vertex -1.5 9.061834918901901 -15.659550305132665
      vertex 1.5 9.02872983236707 -15.710080933413945
      vertex 1.5 9.061834918901901 -15.659550305132665
    endloop
  endfacet
  facet normal 0 -0.8619696668800542 0.506959853813582
    outer loop
      vertex -1.5 9.092460040783147 -15.607479266553257
      vertex 1.5 9.061834918901901 -15.659550305132665
      vertex 1.5 9.092460040783147 -15.607479266553257
    endloop
  endfacet
  facet normal 0 -0.8854560256532078 0.4647231720437725
    outer loop
      vertex -1.5 9.12053367161963 -15.553989431999051
      vertex 1.5 9.092460040783147 -15.607479266553257
      vertex 1.5 9.12053367161963 -15.553989431999051
    endloop
  endfacet
  facet normal 0 -0.9068743608505335 0.42140110777255474
    outer loop
      vertex -1.5 9.145990244145729 -15.49920572945712
      vertex 1.5 9.12053367161963 -15.553989431999051
      vertex 1.5 9.145990244145729 -15.49920572945712
    endloop
  endfacet
  facet normal 0 -0.9261746489577799 0.37709484168831214
    outer loop
      vertex -1.5 9.16877030335677 -15.443256108803169
      vertex 1.5 9.145990244145729 -15.49920572945712
      vertex 1.5 9.16877030335677 -15.443256108803169
    endloop
  endfacet
  facet normal 0 -0.9433118132577462 0.3319078531285194
    outer loop
      vertex -1.5 9.188820645368942 -15.386271242968684
      vertex 1.5 9.16877030335677 -15.443256108803169
      vertex 1.5 9.188820645368942 -15.386271242968684
    endloop
  endfacet
  facet normal 0 -0.9582458291091634 0.28594567839869867
    outer loop
      vertex -1.5 9.20609444167944 -15.328384222748234
      vertex 1.5 9.188820645368942 -15.386271242968684
      vertex 1.5 9.20609444167944 -15.328384222748234
    endloop
  endfacet
  facet normal 0 -0.970941817426055 0.2393156642875452
    outer loop
      vertex -1.5 9.22055134853659 -15.269730245959757
      vertex 1.5 9.20609444167944 -15.328384222748234
      vertex 1.5 9.22055134853659 -15.269730245959757
    endloop
  endfacet
  facet normal 0 -0.9813701261394104 0.19212671735372355
    outer loop
      vertex -1.5 9.232157601164564 -15.210446301683799
      vertex 1.5 9.22055134853659 -15.269730245959757
      vertex 1.5 9.232157601164564 -15.210446301683799
    endloop
  endfacet
  facet normal 0 -0.9895063994510541 0.14448904956920158
    outer loop
      vertex -1.5 9.240886092622567 -15.150670850319154
      vertex 1.5 9.232157601164564 -15.210446301683799
      vertex 1.5 9.240886092622567 -15.150670850319154
    endloop
  endfacet
  facet normal 0 -0.9953316347176484 0.09651392091451653
    outer loop
      vertex -1.5 9.246716437114364 -15.090543500202203
      vertex 1.5 9.240886092622567 -15.150670850319154
      vertex 1.5 9.246716437114364 -15.090543500202203
    endloop
  endfacet
  facet normal 0 -0.9988322268323266 0.04831337952550667
    outer loop
      vertex -1.5 9.24963501760024 -15.030204681545165
      vertex 1.5 9.246716437114364 -15.090543500202203
      vertex 1.5 9.24963501760024 -15.030204681545165
    endloop
  endfacet
  facet normal 0 0.9988322268323265 -0.04831337952550809
    outer loop
      vertex -1.5 6.750364982399759 -14.969795318454835
      vertex 1.5 6.7532835628856365 -14.909456499797798
      vertex 1.5 6.750364982399759 -14.969795318454835
    endloop
  endfacet
  facet normal 0 0.9953316347176487 -0.0965139209145137
    outer loop
      vertex -1.5 6.7532835628856365 -14.909456499797798
      vertex 1.5 6.759113907377433 -14.849329149680846
      vertex 1.5 6.7532835628856365 -14.909456499797798
    endloop
  endfacet
  facet normal 0 0.989506399451052 -0.14448904956921596
    outer loop
      vertex -1.5 6.759113907377433 -14.849329149680846
      vertex 1.5 6.767842398835437 -14.789553698316201
      vertex 1.5 6.759113907377433 -14.849329149680846
    endloop
  endfacet
  facet normal 0 0.9813701261394133 -0.1921267173537094
    outer loop
      vertex -1.5 6.767842398835437 -14.789553698316201
      vertex 1.5 6.77944865146341 -14.730269754040243
      vertex 1.5 6.767842398835437 -14.789553698316201
    endloop
  endfacet
  facet normal 0 0.9709418174260518 -0.2393156642875591
    outer loop
      vertex -1.5 6.77944865146341 -14.730269754040243
      vertex 1.5 6.793905558320561 -14.671615777251766
      vertex 1.5 6.77944865146341 -14.730269754040243
    endloop
  endfacet
  facet normal 0 0.9582458291091674 -0.2859456783986852
    outer loop
      vertex -1.5 6.793905558320561 -14.671615777251766
      vertex 1.5 6.811179354631058 -14.613728757031316
      vertex 1.5 6.793905558320561 -14.671615777251766
    endloop
  endfacet
  facet normal 0 0.9433118132577417 -0.3319078531285325
    outer loop
      vertex -1.5 6.811179354631058 -14.613728757031316
      vertex 1.5 6.8312296966432315 -14.556743891196831
      vertex 1.5 6.811179354631058 -14.613728757031316
    endloop
  endfacet
  facet normal 0 0.9261746489577799 -0.37709484168831214
    outer loop
      vertex -1.5 6.8312296966432315 -14.556743891196831
      vertex 1.5 6.854009755854272 -14.50079427054288
      vertex 1.5 6.8312296966432315 -14.556743891196831
    endloop
  endfacet
  facet normal 0 0.9068743608505444 -0.42140110777253137
    outer loop
      vertex -1.5 6.854009755854272 -14.50079427054288
      vertex 1.5 6.879466328380371 -14.446010568000947
      vertex 1.5 6.854009755854272 -14.50079427054288
    endloop
  endfacet
  facet normal 0 0.8854560256532075 -0.46472317204377306
    outer loop
      vertex -1.5 6.879466328380371 -14.446010568000947
      vertex 1.5 6.9075399592168525 -14.392520733446743
      vertex 1.5 6.879466328380371 -14.446010568000947
    endloop
  endfacet
  facet normal 0 0.8619696668800477 -0.5069598538135929
    outer loop
      vertex -1.5 6.9075399592168525 -14.392520733446743
      vertex 1.5 6.938165081098099 -14.340449694867335
      vertex 1.5 6.9075399592168525 -14.392520733446743
    endloop
  endfacet
  facet normal 0 0.8364701380102307 -0.548012507354664
    outer loop
      vertex -1.5 6.938165081098099 -14.340449694867335
      vertex 1.5 6.971270167632929 -14.289919066586055
      vertex 1.5 6.938165081098099 -14.340449694867335
    endloop
  endfacet
  facet normal 0 0.8090169943749431 -0.5877852522924792
    outer loop
      vertex -1.5 6.971270167632929 -14.289919066586055
      vertex 1.5 7.0067779003578075 -14.241046865226611
      vertex 1.5 6.971270167632929 -14.289919066586055
    endloop
  endfacet
  facet normal 0 0.7796743540632242 -0.6261851975383114
    outer loop
      vertex -1.5 7.0067779003578075 -14.241046865226611
      vertex 1.5 7.04460534931769 -14.193947234079786
      vertex 1.5 7.0067779003578075 -14.241046865226611
    endloop
  endfacet
  facet normal 0 0.7485107481711039 -0.6631226582407921
    outer loop
      vertex -1.5 7.04460534931769 -14.193947234079786
      vertex 1.5 7.084664166752783 -14.148730176516503
      vertex 1.5 7.04460534931769 -14.193947234079786
    endloop
  endfacet
  facet normal 0 0.7155989607441124 -0.6985113652489457
    outer loop
      vertex -1.5 7.084664166752783 -14.148730176516503
      vertex 1.5 7.126860793438828 -14.10550129906985
      vertex 1.5 7.084664166752783 -14.148730176516503
    endloop
  endfacet
  facet normal 0 0.6810158587868081 -0.7322686665977632
    outer loop
      vertex -1.5 7.126860793438828 -14.10550129906985
      vertex 1.5 7.171096677199006 -14.064361564786124
      vertex 1.5 7.126860793438828 -14.10550129906985
    endloop
  endfacet
  facet normal 0 0.6448422127361646 -0.7643157205458533
    outer loop
      vertex -1.5 7.171096677199006 -14.064361564786124
      vertex 1.5 7.217268503077108 -14.025407057420972
      vertex 1.5 7.171096677199006 -14.064361564786124
    endloop
  endfacet
  facet normal 0 0.6071625078187144 -0.7945776797137519
    outer loop
      vertex -1.5 7.217268503077108 -14.025407057420972
      vertex 1.5 7.265268434634408 -13.988728757031316
      vertex 1.5 7.217268503077108 -14.025407057420972
    endloop
  endfacet
  facet normal 0 0.5680647467311688 -0.8229838658936475
    outer loop
      vertex -1.5 7.265268434634408 -13.988728757031316
      vertex 1.5 7.314984365806662 -13.954412327487216
      vertex 1.5 7.265268434634408 -13.988728757031316
    endloop
  endfacet
  facet normal 0 0.5276402441061059 -0.8494679351215378
    outer loop
      vertex -1.5 7.314984365806662 -13.954412327487216
      vertex 1.5 7.366300182733013 -13.92253791639994
      vertex 1.5 7.314984365806662 -13.954412327487216
    endloop
  endfacet
  facet normal 0 0.4859834132426111 -0.8739680326265151
    outer loop
      vertex -1.5 7.366300182733013 -13.92253791639994
      vertex 1.5 7.41909603494529 -13.893179967933488
      vertex 1.5 7.366300182733013 -13.92253791639994
    endloop
  endfacet
  facet normal 0 0.4431915455992523 -0.8964269372956984
    outer loop
      vertex -1.5 7.41909603494529 -13.893179967933488
      vertex 1.5 7.473248615284339 -13.866407048936818
      vertex 1.5 7.41909603494529 -13.893179967933488
    endloop
  endfacet
  facet normal 0 0.3993645835656866 -0.9167921953165862
    outer loop
      vertex -1.5 7.473248615284339 -13.866407048936818
      vertex 1.5 7.528631447889599 -13.84228168880278
      vertex 1.5 7.473248615284339 -13.866407048936818
    endloop
  endfacet
  facet normal 0 0.35460488704254794 -0.9350162426854101
    outer loop
      vertex -1.5 7.528631447889599 -13.84228168880278
      vertex 1.5 7.585115183589339 -13.82086023342782
      vertex 1.5 7.528631447889599 -13.84228168880278
    endloop
  endfacet
  facet normal 0 0.309016994374928 -0.95105651629516
    outer loop
      vertex -1.5 7.585115183589339 -13.82086023342782
      vertex 1.5 7.642567902001638 -13.802192713613543
      vertex 1.5 7.585115183589339 -13.82086023342782
    endloop
  endfacet
  facet normal 0 0.262707378198599 -0.9648755533435482
    outer loop
      vertex -1.5 7.642567902001638 -13.802192713613543
      vertex 1.5 7.700855419640553 -13.786322728217435
      vertex 1.5 7.642567902001638 -13.802192713613543
    endloop
  endfacet
  facet normal 0 0.21578419676779728 -0.9764410788292742
    outer loop
      vertex -1.5 7.700855419640553 -13.786322728217435
      vertex 1.5 7.759841603307865 -13.773287342325734
      vertex 1.5 7.700855419640553 -13.786322728217435
    endloop
  endfacet
  facet normal 0 0.16835704134704343 -0.9857260809316499
    outer loop
      vertex -1.5 7.759841603307865 -13.773287342325734
      vertex 1.5 7.819388688038473 -13.763117000686186
      vertex 1.5 7.759841603307865 -13.773287342325734
    endloop
  endfacet
  facet normal 0 0.12053668025532041 -0.9927088740980543
    outer loop
      vertex -1.5 7.819388688038473 -13.763117000686186
      vertex 1.5 7.879357598856856 -13.75583545660294
      vertex 1.5 7.819388688038473 -13.763117000686186
    endloop
  endfacet
  facet normal 0 0.07243480016175645 -0.9973731496914915
    outer loop
      vertex -1.5 7.879357598856856 -13.75583545660294
      vertex 1.5 7.939608275593116 -13.751459716459593
      vertex 1.5 7.879357598856856 -13.75583545660294
    endloop
  endfacet
  facet normal 0 0.024163745236146773 -0.9997080140801926
    outer loop
      vertex -1.5 7.939608275593116 -13.751459716459593
      vertex 1.5 8 -13.75
      vertex 1.5 7.939608275593116 -13.751459716459593
    endloop
  endfacet
  facet normal 0 -0.024163745236146773 -0.9997080140801926
    outer loop
      vertex -1.5 8 -13.75
      vertex 1.5 8.060391724406884 -13.751459716459593
      vertex 1.5 8 -13.75
    endloop
  endfacet
  facet normal 0 -0.07243480016175645 -0.9973731496914915
    outer loop
      vertex -1.5 8.060391724406884 -13.751459716459593
      vertex 1.5 8.120642401143144 -13.75583545660294
      vertex 1.5 8.060391724406884 -13.751459716459593
    endloop
  endfacet
  facet normal 0 -0.12053668025531865 -0.9927088740980545
    outer loop
      vertex -1.5 8.120642401143144 -13.75583545660294
      vertex 1.5 8.180611311961528 -13.763117000686186
      vertex 1.5 8.120642401143144 -13.75583545660294
    endloop
  endfacet
  facet normal 0 -0.16835704134704343 -0.9857260809316499
    outer loop
      vertex -1.5 8.180611311961528 -13.763117000686186
      vertex 1.5 8.240158396692136 -13.773287342325734
      vertex 1.5 8.180611311961528 -13.763117000686186
    endloop
  endfacet
  facet normal 0 -0.21578419676779728 -0.9764410788292742
    outer loop
      vertex -1.5 8.240158396692136 -13.773287342325734
      vertex 1.5 8.299144580359448 -13.786322728217435
      vertex 1.5 8.240158396692136 -13.773287342325734
    endloop
  endfacet
  facet normal 0 -0.26270737819860646 -0.9648755533435461
    outer loop
      vertex -1.5 8.299144580359448 -13.786322728217435
      vertex 1.5 8.35743209799836 -13.802192713613543
      vertex 1.5 8.299144580359448 -13.786322728217435
    endloop
  endfacet
  facet normal 0 -0.3090169943749237 -0.9510565162951614
    outer loop
      vertex -1.5 8.35743209799836 -13.802192713613543
      vertex 1.5 8.41488481641066 -13.82086023342782
      vertex 1.5 8.35743209799836 -13.802192713613543
    endloop
  endfacet
  facet normal 0 -0.35460488704255283 -0.9350162426854083
    outer loop
      vertex -1.5 8.41488481641066 -13.82086023342782
      vertex 1.5 8.4713685521104 -13.84228168880278
      vertex 1.5 8.41488481641066 -13.82086023342782
    endloop
  endfacet
  facet normal 0 -0.3993645835656813 -0.9167921953165887
    outer loop
      vertex -1.5 8.4713685521104 -13.84228168880278
      vertex 1.5 8.526751384715661 -13.866407048936818
      vertex 1.5 8.4713685521104 -13.84228168880278
    endloop
  endfacet
  facet normal 0 -0.4431915455992464 -0.8964269372957012
    outer loop
      vertex -1.5 8.526751384715661 -13.866407048936818
      vertex 1.5 8.580903965054711 -13.893179967933488
      vertex 1.5 8.526751384715661 -13.866407048936818
    endloop
  endfacet
  facet normal 0 -0.5276402441061124 -0.8494679351215337
    outer loop
      vertex -1.5 8.633699817266988 -13.92253791639994
      vertex 1.5 8.685015634193338 -13.954412327487216
      vertex 1.5 8.633699817266988 -13.92253791639994
    endloop
  endfacet
  facet normal 0 -0.4859834132426111 -0.8739680326265151
    outer loop
      vertex -1.5 8.580903965054711 -13.893179967933488
      vertex 1.5 8.633699817266988 -13.92253791639994
      vertex 1.5 8.580903965054711 -13.893179967933488
    endloop
  endfacet
  facet normal 0 -0.5680647467311757 -0.8229838658936427
    outer loop
      vertex -1.5 8.685015634193338 -13.954412327487216
      vertex 1.5 8.73473156536559 -13.988728757031316
      vertex 1.5 8.685015634193338 -13.954412327487216
    endloop
  endfacet
  facet normal 0 -0.6071625078187073 -0.7945776797137574
    outer loop
      vertex -1.5 8.73473156536559 -13.988728757031316
      vertex 1.5 8.782731496922892 -14.025407057420972
      vertex 1.5 8.73473156536559 -13.988728757031316
    endloop
  endfacet
  facet normal 0 -0.6810158587868009 -0.73226866659777
    outer loop
      vertex -1.5 8.828903322800993 -14.064361564786124
      vertex 1.5 8.873139206561172 -14.10550129906985
      vertex 1.5 8.828903322800993 -14.064361564786124
    endloop
  endfacet
  facet normal 0 -0.7485107481710965 -0.6631226582408002
    outer loop
      vertex -1.5 8.915335833247216 -14.148730176516503
      vertex 1.5 8.95539465068231 -14.193947234079786
      vertex 1.5 8.915335833247216 -14.148730176516503
    endloop
  endfacet
  facet normal 0 -0.7155989607441199 -0.6985113652489383
    outer loop
      vertex -1.5 8.873139206561172 -14.10550129906985
      vertex 1.5 8.915335833247216 -14.148730176516503
      vertex 1.5 8.873139206561172 -14.10550129906985
    endloop
  endfacet
  facet normal 0 -0.7796743540632242 -0.6261851975383114
    outer loop
      vertex -1.5 8.95539465068231 -14.193947234079786
      vertex 1.5 8.993222099642193 -14.241046865226611
      vertex 1.5 8.95539465068231 -14.193947234079786
    endloop
  endfacet
  facet normal 0 -0.6448422127361718 -0.7643157205458473
    outer loop
      vertex -1.5 8.782731496922892 -14.025407057420972
      vertex 1.5 8.828903322800993 -14.064361564786124
      vertex 1.5 8.782731496922892 -14.025407057420972
    endloop
  endfacet
  facet normal 0 -0.9433118132577462 -0.3319078531285194
    outer loop
      vertex -1.5 9.16877030335677 -14.556743891196831
      vertex 1.5 9.188820645368942 -14.613728757031316
      vertex 1.5 9.16877030335677 -14.556743891196831
    endloop
  endfacet
  facet normal 0 -0.9068743608505335 -0.42140110777255474
    outer loop
      vertex -1.5 9.12053367161963 -14.446010568000949
      vertex 1.5 9.145990244145729 -14.50079427054288
      vertex 1.5 9.12053367161963 -14.446010568000949
    endloop
  endfacet
  facet normal 0 -0.8854560256532078 -0.4647231720437725
    outer loop
      vertex -1.5 9.092460040783147 -14.392520733446743
      vertex 1.5 9.12053367161963 -14.446010568000949
      vertex 1.5 9.092460040783147 -14.392520733446743
    endloop
  endfacet
  facet normal 0 -0.9261746489577799 -0.37709484168831214
    outer loop
      vertex -1.5 9.145990244145729 -14.50079427054288
      vertex 1.5 9.16877030335677 -14.556743891196831
      vertex 1.5 9.145990244145729 -14.50079427054288
    endloop
  endfacet
  facet normal 0 -1 0
    outer loop
      vertex -1.5 9.24963501760024 -14.969795318454835
      vertex 1.5 9.24963501760024 -15.030204681545165
      vertex 1.5 9.24963501760024 -14.969795318454835
    endloop
  endfacet
  facet normal 0 -0.9988322268323266 -0.04831337952550667
    outer loop
      vertex -1.5 9.246716437114364 -14.909456499797797
      vertex 1.5 9.24963501760024 -14.969795318454835
      vertex 1.5 9.246716437114364 -14.909456499797797
    endloop
  endfacet
  facet normal 0 -0.9953316347176484 -0.09651392091451653
    outer loop
      vertex -1.5 9.240886092622567 -14.849329149680846
      vertex 1.5 9.246716437114364 -14.909456499797797
      vertex 1.5 9.240886092622567 -14.849329149680846
    endloop
  endfacet
  facet normal 0 -0.9813701261394104 -0.19212671735372355
    outer loop
      vertex -1.5 9.22055134853659 -14.730269754040243
      vertex 1.5 9.232157601164564 -14.789553698316201
      vertex 1.5 9.22055134853659 -14.730269754040243
    endloop
  endfacet
  facet normal 0 -0.970941817426055 -0.2393156642875452
    outer loop
      vertex -1.5 9.20609444167944 -14.671615777251766
      vertex 1.5 9.22055134853659 -14.730269754040243
      vertex 1.5 9.20609444167944 -14.671615777251766
    endloop
  endfacet
  facet normal 0 -0.9895063994510541 -0.14448904956920158
    outer loop
      vertex -1.5 9.232157601164564 -14.789553698316201
      vertex 1.5 9.240886092622567 -14.849329149680846
      vertex 1.5 9.232157601164564 -14.789553698316201
    endloop
  endfacet
  facet normal 0 -0.9582458291091634 -0.28594567839869867
    outer loop
      vertex -1.5 9.188820645368942 -14.613728757031316
      vertex 1.5 9.20609444167944 -14.671615777251766
      vertex 1.5 9.188820645368942 -14.613728757031316
    endloop
  endfacet
  facet normal 0 -0.8090169943749499 -0.5877852522924695
    outer loop
      vertex -1.5 8.993222099642193 -14.241046865226611
      vertex 1.5 9.02872983236707 -14.289919066586055
      vertex 1.5 8.993222099642193 -14.241046865226611
    endloop
  endfacet
  facet normal 0 -0.836470138010224 -0.5480125073546742
    outer loop
      vertex -1.5 9.02872983236707 -14.289919066586055
      vertex 1.5 9.061834918901901 -14.340449694867335
      vertex 1.5 9.02872983236707 -14.289919066586055
    endloop
  endfacet
  facet normal 0 -0.8619696668800542 -0.506959853813582
    outer loop
      vertex -1.5 9.061834918901901 -14.340449694867335
      vertex 1.5 9.092460040783147 -14.392520733446743
      vertex 1.5 9.061834918901901 -14.340449694867335
    endloop
  endfacet
endsolid OpenSCAD_Model
