solid OpenSCAD_Model
  facet normal 0.794577679713754 0.6071625078187115 -1.5277175882385322e-18
    outer loop
      vertex -3.15768113395605 -2.536050050030171 -1.7
      vertex -3.276518827218537 -2.380530271784516 -1.7
      vertex -3.276518827218537 -2.380530271784516 2.5
    endloop
  endfacet
  facet normal 0.7643157205458473 0.6448422127361718 0
    outer loop
      vertex -3.15768113395605 -2.536050050030171 -1.7
      vertex -3.15768113395605 -2.536050050030171 2.5
      vertex -3.0314685300929587 -2.6856467658752208 -1.7
    endloop
  endfacet
  facet normal 0.6261851975383143 0.779674354063222 0
    outer loop
      vertex -2.611610961581491 -3.0954786682106854 -1.7
      vertex -2.611610961581491 -3.0954786682106854 2.5
      vertex -2.4590081566657807 -3.2180396028407046 -1.7
    endloop
  endfacet
  facet normal 0.7322686665977741 0.6810158587867963 -7.256879693844703e-19
    outer loop
      vertex -2.8981757910136894 -2.8289710292581955 -1.7
      vertex -3.0314685300929587 -2.6856467658752208 -1.7
      vertex -3.0314685300929587 -2.6856467658752208 2.5
    endloop
  endfacet
  facet normal 0.698511365248936 0.7155989607441221 0
    outer loop
      vertex -2.8981757910136894 -2.8289710292581955 -1.7
      vertex -2.8981757910136894 -2.8289710292581955 2.5
      vertex -2.7581142280865287 -2.965688099720982 -1.7
    endloop
  endfacet
  facet normal 0.6631226582407967 0.7485107481710999 2.7317456281926633e-19
    outer loop
      vertex -2.611610961581491 -3.0954786682106854 -1.7
      vertex -2.7581142280865287 -2.965688099720982 -1.7
      vertex -2.7581142280865287 -2.965688099720982 2.5
    endloop
  endfacet
  facet normal 0 0 1
    outer loop
      vertex -3.9323143605755106 -0.9692284403646083 -1.7
      vertex -3.9323143605755106 0.9692284403646083 -1.7
      vertex -3.9745490108646244 -0.7781132052825181 -1.7
    endloop
  endfacet
  facet normal 0 0 1
    outer loop
      vertex -3.9745490108646244 -0.7781132052825181 -1.7
      vertex -3.9745490108646244 0.7781132052825181 -1.7
      vertex -4.007500917776757 -0.5851806507553472 -1.7
    endloop
  endfacet
  facet normal 0 0 1
    outer loop
      vertex -4.031093120606477 -0.3908813797037868 -1.7
      vertex -4.031093120606477 0.3908813797037868 -1.7
      vertex -4.045270518670923 -0.1956691870783039 -1.7
    endloop
  endfacet
  facet normal 0 0 1
    outer loop
      vertex -4.007500917776757 -0.5851806507553472 -1.7
      vertex -4.007500917776757 0.5851806507553472 -1.7
      vertex -4.031093120606477 -0.3908813797037868 -1.7
    endloop
  endfacet
  facet normal 0 0 1
    outer loop
      vertex -3.880895607892123 -1.1580799975146914 -1.7
      vertex -3.880895607892123 1.1580799975146914 -1.7
      vertex -3.9323143605755106 -0.9692284403646083 -1.7
    endloop
  endfacet
  facet normal 0 0 1
    outer loop
      vertex -3.8204128436938594 -1.3442268051705404 -1.7
      vertex -3.8204128436938594 1.3442268051705404 -1.7
      vertex -3.880895607892123 -1.1580799975146914 -1.7
    endloop
  endfacet
  facet normal 0 0 1
    outer loop
      vertex -3.6728411614447087 -1.7066744864787435 -1.7
      vertex -3.6728411614447087 1.7066744864787435 -1.7
      vertex -3.7510073282789946 -1.5272341088376984 -1.7
    endloop
  endfacet
  facet normal 0 0 1
    outer loop
      vertex -3.7510073282789946 -1.5272341088376984 -1.7
      vertex -3.7510073282789946 1.5272341088376984 -1.7
      vertex -3.8204128436938594 -1.3442268051705404 -1.7
    endloop
  endfacet
  facet normal 0 0 1
    outer loop
      vertex -3.4909771508641994 -2.0531874079450403 -1.7
      vertex -3.4909771508641994 2.0531874079450403 -1.7
      vertex -3.5860969038955006 -1.8821288467772617 -1.7
    endloop
  endfacet
  facet normal 0 0 1
    outer loop
      vertex -3.4909771508641994 -2.0531874079450403 -1.7
      vertex -3.3877040589414182 -2.219450654786413 -1.7
      vertex -3.3877040589414182 2.219450654786413 -1.7
    endloop
  endfacet
  facet normal 0 0 1
    outer loop
      vertex -3.15768113395605 -2.536050050030171 -1.7
      vertex -3.15768113395605 2.536050050030171 -1.7
      vertex -3.276518827218537 -2.380530271784516 -1.7
    endloop
  endfacet
  facet normal 0 0 1
    outer loop
      vertex -3.3877040589414182 -2.219450654786413 -1.7
      vertex -3.276518827218537 -2.380530271784516 -1.7
      vertex -3.276518827218537 2.380530271784516 -1.7
    endloop
  endfacet
  facet normal 0 0 1
    outer loop
      vertex -3.15768113395605 -2.536050050030171 -1.7
      vertex -3.0314685300929587 -2.6856467658752208 -1.7
      vertex -3.0314685300929587 2.6856467658752208 -1.7
    endloop
  endfacet
  facet normal 0 0 1
    outer loop
      vertex -3.5860969038955006 -1.8821288467772617 -1.7
      vertex -3.5860969038955006 1.8821288467772617 -1.7
      vertex -3.6728411614447087 -1.7066744864787435 -1.7
    endloop
  endfacet
  facet normal 0 0 1
    outer loop
      vertex -2.8981757910136894 -2.8289710292581955 -1.7
      vertex -2.7581142280865287 -2.965688099720982 -1.7
      vertex -2.7581142280865287 2.965688099720982 -1.7
    endloop
  endfacet
  facet normal 0 0 1
    outer loop
      vertex -2.8981757910136894 -2.8289710292581955 -1.7
      vertex -2.8981757910136894 2.8289710292581955 -1.7
      vertex -3.0314685300929587 -2.6856467658752208 -1.7
    endloop
  endfacet
  facet normal 0 0 1
    outer loop
      vertex -2.611610961581491 -3.0954786682106854 -1.7
      vertex -2.611610961581491 3.0954786682106854 -1.7
      vertex -2.7581142280865287 -2.965688099720982 -1.7
    endloop
  endfacet
  facet normal 0 0 1
    outer loop
      vertex -2.611610961581491 -3.0954786682106854 -1.7
      vertex -2.4590081566657807 -3.2180396028407046 -1.7
      vertex -2.4590081566657807 3.2180396028407046 -1.7
    endloop
  endfacet
  facet normal 0.8964269372957038 0.443191545599241 -2.394331909358939e-19
    outer loop
      vertex -3.5860969038955006 -1.8821288467772617 -1.7
      vertex -3.6728411614447087 -1.7066744864787435 -1.7
      vertex -3.6728411614447087 -1.7066744864787435 2.5
    endloop
  endfacet
  facet normal 0.9167921953165823 0.3993645835656958 7.075347067363963e-20
    outer loop
      vertex -3.6728411614447087 -1.7066744864787435 -1.7
      vertex -3.7510073282789946 -1.5272341088376984 -1.7
      vertex -3.7510073282789946 -1.5272341088376984 2.5
    endloop
  endfacet
  facet normal 0.935016242685415 0.35460488704253507 6.915101769777215e-19
    outer loop
      vertex -3.7510073282789946 -1.5272341088376984 -1.7
      vertex -3.8204128436938594 -1.3442268051705404 -1.7
      vertex -3.8204128436938594 -1.3442268051705404 2.5
    endloop
  endfacet
  facet normal 0.9510565162951536 0.3090169943749475 9.679653421901336e-19
    outer loop
      vertex -3.8204128436938594 -1.3442268051705404 -1.7
      vertex -3.880895607892123 -1.1580799975146914 -1.7
      vertex -3.880895607892123 -1.1580799975146914 2.5
    endloop
  endfacet
  facet normal 0.9764410788292721 0.2157841967678062 5.966226603944904e-19
    outer loop
      vertex -3.9323143605755106 -0.9692284403646083 -1.7
      vertex -3.9745490108646244 -0.7781132052825181 -1.7
      vertex -3.9745490108646244 -0.7781132052825181 2.5
    endloop
  endfacet
  facet normal 0.9857260809316505 0.16835704134704074 -5.384001531847141e-20
    outer loop
      vertex -3.9745490108646244 -0.7781132052825181 -1.7
      vertex -4.007500917776757 -0.5851806507553472 -1.7
      vertex -4.007500917776757 -0.5851806507553472 2.5
    endloop
  endfacet
  facet normal 0.9648755533435516 0.26270737819858636 6.516226852510474e-19
    outer loop
      vertex -3.880895607892123 -1.1580799975146914 -1.7
      vertex -3.9323143605755106 -0.9692284403646083 -1.7
      vertex -3.9323143605755106 -0.9692284403646083 2.5
    endloop
  endfacet
  facet normal 0.9927088740980542 0.1205366802553228 2.647318443534026e-19
    outer loop
      vertex -4.007500917776757 -0.5851806507553472 -1.7
      vertex -4.031093120606477 -0.3908813797037868 -1.7
      vertex -4.031093120606477 -0.3908813797037868 2.5
    endloop
  endfacet
  facet normal 0.9973731496914912 0.07243480016176113 2.0447938210708128e-19
    outer loop
      vertex -4.031093120606477 -0.3908813797037868 -1.7
      vertex -4.045270518670923 -0.1956691870783039 -1.7
      vertex -4.045270518670923 -0.1956691870783039 2.5
    endloop
  endfacet
  facet normal 0.9997080140801929 0.024163745236131885 6.189483380460098e-20
    outer loop
      vertex -4.045270518670923 -0.1956691870783039 -1.7
      vertex -4.05 0 -1.7
      vertex -4.05 0 2.5
    endloop
  endfacet
  facet normal 0.8229838658936574 0.5680647467311544 0
    outer loop
      vertex -3.3877040589414182 -2.219450654786413 -1.7
      vertex -3.3877040589414182 -2.219450654786413 2.5
      vertex -3.276518827218537 -2.380530271784516 -1.7
    endloop
  endfacet
  facet normal 0.8739680326265168 0.48598341324260813 1.4427409809770625e-18
    outer loop
      vertex -3.4909771508641994 -2.0531874079450403 -1.7
      vertex -3.5860969038955006 -1.8821288467772617 -1.7
      vertex -3.5860969038955006 -1.8821288467772617 2.5
    endloop
  endfacet
  facet normal 0.8494679351215213 0.5276402441061323 0
    outer loop
      vertex -3.4909771508641994 -2.0531874079450403 -1.7
      vertex -3.4909771508641994 -2.0531874079450403 2.5
      vertex -3.3877040589414182 -2.219450654786413 -1.7
    endloop
  endfacet
  facet normal 0 0 1
    outer loop
      vertex -1.7949257596769281 -3.6305290960475998 -1.7
      vertex -1.7670378171041008 -1.0392677003178599 -1.7
      vertex -1.9682328236325537 -3.539570532137398 -1.7
    endloop
  endfacet
  facet normal 0 0 1
    outer loop
      vertex -2.136942988629837 -3.44034513724216 -1.7
      vertex -1.9682328236325537 -3.539570532137398 -1.7
      vertex -1.9644039496737906 -0.5861886407173129 -1.7
    endloop
  endfacet
  facet normal 0 0 1
    outer loop
      vertex -1.4361497925222695 -3.78681578287593 -1.7
      vertex -1.251518827218537 -3.8517788909953716 -1.7
      vertex -1.244683141028358 -1.628884243413196 -1.7
    endloop
  endfacet
  facet normal 0 0 1
    outer loop
      vertex -1.7949257596769281 -3.6305290960475998 -1.7
      vertex -1.6174265634410676 -3.713008391032158 -1.7
      vertex -1.5983324258296054 -1.2836796549535432 -1.7
    endloop
  endfacet
  facet normal 0 0 1
    outer loop
      vertex -1.6174265634410676 -3.713008391032158 -1.7
      vertex -1.4361497925222695 -3.78681578287593 -1.7
      vertex -1.3960825105129342 -1.5011507665254353 -1.7
    endloop
  endfacet
  facet normal 0 0 1
    outer loop
      vertex -1.251518827218537 -3.8517788909953716 -1.7
      vertex -1.0639648817042768 -3.9077459910413834 -1.7
      vertex -0.9962659971473419 -1.791634466884362 -1.7
    endloop
  endfacet
  facet normal 0 0 1
    outer loop
      vertex -1.0639648817042768 -3.9077459910413834 -1.7
      vertex -0.8739259969096143 -3.9545863692585517 -1.7
      vertex -0.8186973963096761 -1.8794240003989935 -1.7
    endloop
  endfacet
  facet normal 0 0 1
    outer loop
      vertex -0.8739259969096143 -3.9545863692585517 -1.7
      vertex -0.6818460174555052 -3.9921906277731862 -1.7
      vertex -0.6334848384686421 -1.9496658584050646 -1.7
    endloop
  endfacet
  facet normal 0 0 1
    outer loop
      vertex -1.251518827218537 -3.8517788909953716 -1.7
      vertex -1.0816625004175717 -1.7414092669991181 -1.7
      vertex -1.164532730798869 -1.6871169250819955 -1.7
    endloop
  endfacet
  facet normal 0 0 1
    outer loop
      vertex -1.251518827218537 -3.8517788909953716 -1.7
      vertex -0.9962659971473419 -1.791634466884362 -1.7
      vertex -1.0816625004175717 -1.7414092669991181 -1.7
    endloop
  endfacet
  facet normal 0 0 1
    outer loop
      vertex -1.0639648817042768 -3.9077459910413834 -1.7
      vertex -0.908542668478445 -1.8376752214561924 -1.7
      vertex -0.9962659971473419 -1.791634466884362 -1.7
    endloop
  endfacet
  facet normal 0 0 1
    outer loop
      vertex -1.0639648817042768 -3.9077459910413834 -1.7
      vertex -0.8186973963096761 -1.8794240003989935 -1.7
      vertex -0.908542668478445 -1.8376752214561924 -1.7
    endloop
  endfacet
  facet normal 0 0 1
    outer loop
      vertex -0.8739259969096143 -3.9545863692585517 -1.7
      vertex -0.726940018437198 -1.9167832975051002 -1.7
      vertex -0.8186973963096761 -1.8794240003989935 -1.7
    endloop
  endfacet
  facet normal 0 0 1
    outer loop
      vertex -0.8739259969096143 -3.9545863692585517 -1.7
      vertex -0.6334848384686421 -1.9496658584050646 -1.7
      vertex -0.726940018437198 -1.9167832975051002 -1.7
    endloop
  endfacet
  facet normal 0 0 1
    outer loop
      vertex -0.6818460174555052 -3.9921906277731862 -1.7
      vertex -0.538550125307103 -1.9779948843542803 -1.7
      vertex -0.6334848384686421 -1.9496658584050646 -1.7
    endloop
  endfacet
  facet normal 0 0 1
    outer loop
      vertex -0.6818460174555052 -3.9921906277731862 -1.7
      vertex -0.4881735550340571 -4.020470940097119 -1.7
      vertex -0.44235760337400226 -2.0017042116000074 -1.7
    endloop
  endfacet
  facet normal 0 0 1
    outer loop
      vertex -0.4881735550340571 -4.020470940097119 -1.7
      vertex -0.293360940655136 -4.039361256250539 -1.7
      vertex -0.24710019452341164 -2.0350531919010106 -1.7
    endloop
  endfacet
  facet normal 0 0 1
    outer loop
      vertex -0.293360940655136 -4.039361256250539 -1.7
      vertex -0.09786316820633391 -4.048817457024781 -1.7
      vertex -0.04953567773406974 -2.049401428864395 -1.7
    endloop
  endfacet
  facet normal 0 0 1
    outer loop
      vertex -0.09786316820633391 -4.048817457024781 -1.7
      vertex 0.09786316820633391 -4.048817457024781 -1.7
      vertex -0.04953567773406974 -2.049401428864395 -1.7
    endloop
  endfacet
  facet normal 0 0 1
    outer loop
      vertex -0.6818460174555052 -3.9921906277731862 -1.7
      vertex -0.44235760337400226 -2.0017042116000074 -1.7
      vertex -0.538550125307103 -1.9779948843542803 -1.7
    endloop
  endfacet
  facet normal 0 0 1
    outer loop
      vertex -0.4881735550340571 -4.020470940097119 -1.7
      vertex -0.34513193476142856 -2.020738465909884 -1.7
      vertex -0.44235760337400226 -2.0017042116000074 -1.7
    endloop
  endfacet
  facet normal 0 0 1
    outer loop
      vertex -0.4881735550340571 -4.020470940097119 -1.7
      vertex -0.24710019452341164 -2.0350531919010106 -1.7
      vertex -0.34513193476142856 -2.020738465909884 -1.7
    endloop
  endfacet
  facet normal 0 0 1
    outer loop
      vertex -0.293360940655136 -4.039361256250539 -1.7
      vertex -0.14849134033161207 -2.044614956867557 -1.7
      vertex -0.24710019452341164 -2.0350531919010106 -1.7
    endloop
  endfacet
  facet normal 0 0 1
    outer loop
      vertex -0.293360940655136 -4.039361256250539 -1.7
      vertex -0.04953567773406974 -2.049401428864395 -1.7
      vertex -0.14849134033161207 -2.044614956867557 -1.7
    endloop
  endfacet
  facet normal 0.421401107772528 0.906874360850546 0
    outer loop
      vertex -1.7949257596769281 -3.6305290960475998 -1.7
      vertex -1.7949257596769281 -3.6305290960475998 2.5
      vertex -1.6174265634410676 -3.713008391032158 -1.7
    endloop
  endfacet
  facet normal 0.3770948416883229 0.9261746489577755 0
    outer loop
      vertex -1.6174265634410676 -3.713008391032158 -1.7
      vertex -1.6174265634410676 -3.713008391032158 2.5
      vertex -1.4361497925222695 -3.78681578287593 -1.7
    endloop
  endfacet
  facet normal 0.33190785312852594 0.943311813257744 0
    outer loop
      vertex -1.4361497925222695 -3.78681578287593 -1.7
      vertex -1.4361497925222695 -3.78681578287593 2.5
      vertex -1.251518827218537 -3.8517788909953716 -1.7
    endloop
  endfacet
  facet normal 0.5480125073546691 0.8364701380102273 0
    outer loop
      vertex -2.3006622242611803 -3.3330846568693087 -1.7
      vertex -2.3006622242611803 -3.3330846568693087 2.5
      vertex -2.136942988629837 -3.44034513724216 -1.7
    endloop
  endfacet
  facet normal 0.5877852522924722 0.8090169943749481 -3.605837451066188e-19
    outer loop
      vertex -2.3006622242611803 -3.3330846568693087 -1.7
      vertex -2.4590081566657807 -3.2180396028407046 -1.7
      vertex -2.4590081566657807 -3.2180396028407046 2.5
    endloop
  endfacet
  facet normal 0.506959853813591 0.8619696668800488 0
    outer loop
      vertex -2.136942988629837 -3.44034513724216 -1.7
      vertex -2.136942988629837 -3.44034513724216 2.5
      vertex -1.9682328236325537 -3.539570532137398 -1.7
    endloop
  endfacet
  facet normal 0.46472317204376923 0.8854560256532096 1.029268313503167e-18
    outer loop
      vertex -1.7949257596769281 -3.6305290960475998 -1.7
      vertex -1.9682328236325537 -3.539570532137398 -1.7
      vertex -1.9682328236325537 -3.539570532137398 2.5
    endloop
  endfacet
  facet normal 0.28594567839869084 0.9582458291091657 0
    outer loop
      vertex -1.251518827218537 -3.8517788909953716 -1.7
      vertex -1.251518827218537 -3.8517788909953716 2.5
      vertex -1.0639648817042768 -3.9077459910413834 -1.7
    endloop
  endfacet
  facet normal 0.23931566428755605 0.9709418174260525 0
    outer loop
      vertex -1.0639648817042768 -3.9077459910413834 -1.7
      vertex -1.0639648817042768 -3.9077459910413834 2.5
      vertex -0.8739259969096143 -3.9545863692585517 -1.7
    endloop
  endfacet
  facet normal 0.19212671735370992 0.9813701261394132 0
    outer loop
      vertex -0.8739259969096143 -3.9545863692585517 -1.7
      vertex -0.8739259969096143 -3.9545863692585517 2.5
      vertex -0.6818460174555052 -3.9921906277731862 -1.7
    endloop
  endfacet
  facet normal 0.14448904956922104 0.9895063994510511 0
    outer loop
      vertex -0.6818460174555052 -3.9921906277731862 -1.7
      vertex -0.6818460174555052 -3.9921906277731862 2.5
      vertex -0.4881735550340571 -4.020470940097119 -1.7
    endloop
  endfacet
  facet normal 0.0965139209145163 0.9953316347176485 0
    outer loop
      vertex -0.4881735550340571 -4.020470940097119 -1.7
      vertex -0.4881735550340571 -4.020470940097119 2.5
      vertex -0.293360940655136 -4.039361256250539 -1.7
    endloop
  endfacet
  facet normal 0.048313379525503596 0.9988322268323268 0
    outer loop
      vertex -0.293360940655136 -4.039361256250539 -1.7
      vertex -0.293360940655136 -4.039361256250539 2.5
      vertex -0.09786316820633391 -4.048817457024781 -1.7
    endloop
  endfacet
  facet normal 0 1 0
    outer loop
      vertex -0.09786316820633391 -4.048817457024781 -1.7
      vertex -0.09786316820633391 -4.048817457024781 2.5
      vertex 0.09786316820633391 -4.048817457024781 -1.7
    endloop
  endfacet
  facet normal 0 0 1
    outer loop
      vertex -1.9682328236325537 -3.539570532137398 -1.7
      vertex -1.7670378171041008 -1.0392677003178599 -1.7
      vertex -1.8151848525890804 -0.952682502689725 -1.7
    endloop
  endfacet
  facet normal 0 0 1
    outer loop
      vertex -1.9682328236325537 -3.539570532137398 -1.7
      vertex -1.859092439743618 -0.8638722709336849 -1.7
      vertex -1.8986580303634415 -0.7730444254610571 -1.7
    endloop
  endfacet
  facet normal 0 0 1
    outer loop
      vertex -1.9682328236325537 -3.539570532137398 -1.7
      vertex -1.8151848525890804 -0.952682502689725 -1.7
      vertex -1.859092439743618 -0.8638722709336849 -1.7
    endloop
  endfacet
  facet normal 0 0 1
    outer loop
      vertex -1.9682328236325537 -3.539570532137398 -1.7
      vertex -1.8986580303634415 -0.7730444254610571 -1.7
      vertex -1.933789217178373 -0.6804110989134834 -1.7
    endloop
  endfacet
  facet normal 0 0 1
    outer loop
      vertex -1.9682328236325537 -3.539570532137398 -1.7
      vertex -1.933789217178373 -0.6804110989134834 -1.7
      vertex -1.9644039496737906 -0.5861886407173129 -1.7
    endloop
  endfacet
  facet normal 0 0 1
    outer loop
      vertex -2.136942988629837 -3.44034513724216 -1.7
      vertex -1.9904307257234064 -0.4905971117894931 -1.7
      vertex -2.0118087585857976 -0.3938597705751018 -1.7
    endloop
  endfacet
  facet normal 0 0 1
    outer loop
      vertex -2.136942988629837 -3.44034513724216 -1.7
      vertex -2.0118087585857976 -0.3938597705751018 -1.7
      vertex -2.0284881188746544 -0.2962025516169041 -1.7
    endloop
  endfacet
  facet normal 0 0 1
    outer loop
      vertex -2.136942988629837 -3.44034513724216 -1.7
      vertex -1.9644039496737906 -0.5861886407173129 -1.7
      vertex -1.9904307257234064 -0.4905971117894931 -1.7
    endloop
  endfacet
  facet normal 0 0 1
    outer loop
      vertex -2.136942988629837 -3.44034513724216 -1.7
      vertex -2.0284881188746544 -0.2962025516169041 -1.7
      vertex -2.0404298511711794 -0.19785353787475626 -1.7
    endloop
  endfacet
  facet normal 0 0 1
    outer loop
      vertex -2.136942988629837 -3.44034513724216 -1.7
      vertex -2.0404298511711794 -0.19785353787475626 -1.7
      vertex -2.0476060650062693 -0.09904242802728963 -1.7
    endloop
  endfacet
  facet normal 0 0 1
    outer loop
      vertex -1.6174265634410676 -3.713008391032158 -1.7
      vertex -1.4669778695254476 -1.4319482987603211 -1.7
      vertex -1.5344470337507568 -1.3594014493936302 -1.7
    endloop
  endfacet
  facet normal 0 0 1
    outer loop
      vertex -1.7949257596769281 -3.6305290960475998 -1.7
      vertex -1.6584848384686421 -1.2049597671995698 -1.7
      vertex -1.7147637829209648 -1.1234256400770732 -1.7
    endloop
  endfacet
  facet normal 0 0 1
    outer loop
      vertex -1.7949257596769281 -3.6305290960475998 -1.7
      vertex -1.5983324258296054 -1.2836796549535432 -1.7
      vertex -1.6584848384686421 -1.2049597671995698 -1.7
    endloop
  endfacet
  facet normal 0 0 1
    outer loop
      vertex -1.7949257596769281 -3.6305290960475998 -1.7
      vertex -1.7147637829209648 -1.1234256400770732 -1.7
      vertex -1.7670378171041008 -1.0392677003178599 -1.7
    endloop
  endfacet
  facet normal 0 0 1
    outer loop
      vertex -1.6174265634410676 -3.713008391032158 -1.7
      vertex -1.5344470337507568 -1.3594014493936302 -1.7
      vertex -1.5983324258296054 -1.2836796549535432 -1.7
    endloop
  endfacet
  facet normal 0 0 1
    outer loop
      vertex -1.4361497925222695 -3.78681578287593 -1.7
      vertex -1.32192653610915 -1.5668472271189888 -1.7
      vertex -1.3960825105129342 -1.5011507665254353 -1.7
    endloop
  endfacet
  facet normal 0 0 1
    outer loop
      vertex -1.6174265634410676 -3.713008391032158 -1.7
      vertex -1.3960825105129342 -1.5011507665254353 -1.7
      vertex -1.4669778695254476 -1.4319482987603211 -1.7
    endloop
  endfacet
  facet normal 0 0 1
    outer loop
      vertex -1.4361497925222695 -3.78681578287593 -1.7
      vertex -1.244683141028358 -1.628884243413196 -1.7
      vertex -1.32192653610915 -1.5668472271189888 -1.7
    endloop
  endfacet
  facet normal 0 0 1
    outer loop
      vertex -1.251518827218537 -3.8517788909953716 -1.7
      vertex -1.164532730798869 -1.6871169250819955 -1.7
      vertex -1.244683141028358 -1.628884243413196 -1.7
    endloop
  endfacet
  facet normal 0 0 1
    outer loop
      vertex -2.3006622242611803 -3.3330846568693087 -1.7
      vertex -2.3006622242611803 3.3330846568693087 -1.7
      vertex -2.4590081566657807 -3.2180396028407046 -1.7
    endloop
  endfacet
  facet normal 0 0 1
    outer loop
      vertex -2.3006622242611803 -3.3330846568693087 -1.7
      vertex -2.136942988629837 -3.44034513724216 -1.7
      vertex -2.136942988629837 3.44034513724216 -1.7
    endloop
  endfacet
  facet normal 0 0 1
    outer loop
      vertex -2.136942988629837 -3.44034513724216 -1.7
      vertex -2.0476060650062693 -0.09904242802728963 -1.7
      vertex -2.05 0 -1.7
    endloop
  endfacet
  facet normal 0 0 1
    outer loop
      vertex -2.136942988629837 -3.44034513724216 -1.7
      vertex -2.05 0 -1.7
      vertex -2.0476060650062693 0.09904242802728963 -1.7
    endloop
  endfacet
  facet normal 0.794577679713754 0.6071625078187115 0
    outer loop
      vertex -3.15768113395605 -2.536050050030171 -1.7
      vertex -3.276518827218537 -2.380530271784516 2.5
      vertex -3.15768113395605 -2.536050050030171 2.5
    endloop
  endfacet
  facet normal 0.7643157205458473 0.6448422127361718 0
    outer loop
      vertex -3.0314685300929587 -2.6856467658752208 -1.7
      vertex -3.15768113395605 -2.536050050030171 2.5
      vertex -3.0314685300929587 -2.6856467658752208 2.5
    endloop
  endfacet
  facet normal 0.6631226582407967 0.7485107481710999 0
    outer loop
      vertex -2.611610961581491 -3.0954786682106854 -1.7
      vertex -2.7581142280865287 -2.965688099720982 2.5
      vertex -2.611610961581491 -3.0954786682106854 2.5
    endloop
  endfacet
  facet normal 0.6261851975383143 0.779674354063222 0
    outer loop
      vertex -2.4590081566657807 -3.2180396028407046 -1.7
      vertex -2.611610961581491 -3.0954786682106854 2.5
      vertex -2.4590081566657807 -3.2180396028407046 2.5
    endloop
  endfacet
  facet normal 0.7322686665977741 0.6810158587867963 0
    outer loop
      vertex -2.8981757910136894 -2.8289710292581955 -1.7
      vertex -3.0314685300929587 -2.6856467658752208 2.5
      vertex -2.8981757910136894 -2.8289710292581955 2.5
    endloop
  endfacet
  facet normal 0.698511365248936 0.7155989607441221 0
    outer loop
      vertex -2.7581142280865287 -2.965688099720982 -1.7
      vertex -2.8981757910136894 -2.8289710292581955 2.5
      vertex -2.7581142280865287 -2.965688099720982 2.5
    endloop
  endfacet
  facet normal 0.9167921953165823 0.3993645835656958 0
    outer loop
      vertex -3.6728411614447087 -1.7066744864787435 -1.7
      vertex -3.7510073282789946 -1.5272341088376984 2.5
      vertex -3.6728411614447087 -1.7066744864787435 2.5
    endloop
  endfacet
  facet normal 0.9510565162951536 0.3090169943749475 0
    outer loop
      vertex -3.8204128436938594 -1.3442268051705404 -1.7
      vertex -3.880895607892123 -1.1580799975146914 2.5
      vertex -3.8204128436938594 -1.3442268051705404 2.5
    endloop
  endfacet
  facet normal 0.935016242685415 0.35460488704253507 0
    outer loop
      vertex -3.7510073282789946 -1.5272341088376984 -1.7
      vertex -3.8204128436938594 -1.3442268051705404 2.5
      vertex -3.7510073282789946 -1.5272341088376984 2.5
    endloop
  endfacet
  facet normal 0.9764410788292721 0.2157841967678062 0
    outer loop
      vertex -3.9323143605755106 -0.9692284403646083 -1.7
      vertex -3.9745490108646244 -0.7781132052825181 2.5
      vertex -3.9323143605755106 -0.9692284403646083 2.5
    endloop
  endfacet
  facet normal 0.9857260809316505 0.16835704134704074 0
    outer loop
      vertex -3.9745490108646244 -0.7781132052825181 -1.7
      vertex -4.007500917776757 -0.5851806507553472 2.5
      vertex -3.9745490108646244 -0.7781132052825181 2.5
    endloop
  endfacet
  facet normal 0.9648755533435516 0.26270737819858636 0
    outer loop
      vertex -3.880895607892123 -1.1580799975146914 -1.7
      vertex -3.9323143605755106 -0.9692284403646083 2.5
      vertex -3.880895607892123 -1.1580799975146914 2.5
    endloop
  endfacet
  facet normal 0.9927088740980542 0.1205366802553228 0
    outer loop
      vertex -4.007500917776757 -0.5851806507553472 -1.7
      vertex -4.031093120606477 -0.3908813797037868 2.5
      vertex -4.007500917776757 -0.5851806507553472 2.5
    endloop
  endfacet
  facet normal 0.9973731496914912 0.07243480016176113 0
    outer loop
      vertex -4.031093120606477 -0.3908813797037868 -1.7
      vertex -4.045270518670923 -0.1956691870783039 2.5
      vertex -4.031093120606477 -0.3908813797037868 2.5
    endloop
  endfacet
  facet normal 0.9997080140801929 0.024163745236131885 0
    outer loop
      vertex -4.045270518670923 -0.1956691870783039 -1.7
      vertex -4.05 0 2.5
      vertex -4.045270518670923 -0.1956691870783039 2.5
    endloop
  endfacet
  facet normal 0.8494679351215213 0.5276402441061323 0
    outer loop
      vertex -3.3877040589414182 -2.219450654786413 -1.7
      vertex -3.4909771508641994 -2.0531874079450403 2.5
      vertex -3.3877040589414182 -2.219450654786413 2.5
    endloop
  endfacet
  facet normal 0.8739680326265168 0.48598341324260813 0
    outer loop
      vertex -3.4909771508641994 -2.0531874079450403 -1.7
      vertex -3.5860969038955006 -1.8821288467772617 2.5
      vertex -3.4909771508641994 -2.0531874079450403 2.5
    endloop
  endfacet
  facet normal 0.8964269372957038 0.443191545599241 0
    outer loop
      vertex -3.5860969038955006 -1.8821288467772617 -1.7
      vertex -3.6728411614447087 -1.7066744864787435 2.5
      vertex -3.5860969038955006 -1.8821288467772617 2.5
    endloop
  endfacet
  facet normal 0.8229838658936574 0.5680647467311544 0
    outer loop
      vertex -3.276518827218537 -2.380530271784516 -1.7
      vertex -3.3877040589414182 -2.219450654786413 2.5
      vertex -3.276518827218537 -2.380530271784516 2.5
    endloop
  endfacet
  facet normal 0.421401107772528 0.906874360850546 0
    outer loop
      vertex -1.6174265634410676 -3.713008391032158 -1.7
      vertex -1.7949257596769281 -3.6305290960475998 2.5
      vertex -1.6174265634410676 -3.713008391032158 2.5
    endloop
  endfacet
  facet normal 0.3770948416883229 0.9261746489577755 0
    outer loop
      vertex -1.4361497925222695 -3.78681578287593 -1.7
      vertex -1.6174265634410676 -3.713008391032158 2.5
      vertex -1.4361497925222695 -3.78681578287593 2.5
    endloop
  endfacet
  facet normal 0.33190785312852594 0.943311813257744 0
    outer loop
      vertex -1.251518827218537 -3.8517788909953716 -1.7
      vertex -1.4361497925222695 -3.78681578287593 2.5
      vertex -1.251518827218537 -3.8517788909953716 2.5
    endloop
  endfacet
  facet normal 0.5480125073546691 0.8364701380102273 0
    outer loop
      vertex -2.136942988629837 -3.44034513724216 -1.7
      vertex -2.3006622242611803 -3.3330846568693087 2.5
      vertex -2.136942988629837 -3.44034513724216 2.5
    endloop
  endfacet
  facet normal 0.5877852522924722 0.8090169943749481 0
    outer loop
      vertex -2.3006622242611803 -3.3330846568693087 -1.7
      vertex -2.4590081566657807 -3.2180396028407046 2.5
      vertex -2.3006622242611803 -3.3330846568693087 2.5
    endloop
  endfacet
  facet normal 0.506959853813591 0.8619696668800488 0
    outer loop
      vertex -1.9682328236325537 -3.539570532137398 -1.7
      vertex -2.136942988629837 -3.44034513724216 2.5
      vertex -1.9682328236325537 -3.539570532137398 2.5
    endloop
  endfacet
  facet normal 0.46472317204376923 0.8854560256532096 0
    outer loop
      vertex -1.7949257596769281 -3.6305290960475998 -1.7
      vertex -1.9682328236325537 -3.539570532137398 2.5
      vertex -1.7949257596769281 -3.6305290960475998 2.5
    endloop
  endfacet
  facet normal 0.28594567839869084 0.9582458291091657 0
    outer loop
      vertex -1.0639648817042768 -3.9077459910413834 -1.7
      vertex -1.251518827218537 -3.8517788909953716 2.5
      vertex -1.0639648817042768 -3.9077459910413834 2.5
    endloop
  endfacet
  facet normal 0.23931566428755605 0.9709418174260525 0
    outer loop
      vertex -0.8739259969096143 -3.9545863692585517 -1.7
      vertex -1.0639648817042768 -3.9077459910413834 2.5
      vertex -0.8739259969096143 -3.9545863692585517 2.5
    endloop
  endfacet
  facet normal 0.19212671735370992 0.9813701261394132 0
    outer loop
      vertex -0.6818460174555052 -3.9921906277731862 -1.7
      vertex -0.8739259969096143 -3.9545863692585517 2.5
      vertex -0.6818460174555052 -3.9921906277731862 2.5
    endloop
  endfacet
  facet normal 0.14448904956922104 0.9895063994510511 0
    outer loop
      vertex -0.4881735550340571 -4.020470940097119 -1.7
      vertex -0.6818460174555052 -3.9921906277731862 2.5
      vertex -0.4881735550340571 -4.020470940097119 2.5
    endloop
  endfacet
  facet normal 0.0965139209145163 0.9953316347176485 0
    outer loop
      vertex -0.293360940655136 -4.039361256250539 -1.7
      vertex -0.4881735550340571 -4.020470940097119 2.5
      vertex -0.293360940655136 -4.039361256250539 2.5
    endloop
  endfacet
  facet normal 0.048313379525503596 0.9988322268323268 0
    outer loop
      vertex -0.09786316820633391 -4.048817457024781 -1.7
      vertex -0.293360940655136 -4.039361256250539 2.5
      vertex -0.09786316820633391 -4.048817457024781 2.5
    endloop
  endfacet
  facet normal 0 0 1
    outer loop
      vertex -4.045270518670923 -0.1956691870783039 -1.7
      vertex -4.045270518670923 0.1956691870783039 -1.7
      vertex -4.05 0 -1.7
    endloop
  endfacet
  facet normal 0 0 1
    outer loop
      vertex -4.045270518670923 -0.1956691870783039 -1.7
      vertex -4.031093120606477 0.3908813797037868 -1.7
      vertex -4.045270518670923 0.1956691870783039 -1.7
    endloop
  endfacet
  facet normal 0 0 1
    outer loop
      vertex -4.031093120606477 -0.3908813797037868 -1.7
      vertex -4.007500917776757 0.5851806507553472 -1.7
      vertex -4.031093120606477 0.3908813797037868 -1.7
    endloop
  endfacet
  facet normal 0 0 1
    outer loop
      vertex -4.007500917776757 -0.5851806507553472 -1.7
      vertex -3.9745490108646244 0.7781132052825181 -1.7
      vertex -4.007500917776757 0.5851806507553472 -1.7
    endloop
  endfacet
  facet normal 0 0 1
    outer loop
      vertex -3.9745490108646244 -0.7781132052825181 -1.7
      vertex -3.9323143605755106 0.9692284403646083 -1.7
      vertex -3.9745490108646244 0.7781132052825181 -1.7
    endloop
  endfacet
  facet normal 0 0 1
    outer loop
      vertex -3.9323143605755106 -0.9692284403646083 -1.7
      vertex -3.880895607892123 1.1580799975146914 -1.7
      vertex -3.9323143605755106 0.9692284403646083 -1.7
    endloop
  endfacet
  facet normal 0 0 1
    outer loop
      vertex -3.880895607892123 -1.1580799975146914 -1.7
      vertex -3.8204128436938594 1.3442268051705404 -1.7
      vertex -3.880895607892123 1.1580799975146914 -1.7
    endloop
  endfacet
  facet normal 0 0 1
    outer loop
      vertex -3.8204128436938594 -1.3442268051705404 -1.7
      vertex -3.7510073282789946 1.5272341088376984 -1.7
      vertex -3.8204128436938594 1.3442268051705404 -1.7
    endloop
  endfacet
  facet normal 0 0 1
    outer loop
      vertex -3.7510073282789946 -1.5272341088376984 -1.7
      vertex -3.6728411614447087 1.7066744864787435 -1.7
      vertex -3.7510073282789946 1.5272341088376984 -1.7
    endloop
  endfacet
  facet normal 0 0 1
    outer loop
      vertex -3.6728411614447087 -1.7066744864787435 -1.7
      vertex -3.5860969038955006 1.8821288467772617 -1.7
      vertex -3.6728411614447087 1.7066744864787435 -1.7
    endloop
  endfacet
  facet normal 0 0 1
    outer loop
      vertex -3.5860969038955006 -1.8821288467772617 -1.7
      vertex -3.4909771508641994 2.0531874079450403 -1.7
      vertex -3.5860969038955006 1.8821288467772617 -1.7
    endloop
  endfacet
  facet normal 0 0 1
    outer loop
      vertex -3.4909771508641994 -2.0531874079450403 -1.7
      vertex -3.3877040589414182 2.219450654786413 -1.7
      vertex -3.4909771508641994 2.0531874079450403 -1.7
    endloop
  endfacet
  facet normal 0 0 1
    outer loop
      vertex -3.3877040589414182 -2.219450654786413 -1.7
      vertex -3.276518827218537 2.380530271784516 -1.7
      vertex -3.3877040589414182 2.219450654786413 -1.7
    endloop
  endfacet
  facet normal 0 0 1
    outer loop
      vertex -3.276518827218537 -2.380530271784516 -1.7
      vertex -3.15768113395605 2.536050050030171 -1.7
      vertex -3.276518827218537 2.380530271784516 -1.7
    endloop
  endfacet
  facet normal 0 0 1
    outer loop
      vertex -3.15768113395605 -2.536050050030171 -1.7
      vertex -3.0314685300929587 2.6856467658752208 -1.7
      vertex -3.15768113395605 2.536050050030171 -1.7
    endloop
  endfacet
  facet normal 0 0 1
    outer loop
      vertex -3.0314685300929587 -2.6856467658752208 -1.7
      vertex -2.8981757910136894 2.8289710292581955 -1.7
      vertex -3.0314685300929587 2.6856467658752208 -1.7
    endloop
  endfacet
  facet normal 0 0 1
    outer loop
      vertex -2.8981757910136894 -2.8289710292581955 -1.7
      vertex -2.7581142280865287 2.965688099720982 -1.7
      vertex -2.8981757910136894 2.8289710292581955 -1.7
    endloop
  endfacet
  facet normal 0 0 1
    outer loop
      vertex -2.7581142280865287 -2.965688099720982 -1.7
      vertex -2.611610961581491 3.0954786682106854 -1.7
      vertex -2.7581142280865287 2.965688099720982 -1.7
    endloop
  endfacet
  facet normal 0 0 1
    outer loop
      vertex -2.611610961581491 -3.0954786682106854 -1.7
      vertex -2.4590081566657807 3.2180396028407046 -1.7
      vertex -2.611610961581491 3.0954786682106854 -1.7
    endloop
  endfacet
  facet normal 0.9997080140801929 -0.024163745236131885 -6.189483380460098e-20
    outer loop
      vertex -4.05 0 -1.7
      vertex -4.045270518670923 0.1956691870783039 -1.7
      vertex -4.045270518670923 0.1956691870783039 2.5
    endloop
  endfacet
  facet normal 0.9973731496914912 -0.07243480016176113 -2.0447938210708128e-19
    outer loop
      vertex -4.045270518670923 0.1956691870783039 -1.7
      vertex -4.031093120606477 0.3908813797037868 -1.7
      vertex -4.031093120606477 0.3908813797037868 2.5
    endloop
  endfacet
  facet normal 0.9927088740980542 -0.1205366802553228 -2.647318443534026e-19
    outer loop
      vertex -4.031093120606477 0.3908813797037868 -1.7
      vertex -4.007500917776757 0.5851806507553472 -1.7
      vertex -4.007500917776757 0.5851806507553472 2.5
    endloop
  endfacet
  facet normal 0.9857260809316505 -0.16835704134704074 5.384001531847141e-20
    outer loop
      vertex -4.007500917776757 0.5851806507553472 -1.7
      vertex -3.9745490108646244 0.7781132052825181 -1.7
      vertex -3.9745490108646244 0.7781132052825181 2.5
    endloop
  endfacet
  facet normal 0.9764410788292721 -0.2157841967678062 -5.966226603944904e-19
    outer loop
      vertex -3.9745490108646244 0.7781132052825181 -1.7
      vertex -3.9323143605755106 0.9692284403646083 -1.7
      vertex -3.9323143605755106 0.9692284403646083 2.5
    endloop
  endfacet
  facet normal 0.9648755533435516 -0.26270737819858636 -6.516226852510474e-19
    outer loop
      vertex -3.9323143605755106 0.9692284403646083 -1.7
      vertex -3.880895607892123 1.1580799975146914 -1.7
      vertex -3.880895607892123 1.1580799975146914 2.5
    endloop
  endfacet
  facet normal 0.9510565162951536 -0.3090169943749475 -9.679653421901336e-19
    outer loop
      vertex -3.880895607892123 1.1580799975146914 -1.7
      vertex -3.8204128436938594 1.3442268051705404 -1.7
      vertex -3.8204128436938594 1.3442268051705404 2.5
    endloop
  endfacet
  facet normal 0.935016242685415 -0.35460488704253507 -6.915101769777215e-19
    outer loop
      vertex -3.8204128436938594 1.3442268051705404 -1.7
      vertex -3.7510073282789946 1.5272341088376984 -1.7
      vertex -3.7510073282789946 1.5272341088376984 2.5
    endloop
  endfacet
  facet normal 0.9167921953165823 -0.3993645835656958 -7.075347067363963e-20
    outer loop
      vertex -3.7510073282789946 1.5272341088376984 -1.7
      vertex -3.6728411614447087 1.7066744864787435 -1.7
      vertex -3.6728411614447087 1.7066744864787435 2.5
    endloop
  endfacet
  facet normal 0.8964269372957038 -0.443191545599241 2.394331909358939e-19
    outer loop
      vertex -3.6728411614447087 1.7066744864787435 -1.7
      vertex -3.5860969038955006 1.8821288467772617 -1.7
      vertex -3.5860969038955006 1.8821288467772617 2.5
    endloop
  endfacet
  facet normal 0.8739680326265168 -0.48598341324260813 -1.4427409809770625e-18
    outer loop
      vertex -3.5860969038955006 1.8821288467772617 -1.7
      vertex -3.4909771508641994 2.0531874079450403 -1.7
      vertex -3.4909771508641994 2.0531874079450403 2.5
    endloop
  endfacet
  facet normal 0.8494679351215213 -0.5276402441061323 -1.935283741919213e-18
    outer loop
      vertex -3.4909771508641994 2.0531874079450403 -1.7
      vertex -3.3877040589414182 2.219450654786413 -1.7
      vertex -3.3877040589414182 2.219450654786413 2.5
    endloop
  endfacet
  facet normal 0.8229838658936574 -0.5680647467311544 -4.288924957173279e-20
    outer loop
      vertex -3.3877040589414182 2.219450654786413 -1.7
      vertex -3.276518827218537 2.380530271784516 -1.7
      vertex -3.276518827218537 2.380530271784516 2.5
    endloop
  endfacet
  facet normal 0.794577679713754 -0.6071625078187115 1.5277175882385322e-18
    outer loop
      vertex -3.276518827218537 2.380530271784516 -1.7
      vertex -3.15768113395605 2.536050050030171 -1.7
      vertex -3.15768113395605 2.536050050030171 2.5
    endloop
  endfacet
  facet normal 0.7643157205458473 -0.6448422127361718 -1.768079953185287e-18
    outer loop
      vertex -3.15768113395605 2.536050050030171 -1.7
      vertex -3.0314685300929587 2.6856467658752208 -1.7
      vertex -3.0314685300929587 2.6856467658752208 2.5
    endloop
  endfacet
  facet normal 0.7322686665977741 -0.6810158587867963 7.256879693844703e-19
    outer loop
      vertex -3.0314685300929587 2.6856467658752208 -1.7
      vertex -2.8981757910136894 2.8289710292581955 -1.7
      vertex -2.8981757910136894 2.8289710292581955 2.5
    endloop
  endfacet
  facet normal 0.698511365248936 -0.7155989607441221 -1.5850313820469759e-18
    outer loop
      vertex -2.8981757910136894 2.8289710292581955 -1.7
      vertex -2.7581142280865287 2.965688099720982 -1.7
      vertex -2.7581142280865287 2.965688099720982 2.5
    endloop
  endfacet
  facet normal 0.6631226582407967 -0.7485107481710999 -2.7317456281926633e-19
    outer loop
      vertex -2.7581142280865287 2.965688099720982 -1.7
      vertex -2.611610961581491 3.0954786682106854 -1.7
      vertex -2.611610961581491 3.0954786682106854 2.5
    endloop
  endfacet
  facet normal 0.6261851975383143 -0.779674354063222 -1.8597424057503144e-18
    outer loop
      vertex -2.611610961581491 3.0954786682106854 -1.7
      vertex -2.4590081566657807 3.2180396028407046 -1.7
      vertex -2.4590081566657807 3.2180396028407046 2.5
    endloop
  endfacet
  facet normal 0 0 1
    outer loop
      vertex -2.136942988629837 -3.44034513724216 -1.7
      vertex -2.0476060650062693 0.09904242802728963 -1.7
      vertex -1.968232823632555 3.539570532137397 -1.7
    endloop
  endfacet
  facet normal 0 0 1
    outer loop
      vertex -2.4590081566657807 -3.2180396028407046 -1.7
      vertex -2.3006622242611803 3.3330846568693087 -1.7
      vertex -2.4590081566657807 3.2180396028407046 -1.7
    endloop
  endfacet
  facet normal 0 0 1
    outer loop
      vertex -2.3006622242611803 -3.3330846568693087 -1.7
      vertex -2.136942988629837 3.44034513724216 -1.7
      vertex -2.3006622242611803 3.3330846568693087 -1.7
    endloop
  endfacet
  facet normal 0 0 1
    outer loop
      vertex -2.136942988629837 -3.44034513724216 -1.7
      vertex -1.968232823632555 3.539570532137397 -1.7
      vertex -2.136942988629837 3.44034513724216 -1.7
    endloop
  endfacet
  facet normal 0 0 1
    outer loop
      vertex -2.0476060650062693 0.09904242802728963 -1.7
      vertex -2.0404298511711794 0.19785353787475626 -1.7
      vertex -1.968232823632555 3.539570532137397 -1.7
    endloop
  endfacet
  facet normal 0 0 1
    outer loop
      vertex -2.0404298511711794 0.19785353787475626 -1.7
      vertex -2.0284881188746544 0.2962025516169041 -1.7
      vertex -1.968232823632555 3.539570532137397 -1.7
    endloop
  endfacet
  facet normal 0 0 1
    outer loop
      vertex -2.0284881188746544 0.2962025516169041 -1.7
      vertex -2.0118087585857976 0.3938597705751018 -1.7
      vertex -1.968232823632555 3.539570532137397 -1.7
    endloop
  endfacet
  facet normal 0 0 1
    outer loop
      vertex -2.0118087585857976 0.3938597705751018 -1.7
      vertex -1.9904307257234064 0.4905971117894931 -1.7
      vertex -1.968232823632555 3.539570532137397 -1.7
    endloop
  endfacet
  facet normal 0 0 1
    outer loop
      vertex -1.9904307257234064 0.4905971117894931 -1.7
      vertex -1.9644039496737906 0.5861886407173129 -1.7
      vertex -1.968232823632555 3.539570532137397 -1.7
    endloop
  endfacet
  facet normal 0 0 1
    outer loop
      vertex -1.9644039496737906 0.5861886407173129 -1.7
      vertex -1.933789217178373 0.6804110989134834 -1.7
      vertex -1.968232823632555 3.539570532137397 -1.7
    endloop
  endfacet
  facet normal 0 0 1
    outer loop
      vertex -1.933789217178373 0.6804110989134834 -1.7
      vertex -1.8986580303634415 0.7730444254610571 -1.7
      vertex -1.968232823632555 3.539570532137397 -1.7
    endloop
  endfacet
  facet normal 0 0 1
    outer loop
      vertex -1.8986580303634415 0.7730444254610571 -1.7
      vertex -1.859092439743618 0.8638722709336849 -1.7
      vertex -1.7949257596769272 3.6305290960476 -1.7
    endloop
  endfacet
  facet normal 0 0 1
    outer loop
      vertex -1.859092439743618 0.8638722709336849 -1.7
      vertex -1.8151848525890804 0.952682502689725 -1.7
      vertex -1.7949257596769272 3.6305290960476 -1.7
    endloop
  endfacet
  facet normal 0 0 1
    outer loop
      vertex -1.8151848525890804 0.952682502689725 -1.7
      vertex -1.7670378171041008 1.0392677003178599 -1.7
      vertex -1.7949257596769272 3.6305290960476 -1.7
    endloop
  endfacet
  facet normal 0 0 1
    outer loop
      vertex -1.7670378171041008 1.0392677003178599 -1.7
      vertex -1.7147637829209648 1.1234256400770732 -1.7
      vertex -1.7949257596769272 3.6305290960476 -1.7
    endloop
  endfacet
  facet normal 0 0 1
    outer loop
      vertex -1.7147637829209648 1.1234256400770732 -1.7
      vertex -1.6584848384686421 1.2049597671995698 -1.7
      vertex -1.6174265634410667 3.7130083910321585 -1.7
    endloop
  endfacet
  facet normal 0 0 1
    outer loop
      vertex -1.6584848384686421 1.2049597671995698 -1.7
      vertex -1.5983324258296054 1.2836796549535432 -1.7
      vertex -1.6174265634410667 3.7130083910321585 -1.7
    endloop
  endfacet
  facet normal 0 0 1
    outer loop
      vertex -1.5983324258296054 1.2836796549535432 -1.7
      vertex -1.5344470337507568 1.3594014493936302 -1.7
      vertex -1.6174265634410667 3.7130083910321585 -1.7
    endloop
  endfacet
  facet normal 0 0 1
    outer loop
      vertex -1.5344470337507568 1.3594014493936302 -1.7
      vertex -1.4669778695254476 1.4319482987603211 -1.7
      vertex -1.4361497925222695 3.78681578287593 -1.7
    endloop
  endfacet
  facet normal 0 0 1
    outer loop
      vertex -1.4669778695254476 1.4319482987603211 -1.7
      vertex -1.3960825105129342 1.5011507665254353 -1.7
      vertex -1.4361497925222695 3.78681578287593 -1.7
    endloop
  endfacet
  facet normal 0 0 1
    outer loop
      vertex -1.3960825105129342 1.5011507665254353 -1.7
      vertex -1.32192653610915 1.5668472271189888 -1.7
      vertex -1.4361497925222695 3.78681578287593 -1.7
    endloop
  endfacet
  facet normal 0 0 1
    outer loop
      vertex -1.32192653610915 1.5668472271189888 -1.7
      vertex -1.244683141028358 1.628884243413196 -1.7
      vertex -1.251518827218537 3.8517788909953716 -1.7
    endloop
  endfacet
  facet normal 0 0 1
    outer loop
      vertex -1.244683141028358 1.628884243413196 -1.7
      vertex -1.164532730798869 1.6871169250819955 -1.7
      vertex -1.251518827218537 3.8517788909953716 -1.7
    endloop
  endfacet
  facet normal 0 0 1
    outer loop
      vertex -1.8986580303634415 0.7730444254610571 -1.7
      vertex -1.7949257596769272 3.6305290960476 -1.7
      vertex -1.968232823632555 3.539570532137397 -1.7
    endloop
  endfacet
  facet normal 0 0 1
    outer loop
      vertex -1.7147637829209648 1.1234256400770732 -1.7
      vertex -1.6174265634410667 3.7130083910321585 -1.7
      vertex -1.7949257596769272 3.6305290960476 -1.7
    endloop
  endfacet
  facet normal 0 0 1
    outer loop
      vertex -1.5344470337507568 1.3594014493936302 -1.7
      vertex -1.4361497925222695 3.78681578287593 -1.7
      vertex -1.6174265634410667 3.7130083910321585 -1.7
    endloop
  endfacet
  facet normal 0 0 1
    outer loop
      vertex -1.32192653610915 1.5668472271189888 -1.7
      vertex -1.251518827218537 3.8517788909953716 -1.7
      vertex -1.4361497925222695 3.78681578287593 -1.7
    endloop
  endfacet
  facet normal 0 0 1
    outer loop
      vertex -1.164532730798869 1.6871169250819955 -1.7
      vertex -1.0816625004175717 1.7414092669991181 -1.7
      vertex -1.0639648817042768 3.9077459910413834 -1.7
    endloop
  endfacet
  facet normal 0 0 1
    outer loop
      vertex -1.0816625004175717 1.7414092669991181 -1.7
      vertex -0.9962659971473427 1.7916344668843616 -1.7
      vertex -1.0639648817042768 3.9077459910413834 -1.7
    endloop
  endfacet
  facet normal 0 0 1
    outer loop
      vertex -0.9962659971473427 1.7916344668843616 -1.7
      vertex -0.9085426684784446 1.8376752214561927 -1.7
      vertex -0.8739259969096151 3.9545863692585517 -1.7
    endloop
  endfacet
  facet normal 0 0 1
    outer loop
      vertex -0.9085426684784446 1.8376752214561927 -1.7
      vertex -0.8186973963096756 1.8794240003989937 -1.7
      vertex -0.8739259969096151 3.9545863692585517 -1.7
    endloop
  endfacet
  facet normal 0 0 1
    outer loop
      vertex -0.8186973963096756 1.8794240003989937 -1.7
      vertex -0.726940018437198 1.9167832975051002 -1.7
      vertex -0.6818460174555062 3.9921906277731862 -1.7
    endloop
  endfacet
  facet normal 0 0 1
    outer loop
      vertex -0.726940018437198 1.9167832975051002 -1.7
      vertex -0.6334848384686421 1.9496658584050646 -1.7
      vertex -0.6818460174555062 3.9921906277731862 -1.7
    endloop
  endfacet
  facet normal 0 0 1
    outer loop
      vertex -0.6334848384686421 1.9496658584050646 -1.7
      vertex -0.538550125307103 1.9779948843542803 -1.7
      vertex -0.6818460174555062 3.9921906277731862 -1.7
    endloop
  endfacet
  facet normal 0 0 1
    outer loop
      vertex -1.164532730798869 1.6871169250819955 -1.7
      vertex -1.0639648817042768 3.9077459910413834 -1.7
      vertex -1.251518827218537 3.8517788909953716 -1.7
    endloop
  endfacet
  facet normal 0 0 1
    outer loop
      vertex -0.9962659971473427 1.7916344668843616 -1.7
      vertex -0.8739259969096151 3.9545863692585517 -1.7
      vertex -1.0639648817042768 3.9077459910413834 -1.7
    endloop
  endfacet
  facet normal 0 0 1
    outer loop
      vertex -0.8186973963096756 1.8794240003989937 -1.7
      vertex -0.6818460174555062 3.9921906277731862 -1.7
      vertex -0.8739259969096151 3.9545863692585517 -1.7
    endloop
  endfacet
  facet normal 0 0 1
    outer loop
      vertex -0.538550125307103 1.9779948843542803 -1.7
      vertex -0.4423576033740027 2.0017042116000074 -1.7
      vertex -0.48817355503405807 4.020470940097119 -1.7
    endloop
  endfacet
  facet normal 0 0 1
    outer loop
      vertex -0.4423576033740027 2.0017042116000074 -1.7
      vertex -0.34513193476142906 2.020738465909884 -1.7
      vertex -0.48817355503405807 4.020470940097119 -1.7
    endloop
  endfacet
  facet normal 0 0 1
    outer loop
      vertex -0.34513193476142906 2.020738465909884 -1.7
      vertex -0.24710019452341211 2.0350531919010106 -1.7
      vertex -0.29336094065513807 4.039361256250539 -1.7
    endloop
  endfacet
  facet normal 0 0 1
    outer loop
      vertex -0.24710019452341211 2.0350531919010106 -1.7
      vertex -0.14849134033161307 2.044614956867557 -1.7
      vertex -0.29336094065513807 4.039361256250539 -1.7
    endloop
  endfacet
  facet normal 0 0 1
    outer loop
      vertex -0.14849134033161307 2.044614956867557 -1.7
      vertex -0.04953567773407126 2.049401428864395 -1.7
      vertex -0.09786316820633592 4.048817457024781 -1.7
    endloop
  endfacet
  facet normal 0 0 1
    outer loop
      vertex -0.04953567773407126 2.049401428864395 -1.7
      vertex 0.04953567773407126 2.049401428864395 -1.7
      vertex -0.09786316820633592 4.048817457024781 -1.7
    endloop
  endfacet
  facet normal 0 0 1
    outer loop
      vertex -0.538550125307103 1.9779948843542803 -1.7
      vertex -0.48817355503405807 4.020470940097119 -1.7
      vertex -0.6818460174555062 3.9921906277731862 -1.7
    endloop
  endfacet
  facet normal 0 0 1
    outer loop
      vertex -0.34513193476142906 2.020738465909884 -1.7
      vertex -0.29336094065513807 4.039361256250539 -1.7
      vertex -0.48817355503405807 4.020470940097119 -1.7
    endloop
  endfacet
  facet normal 0 0 1
    outer loop
      vertex -0.14849134033161307 2.044614956867557 -1.7
      vertex -0.09786316820633592 4.048817457024781 -1.7
      vertex -0.29336094065513807 4.039361256250539 -1.7
    endloop
  endfacet
  facet normal 0.5877852522924722 -0.8090169943749481 3.605837451066188e-19
    outer loop
      vertex -2.4590081566657807 3.2180396028407046 -1.7
      vertex -2.3006622242611803 3.3330846568693087 -1.7
      vertex -2.3006622242611803 3.3330846568693087 2.5
    endloop
  endfacet
  facet normal 0.5480125073546691 -0.8364701380102273 -1.2475287751603183e-18
    outer loop
      vertex -2.3006622242611803 3.3330846568693087 -1.7
      vertex -2.136942988629837 3.44034513724216 -1.7
      vertex -2.136942988629837 3.44034513724216 2.5
    endloop
  endfacet
  facet normal 0.5069598538135907 -0.8619696668800492 1.8372304904276936e-18
    outer loop
      vertex -2.136942988629837 3.44034513724216 -1.7
      vertex -1.968232823632555 3.539570532137397 -1.7
      vertex -1.968232823632555 3.539570532137397 2.5
    endloop
  endfacet
  facet normal 0.46472317204376984 -0.8854560256532091 -2.0278611263180334e-18
    outer loop
      vertex -1.968232823632555 3.539570532137397 -1.7
      vertex -1.7949257596769272 3.6305290960476 -1.7
      vertex -1.7949257596769272 3.6305290960476 2.5
    endloop
  endfacet
  facet normal 0.421401107772528 -0.906874360850546 1.9295748511837545e-19
    outer loop
      vertex -1.7949257596769272 3.6305290960476 -1.7
      vertex -1.6174265634410667 3.7130083910321585 -1.7
      vertex -1.6174265634410667 3.7130083910321585 2.5
    endloop
  endfacet
  facet normal 0.3770948416883226 -0.9261746489577757 -8.7610025028634e-19
    outer loop
      vertex -1.6174265634410667 3.7130083910321585 -1.7
      vertex -1.4361497925222695 3.78681578287593 -1.7
      vertex -1.4361497925222695 3.78681578287593 2.5
    endloop
  endfacet
  facet normal 0.33190785312852594 -0.943311813257744 1.053462483022569e-18
    outer loop
      vertex -1.4361497925222695 3.78681578287593 -1.7
      vertex -1.251518827218537 3.8517788909953716 -1.7
      vertex -1.251518827218537 3.8517788909953716 2.5
    endloop
  endfacet
  facet normal 0.28594567839869084 -0.9582458291091657 7.804993109190492e-19
    outer loop
      vertex -1.251518827218537 3.8517788909953716 -1.7
      vertex -1.0639648817042768 3.9077459910413834 -1.7
      vertex -1.0639648817042768 3.9077459910413834 2.5
    endloop
  endfacet
  facet normal 0.23931566428755713 -0.9709418174260523 4.870551536151448e-19
    outer loop
      vertex -1.0639648817042768 3.9077459910413834 -1.7
      vertex -0.8739259969096151 3.9545863692585517 -1.7
      vertex -0.8739259969096151 3.9545863692585517 2.5
    endloop
  endfacet
  facet normal 0.19212671735371004 -0.9813701261394131 -3.0106877535751016e-19
    outer loop
      vertex -0.8739259969096151 3.9545863692585517 -1.7
      vertex -0.6818460174555062 3.9921906277731862 -1.7
      vertex -0.6818460174555062 3.9921906277731862 2.5
    endloop
  endfacet
  facet normal 0.144489049569221 -0.9895063994510511 2.2938374165973587e-19
    outer loop
      vertex -0.6818460174555062 3.9921906277731862 -1.7
      vertex -0.48817355503405807 4.020470940097119 -1.7
      vertex -0.48817355503405807 4.020470940097119 2.5
    endloop
  endfacet
  facet normal 0.09651392091451684 -0.9953316347176484 -2.4934436670384635e-19
    outer loop
      vertex -0.48817355503405807 4.020470940097119 -1.7
      vertex -0.29336094065513807 4.039361256250539 -1.7
      vertex -0.29336094065513807 4.039361256250539 2.5
    endloop
  endfacet
  facet normal 0.04831337952550359 -0.9988322268323268 -1.162434287817332e-19
    outer loop
      vertex -0.29336094065513807 4.039361256250539 -1.7
      vertex -0.09786316820633592 4.048817457024781 -1.7
      vertex -0.09786316820633592 4.048817457024781 2.5
    endloop
  endfacet
  facet normal 0.9997080140801929 -0.024163745236131885 0
    outer loop
      vertex -4.05 0 -1.7
      vertex -4.045270518670923 0.1956691870783039 2.5
      vertex -4.05 0 2.5
    endloop
  endfacet
  facet normal 0.9973731496914912 -0.07243480016176113 0
    outer loop
      vertex -4.045270518670923 0.1956691870783039 -1.7
      vertex -4.031093120606477 0.3908813797037868 2.5
      vertex -4.045270518670923 0.1956691870783039 2.5
    endloop
  endfacet
  facet normal 0.9927088740980542 -0.1205366802553228 0
    outer loop
      vertex -4.031093120606477 0.3908813797037868 -1.7
      vertex -4.007500917776757 0.5851806507553472 2.5
      vertex -4.031093120606477 0.3908813797037868 2.5
    endloop
  endfacet
  facet normal 0.9857260809316505 -0.16835704134704074 0
    outer loop
      vertex -4.007500917776757 0.5851806507553472 -1.7
      vertex -3.9745490108646244 0.7781132052825181 2.5
      vertex -4.007500917776757 0.5851806507553472 2.5
    endloop
  endfacet
  facet normal 0.9764410788292721 -0.2157841967678062 0
    outer loop
      vertex -3.9745490108646244 0.7781132052825181 -1.7
      vertex -3.9323143605755106 0.9692284403646083 2.5
      vertex -3.9745490108646244 0.7781132052825181 2.5
    endloop
  endfacet
  facet normal 0.9648755533435516 -0.26270737819858636 0
    outer loop
      vertex -3.9323143605755106 0.9692284403646083 -1.7
      vertex -3.880895607892123 1.1580799975146914 2.5
      vertex -3.9323143605755106 0.9692284403646083 2.5
    endloop
  endfacet
  facet normal 0.9510565162951536 -0.3090169943749475 0
    outer loop
      vertex -3.880895607892123 1.1580799975146914 -1.7
      vertex -3.8204128436938594 1.3442268051705404 2.5
      vertex -3.880895607892123 1.1580799975146914 2.5
    endloop
  endfacet
  facet normal 0.935016242685415 -0.35460488704253507 0
    outer loop
      vertex -3.8204128436938594 1.3442268051705404 -1.7
      vertex -3.7510073282789946 1.5272341088376984 2.5
      vertex -3.8204128436938594 1.3442268051705404 2.5
    endloop
  endfacet
  facet normal 0.9167921953165823 -0.3993645835656958 0
    outer loop
      vertex -3.7510073282789946 1.5272341088376984 -1.7
      vertex -3.6728411614447087 1.7066744864787435 2.5
      vertex -3.7510073282789946 1.5272341088376984 2.5
    endloop
  endfacet
  facet normal 0.8964269372957038 -0.443191545599241 0
    outer loop
      vertex -3.6728411614447087 1.7066744864787435 -1.7
      vertex -3.5860969038955006 1.8821288467772617 2.5
      vertex -3.6728411614447087 1.7066744864787435 2.5
    endloop
  endfacet
  facet normal 0.8739680326265168 -0.48598341324260813 0
    outer loop
      vertex -3.5860969038955006 1.8821288467772617 -1.7
      vertex -3.4909771508641994 2.0531874079450403 2.5
      vertex -3.5860969038955006 1.8821288467772617 2.5
    endloop
  endfacet
  facet normal 0.8494679351215213 -0.5276402441061323 0
    outer loop
      vertex -3.4909771508641994 2.0531874079450403 -1.7
      vertex -3.3877040589414182 2.219450654786413 2.5
      vertex -3.4909771508641994 2.0531874079450403 2.5
    endloop
  endfacet
  facet normal 0.8229838658936574 -0.5680647467311544 0
    outer loop
      vertex -3.3877040589414182 2.219450654786413 -1.7
      vertex -3.276518827218537 2.380530271784516 2.5
      vertex -3.3877040589414182 2.219450654786413 2.5
    endloop
  endfacet
  facet normal 0.794577679713754 -0.6071625078187115 0
    outer loop
      vertex -3.276518827218537 2.380530271784516 -1.7
      vertex -3.15768113395605 2.536050050030171 2.5
      vertex -3.276518827218537 2.380530271784516 2.5
    endloop
  endfacet
  facet normal 0.7643157205458473 -0.6448422127361718 0
    outer loop
      vertex -3.15768113395605 2.536050050030171 -1.7
      vertex -3.0314685300929587 2.6856467658752208 2.5
      vertex -3.15768113395605 2.536050050030171 2.5
    endloop
  endfacet
  facet normal 0.7322686665977741 -0.6810158587867963 0
    outer loop
      vertex -3.0314685300929587 2.6856467658752208 -1.7
      vertex -2.8981757910136894 2.8289710292581955 2.5
      vertex -3.0314685300929587 2.6856467658752208 2.5
    endloop
  endfacet
  facet normal 0.698511365248936 -0.7155989607441221 0
    outer loop
      vertex -2.8981757910136894 2.8289710292581955 -1.7
      vertex -2.7581142280865287 2.965688099720982 2.5
      vertex -2.8981757910136894 2.8289710292581955 2.5
    endloop
  endfacet
  facet normal 0.6631226582407967 -0.7485107481710999 0
    outer loop
      vertex -2.7581142280865287 2.965688099720982 -1.7
      vertex -2.611610961581491 3.0954786682106854 2.5
      vertex -2.7581142280865287 2.965688099720982 2.5
    endloop
  endfacet
  facet normal 0.6261851975383143 -0.779674354063222 0
    outer loop
      vertex -2.611610961581491 3.0954786682106854 -1.7
      vertex -2.4590081566657807 3.2180396028407046 2.5
      vertex -2.611610961581491 3.0954786682106854 2.5
    endloop
  endfacet
  facet normal 0.5877852522924722 -0.8090169943749481 0
    outer loop
      vertex -2.4590081566657807 3.2180396028407046 -1.7
      vertex -2.3006622242611803 3.3330846568693087 2.5
      vertex -2.4590081566657807 3.2180396028407046 2.5
    endloop
  endfacet
  facet normal 0.5480125073546691 -0.8364701380102273 0
    outer loop
      vertex -2.3006622242611803 3.3330846568693087 -1.7
      vertex -2.136942988629837 3.44034513724216 2.5
      vertex -2.3006622242611803 3.3330846568693087 2.5
    endloop
  endfacet
  facet normal 0.5069598538135907 -0.8619696668800492 0
    outer loop
      vertex -2.136942988629837 3.44034513724216 -1.7
      vertex -1.968232823632555 3.539570532137397 2.5
      vertex -2.136942988629837 3.44034513724216 2.5
    endloop
  endfacet
  facet normal 0.46472317204376984 -0.8854560256532091 0
    outer loop
      vertex -1.968232823632555 3.539570532137397 -1.7
      vertex -1.7949257596769272 3.6305290960476 2.5
      vertex -1.968232823632555 3.539570532137397 2.5
    endloop
  endfacet
  facet normal 0.421401107772528 -0.906874360850546 0
    outer loop
      vertex -1.7949257596769272 3.6305290960476 -1.7
      vertex -1.6174265634410667 3.7130083910321585 2.5
      vertex -1.7949257596769272 3.6305290960476 2.5
    endloop
  endfacet
  facet normal 0.3770948416883226 -0.9261746489577757 0
    outer loop
      vertex -1.6174265634410667 3.7130083910321585 -1.7
      vertex -1.4361497925222695 3.78681578287593 2.5
      vertex -1.6174265634410667 3.7130083910321585 2.5
    endloop
  endfacet
  facet normal 0.33190785312852594 -0.943311813257744 0
    outer loop
      vertex -1.4361497925222695 3.78681578287593 -1.7
      vertex -1.251518827218537 3.8517788909953716 2.5
      vertex -1.4361497925222695 3.78681578287593 2.5
    endloop
  endfacet
  facet normal 0.28594567839869084 -0.9582458291091657 0
    outer loop
      vertex -1.251518827218537 3.8517788909953716 -1.7
      vertex -1.0639648817042768 3.9077459910413834 2.5
      vertex -1.251518827218537 3.8517788909953716 2.5
    endloop
  endfacet
  facet normal 0.23931566428755713 -0.9709418174260523 0
    outer loop
      vertex -1.0639648817042768 3.9077459910413834 -1.7
      vertex -0.8739259969096151 3.9545863692585517 2.5
      vertex -1.0639648817042768 3.9077459910413834 2.5
    endloop
  endfacet
  facet normal 0.19212671735371004 -0.9813701261394131 0
    outer loop
      vertex -0.8739259969096151 3.9545863692585517 -1.7
      vertex -0.6818460174555062 3.9921906277731862 2.5
      vertex -0.8739259969096151 3.9545863692585517 2.5
    endloop
  endfacet
  facet normal 0.144489049569221 -0.9895063994510511 0
    outer loop
      vertex -0.6818460174555062 3.9921906277731862 -1.7
      vertex -0.48817355503405807 4.020470940097119 2.5
      vertex -0.6818460174555062 3.9921906277731862 2.5
    endloop
  endfacet
  facet normal 0.09651392091451684 -0.9953316347176484 0
    outer loop
      vertex -0.48817355503405807 4.020470940097119 -1.7
      vertex -0.29336094065513807 4.039361256250539 2.5
      vertex -0.48817355503405807 4.020470940097119 2.5
    endloop
  endfacet
  facet normal 0.04831337952550359 -0.9988322268323268 0
    outer loop
      vertex -0.29336094065513807 4.039361256250539 -1.7
      vertex -0.09786316820633592 4.048817457024781 2.5
      vertex -0.29336094065513807 4.039361256250539 2.5
    endloop
  endfacet
  facet normal 0 -1 0
    outer loop
      vertex -0.09786316820633592 4.048817457024781 -1.7
      vertex 0.09786316820633592 4.048817457024781 2.5
      vertex -0.09786316820633592 4.048817457024781 2.5
    endloop
  endfacet
  facet normal 0 0 1
    outer loop
      vertex 0.09786316820633391 -4.048817457024781 -1.7
      vertex 0.293360940655136 -4.039361256250539 -1.7
      vertex 0.14849134033161207 -2.044614956867557 -1.7
    endloop
  endfacet
  facet normal 0 0 1
    outer loop
      vertex 0.293360940655136 -4.039361256250539 -1.7
      vertex 0.4881735550340571 -4.020470940097119 -1.7
      vertex 0.34513193476142856 -2.020738465909884 -1.7
    endloop
  endfacet
  facet normal 0 0 1
    outer loop
      vertex 0.4881735550340571 -4.020470940097119 -1.7
      vertex 0.6818460174555052 -3.9921906277731862 -1.7
      vertex 0.538550125307103 -1.9779948843542803 -1.7
    endloop
  endfacet
  facet normal 0 0 1
    outer loop
      vertex -0.04953567773406974 -2.049401428864395 -1.7
      vertex 0.09786316820633391 -4.048817457024781 -1.7
      vertex 0.04953567773407025 -2.049401428864395 -1.7
    endloop
  endfacet
  facet normal 0 0 1
    outer loop
      vertex 0.09786316820633391 -4.048817457024781 -1.7
      vertex 0.14849134033161207 -2.044614956867557 -1.7
      vertex 0.04953567773407025 -2.049401428864395 -1.7
    endloop
  endfacet
  facet normal 0 0 1
    outer loop
      vertex 0.293360940655136 -4.039361256250539 -1.7
      vertex 0.24710019452341164 -2.0350531919010106 -1.7
      vertex 0.14849134033161207 -2.044614956867557 -1.7
    endloop
  endfacet
  facet normal 0 0 1
    outer loop
      vertex 0.293360940655136 -4.039361256250539 -1.7
      vertex 0.34513193476142856 -2.020738465909884 -1.7
      vertex 0.24710019452341164 -2.0350531919010106 -1.7
    endloop
  endfacet
  facet normal 0 0 1
    outer loop
      vertex 0.4881735550340571 -4.020470940097119 -1.7
      vertex 0.44235760337400226 -2.0017042116000074 -1.7
      vertex 0.34513193476142856 -2.020738465909884 -1.7
    endloop
  endfacet
  facet normal 0 0 1
    outer loop
      vertex 0.4881735550340571 -4.020470940097119 -1.7
      vertex 0.538550125307103 -1.9779948843542803 -1.7
      vertex 0.44235760337400226 -2.0017042116000074 -1.7
    endloop
  endfacet
  facet normal 0 0 1
    outer loop
      vertex 0.6818460174555052 -3.9921906277731862 -1.7
      vertex 0.8739259969096143 -3.9545863692585517 -1.7
      vertex 0.8186973963096761 -1.8794240003989935 -1.7
    endloop
  endfacet
  facet normal 0 0 1
    outer loop
      vertex 0.8739259969096143 -3.9545863692585517 -1.7
      vertex 1.0639648817042768 -3.9077459910413834 -1.7
      vertex 0.996265997147343 -1.7916344668843613 -1.7
    endloop
  endfacet
  facet normal 0 0 1
    outer loop
      vertex 1.0639648817042768 -3.9077459910413834 -1.7
      vertex 1.251518827218537 -3.8517788909953716 -1.7
      vertex 1.16453273079887 -1.6871169250819948 -1.7
    endloop
  endfacet
  facet normal 0 0 1
    outer loop
      vertex 0.6818460174555052 -3.9921906277731862 -1.7
      vertex 0.6334848384686421 -1.9496658584050646 -1.7
      vertex 0.538550125307103 -1.9779948843542803 -1.7
    endloop
  endfacet
  facet normal 0 0 1
    outer loop
      vertex 0.6818460174555052 -3.9921906277731862 -1.7
      vertex 0.726940018437198 -1.9167832975051002 -1.7
      vertex 0.6334848384686421 -1.9496658584050646 -1.7
    endloop
  endfacet
  facet normal 0 0 1
    outer loop
      vertex 0.6818460174555052 -3.9921906277731862 -1.7
      vertex 0.8186973963096761 -1.8794240003989935 -1.7
      vertex 0.726940018437198 -1.9167832975051002 -1.7
    endloop
  endfacet
  facet normal 0 0 1
    outer loop
      vertex 0.8739259969096143 -3.9545863692585517 -1.7
      vertex 0.908542668478445 -1.8376752214561924 -1.7
      vertex 0.8186973963096761 -1.8794240003989935 -1.7
    endloop
  endfacet
  facet normal 0 0 1
    outer loop
      vertex 0.8739259969096143 -3.9545863692585517 -1.7
      vertex 0.996265997147343 -1.7916344668843613 -1.7
      vertex 0.908542668478445 -1.8376752214561924 -1.7
    endloop
  endfacet
  facet normal 0 0 1
    outer loop
      vertex 1.0639648817042768 -3.9077459910413834 -1.7
      vertex 1.0816625004175724 -1.7414092669991177 -1.7
      vertex 0.996265997147343 -1.7916344668843613 -1.7
    endloop
  endfacet
  facet normal 0 0 1
    outer loop
      vertex 1.0639648817042768 -3.9077459910413834 -1.7
      vertex 1.16453273079887 -1.6871169250819948 -1.7
      vertex 1.0816625004175724 -1.7414092669991177 -1.7
    endloop
  endfacet
  facet normal 0 0 1
    outer loop
      vertex 1.251518827218537 -3.8517788909953716 -1.7
      vertex 1.4361497925222695 -3.78681578287593 -1.7
      vertex 1.3219265361091492 -1.5668472271189895 -1.7
    endloop
  endfacet
  facet normal 0 0 1
    outer loop
      vertex 1.4361497925222695 -3.78681578287593 -1.7
      vertex 1.6174265634410676 -3.713008391032158 -1.7
      vertex 1.5344470337507568 -1.3594014493936302 -1.7
    endloop
  endfacet
  facet normal 0 0 1
    outer loop
      vertex 1.6174265634410676 -3.713008391032158 -1.7
      vertex 1.7949257596769281 -3.6305290960475998 -1.7
      vertex 1.7147637829209648 -1.1234256400770732 -1.7
    endloop
  endfacet
  facet normal 0 0 1
    outer loop
      vertex 1.7949257596769281 -3.6305290960475998 -1.7
      vertex 1.9682328236325557 -3.5395705321373967 -1.7
      vertex 1.898658030363442 -0.7730444254610561 -1.7
    endloop
  endfacet
  facet normal -0.048313379525503596 0.9988322268323268 -2.234942764444488e-18
    outer loop
      vertex 0.09786316820633391 -4.048817457024781 -1.7
      vertex 0.09786316820633371 -4.048817457024781 2.5
      vertex 0.293360940655136 -4.039361256250539 -1.7
    endloop
  endfacet
  facet normal -0.0965139209145163 0.9953316347176485 0
    outer loop
      vertex 0.293360940655136 -4.039361256250539 -1.7
      vertex 0.293360940655136 -4.039361256250539 2.5
      vertex 0.4881735550340571 -4.020470940097119 -1.7
    endloop
  endfacet
  facet normal -0.14448904956922104 0.9895063994510511 0
    outer loop
      vertex 0.4881735550340571 -4.020470940097119 -1.7
      vertex 0.4881735550340571 -4.020470940097119 2.5
      vertex 0.6818460174555052 -3.9921906277731862 -1.7
    endloop
  endfacet
  facet normal -0.19212671735370992 0.9813701261394132 0
    outer loop
      vertex 0.6818460174555052 -3.9921906277731862 -1.7
      vertex 0.6818460174555052 -3.9921906277731862 2.5
      vertex 0.8739259969096143 -3.9545863692585517 -1.7
    endloop
  endfacet
  facet normal -0.23931566428755605 0.9709418174260525 0
    outer loop
      vertex 0.8739259969096143 -3.9545863692585517 -1.7
      vertex 0.8739259969096143 -3.9545863692585517 2.5
      vertex 1.0639648817042768 -3.9077459910413834 -1.7
    endloop
  endfacet
  facet normal -0.28594567839869084 0.9582458291091657 0
    outer loop
      vertex 1.0639648817042768 -3.9077459910413834 -1.7
      vertex 1.0639648817042768 -3.9077459910413834 2.5
      vertex 1.251518827218537 -3.8517788909953716 -1.7
    endloop
  endfacet
  facet normal -0.33190785312852594 0.943311813257744 0
    outer loop
      vertex 1.251518827218537 -3.8517788909953716 -1.7
      vertex 1.251518827218537 -3.8517788909953716 2.5
      vertex 1.4361497925222695 -3.78681578287593 -1.7
    endloop
  endfacet
  facet normal -0.3770948416883229 0.9261746489577755 0
    outer loop
      vertex 1.4361497925222695 -3.78681578287593 -1.7
      vertex 1.4361497925222695 -3.78681578287593 2.5
      vertex 1.6174265634410676 -3.713008391032158 -1.7
    endloop
  endfacet
  facet normal -0.421401107772528 0.906874360850546 0
    outer loop
      vertex 1.6174265634410676 -3.713008391032158 -1.7
      vertex 1.6174265634410676 -3.713008391032158 2.5
      vertex 1.7949257596769281 -3.6305290960475998 -1.7
    endloop
  endfacet
  facet normal -0.4647231720437703 0.8854560256532089 0
    outer loop
      vertex 1.7949257596769281 -3.6305290960475998 -1.7
      vertex 1.7949257596769281 -3.6305290960475998 2.5
      vertex 1.9682328236325557 -3.5395705321373967 -1.7
    endloop
  endfacet
  facet normal -0.5069598538135909 0.8619696668800491 0
    outer loop
      vertex 1.9682328236325557 -3.5395705321373967 -1.7
      vertex 1.9682328236325557 -3.5395705321373967 2.5
      vertex 2.1369429886298383 -3.440345137242159 -1.7
    endloop
  endfacet
  facet normal -0.5480125073546686 0.8364701380102277 0
    outer loop
      vertex 2.1369429886298383 -3.440345137242159 -1.7
      vertex 2.1369429886298383 -3.440345137242159 2.5
      vertex 2.3006622242611825 -3.3330846568693073 -1.7
    endloop
  endfacet
  facet normal -0.5877852522924731 0.8090169943749475 0
    outer loop
      vertex 2.3006622242611825 -3.3330846568693073 -1.7
      vertex 2.3006622242611825 -3.3330846568693073 2.5
      vertex 2.459008156665779 -3.218039602840706 -1.7
    endloop
  endfacet
  facet normal 0 0 1
    outer loop
      vertex 1.251518827218537 -3.8517788909953716 -1.7
      vertex 1.2446831410283572 -1.6288842434131967 -1.7
      vertex 1.16453273079887 -1.6871169250819948 -1.7
    endloop
  endfacet
  facet normal 0 0 1
    outer loop
      vertex 1.251518827218537 -3.8517788909953716 -1.7
      vertex 1.3219265361091492 -1.5668472271189895 -1.7
      vertex 1.2446831410283572 -1.6288842434131967 -1.7
    endloop
  endfacet
  facet normal 0 0 1
    outer loop
      vertex 1.4361497925222695 -3.78681578287593 -1.7
      vertex 1.3960825105129335 -1.5011507665254362 -1.7
      vertex 1.3219265361091492 -1.5668472271189895 -1.7
    endloop
  endfacet
  facet normal 0 0 1
    outer loop
      vertex 1.4361497925222695 -3.78681578287593 -1.7
      vertex 1.4669778695254476 -1.4319482987603211 -1.7
      vertex 1.3960825105129335 -1.5011507665254362 -1.7
    endloop
  endfacet
  facet normal 0 0 1
    outer loop
      vertex 1.4361497925222695 -3.78681578287593 -1.7
      vertex 1.5344470337507568 -1.3594014493936302 -1.7
      vertex 1.4669778695254476 -1.4319482987603211 -1.7
    endloop
  endfacet
  facet normal 0 0 1
    outer loop
      vertex 1.6174265634410676 -3.713008391032158 -1.7
      vertex 1.5983324258296054 -1.2836796549535432 -1.7
      vertex 1.5344470337507568 -1.3594014493936302 -1.7
    endloop
  endfacet
  facet normal 0 0 1
    outer loop
      vertex 1.6174265634410676 -3.713008391032158 -1.7
      vertex 1.6584848384686421 -1.2049597671995698 -1.7
      vertex 1.5983324258296054 -1.2836796549535432 -1.7
    endloop
  endfacet
  facet normal 0 0 1
    outer loop
      vertex 1.6174265634410676 -3.713008391032158 -1.7
      vertex 1.7147637829209648 -1.1234256400770732 -1.7
      vertex 1.6584848384686421 -1.2049597671995698 -1.7
    endloop
  endfacet
  facet normal 0 0 1
    outer loop
      vertex 1.7949257596769281 -3.6305290960475998 -1.7
      vertex 1.7670378171041008 -1.0392677003178599 -1.7
      vertex 1.7147637829209648 -1.1234256400770732 -1.7
    endloop
  endfacet
  facet normal 0 0 1
    outer loop
      vertex 1.7949257596769281 -3.6305290960475998 -1.7
      vertex 1.8151848525890804 -0.952682502689725 -1.7
      vertex 1.7670378171041008 -1.0392677003178599 -1.7
    endloop
  endfacet
  facet normal 0 0 1
    outer loop
      vertex 1.7949257596769281 -3.6305290960475998 -1.7
      vertex 1.8590924397436182 -0.8638722709336841 -1.7
      vertex 1.8151848525890804 -0.952682502689725 -1.7
    endloop
  endfacet
  facet normal 0 0 1
    outer loop
      vertex 1.7949257596769281 -3.6305290960475998 -1.7
      vertex 1.898658030363442 -0.7730444254610561 -1.7
      vertex 1.8590924397436182 -0.8638722709336841 -1.7
    endloop
  endfacet
  facet normal 0 0 1
    outer loop
      vertex 1.9682328236325557 -3.5395705321373967 -1.7
      vertex 1.9337892171783735 -0.6804110989134823 -1.7
      vertex 1.898658030363442 -0.7730444254610561 -1.7
    endloop
  endfacet
  facet normal 0 0 1
    outer loop
      vertex 1.9682328236325557 -3.5395705321373967 -1.7
      vertex 1.9644039496737904 -0.5861886407173139 -1.7
      vertex 1.9337892171783735 -0.6804110989134823 -1.7
    endloop
  endfacet
  facet normal 0 0 1
    outer loop
      vertex 1.9682328236325557 -3.5395705321373967 -1.7
      vertex 1.9904307257234062 -0.4905971117894941 -1.7
      vertex 1.9644039496737904 -0.5861886407173139 -1.7
    endloop
  endfacet
  facet normal 0 0 1
    outer loop
      vertex 1.9682328236325557 -3.5395705321373967 -1.7
      vertex 2.0118087585857976 -0.3938597705751027 -1.7
      vertex 1.9904307257234062 -0.4905971117894941 -1.7
    endloop
  endfacet
  facet normal 0 0 1
    outer loop
      vertex 1.9682328236325557 -3.5395705321373967 -1.7
      vertex 2.0284881188746544 -0.2962025516169041 -1.7
      vertex 2.0118087585857976 -0.3938597705751027 -1.7
    endloop
  endfacet
  facet normal 0 0 1
    outer loop
      vertex 1.9682328236325557 -3.5395705321373967 -1.7
      vertex 2.0404298511711794 -0.19785353787475626 -1.7
      vertex 2.0284881188746544 -0.2962025516169041 -1.7
    endloop
  endfacet
  facet normal 0 0 1
    outer loop
      vertex 1.9682328236325557 -3.5395705321373967 -1.7
      vertex 2.0476060650062693 -0.09904242802728963 -1.7
      vertex 2.0404298511711794 -0.19785353787475626 -1.7
    endloop
  endfacet
  facet normal 0 0 1
    outer loop
      vertex 1.9682328236325557 -3.5395705321373967 -1.7
      vertex 2.1369429886298383 -3.440345137242159 -1.7
      vertex 2.1369429886298374 3.44034513724216 -1.7
    endloop
  endfacet
  facet normal 0 0 1
    outer loop
      vertex 2.1369429886298383 -3.440345137242159 -1.7
      vertex 2.3006622242611825 -3.3330846568693073 -1.7
      vertex 2.3006622242611803 3.3330846568693087 -1.7
    endloop
  endfacet
  facet normal 0 0 1
    outer loop
      vertex 2.3006622242611825 -3.3330846568693073 -1.7
      vertex 2.459008156665779 -3.218039602840706 -1.7
      vertex 2.4590081566657807 3.2180396028407046 -1.7
    endloop
  endfacet
  facet normal 0 0 1
    outer loop
      vertex 1.9682328236325557 -3.5395705321373967 -1.7
      vertex 2.1369429886298374 3.44034513724216 -1.7
      vertex 2.0476060650062693 -0.09904242802728963 -1.7
    endloop
  endfacet
  facet normal -0.6261851975383131 0.7796743540632228 0
    outer loop
      vertex 2.459008156665779 -3.218039602840706 -1.7
      vertex 2.459008156665779 -3.218039602840706 2.5
      vertex 2.6116109615814898 -3.0954786682106867 -1.7
    endloop
  endfacet
  facet normal -0.6631226582407954 0.748510748171101 0
    outer loop
      vertex 2.6116109615814898 -3.0954786682106867 -1.7
      vertex 2.6116109615814898 -3.0954786682106867 2.5
      vertex 2.7581142280865274 -2.9656880997209836 -1.7
    endloop
  endfacet
  facet normal -0.6985113652489371 0.7155989607441209 0
    outer loop
      vertex 2.7581142280865274 -2.9656880997209836 -1.7
      vertex 2.7581142280865274 -2.9656880997209836 2.5
      vertex 2.8981757910136894 -2.8289710292581955 -1.7
    endloop
  endfacet
  facet normal -0.7322686665977741 0.6810158587867963 0
    outer loop
      vertex 2.8981757910136894 -2.8289710292581955 -1.7
      vertex 2.8981757910136894 -2.8289710292581955 2.5
      vertex 3.0314685300929587 -2.6856467658752208 -1.7
    endloop
  endfacet
  facet normal -0.7643157205458473 0.6448422127361718 0
    outer loop
      vertex 3.0314685300929587 -2.6856467658752208 -1.7
      vertex 3.0314685300929587 -2.6856467658752208 2.5
      vertex 3.15768113395605 -2.536050050030171 -1.7
    endloop
  endfacet
  facet normal -0.794577679713754 0.6071625078187115 0
    outer loop
      vertex 3.15768113395605 -2.536050050030171 -1.7
      vertex 3.15768113395605 -2.536050050030171 2.5
      vertex 3.276518827218537 -2.380530271784516 -1.7
    endloop
  endfacet
  facet normal 0 0 1
    outer loop
      vertex 2.459008156665779 -3.218039602840706 -1.7
      vertex 2.6116109615814898 -3.0954786682106867 -1.7
      vertex 2.6116109615814906 3.0954786682106854 -1.7
    endloop
  endfacet
  facet normal 0 0 1
    outer loop
      vertex 2.6116109615814898 -3.0954786682106867 -1.7
      vertex 2.7581142280865274 -2.9656880997209836 -1.7
      vertex 2.7581142280865283 2.9656880997209827 -1.7
    endloop
  endfacet
  facet normal 0 0 1
    outer loop
      vertex 2.7581142280865274 -2.9656880997209836 -1.7
      vertex 2.8981757910136894 -2.8289710292581955 -1.7
      vertex 2.8981757910136903 2.8289710292581947 -1.7
    endloop
  endfacet
  facet normal 0 0 1
    outer loop
      vertex 2.8981757910136894 -2.8289710292581955 -1.7
      vertex 3.0314685300929587 -2.6856467658752208 -1.7
      vertex 3.031468530092959 2.6856467658752203 -1.7
    endloop
  endfacet
  facet normal 0 0 1
    outer loop
      vertex 3.0314685300929587 -2.6856467658752208 -1.7
      vertex 3.15768113395605 -2.536050050030171 -1.7
      vertex 3.157681133956051 2.5360500500301697 -1.7
    endloop
  endfacet
  facet normal 0 0 1
    outer loop
      vertex 3.15768113395605 -2.536050050030171 -1.7
      vertex 3.276518827218537 -2.380530271784516 -1.7
      vertex 3.276518827218537 2.380530271784516 -1.7
    endloop
  endfacet
  facet normal 0 0 1
    outer loop
      vertex 3.276518827218537 -2.380530271784516 -1.7
      vertex 3.3877040589414182 -2.219450654786413 -1.7
      vertex 3.3877040589414182 2.2194506547864132 -1.7
    endloop
  endfacet
  facet normal 0 0 1
    outer loop
      vertex 3.3877040589414182 -2.219450654786413 -1.7
      vertex 3.4909771508641994 -2.0531874079450403 -1.7
      vertex 3.4909771508641994 2.0531874079450407 -1.7
    endloop
  endfacet
  facet normal 0 0 1
    outer loop
      vertex 3.4909771508641994 -2.0531874079450403 -1.7
      vertex 3.5860969038955006 -1.8821288467772617 -1.7
      vertex 3.5860969038955 1.8821288467772626 -1.7
    endloop
  endfacet
  facet normal 0 0 1
    outer loop
      vertex 3.5860969038955006 -1.8821288467772617 -1.7
      vertex 3.672841161444709 -1.7066744864787418 -1.7
      vertex 3.6728411614447087 1.7066744864787426 -1.7
    endloop
  endfacet
  facet normal 0 0 1
    outer loop
      vertex 3.672841161444709 -1.7066744864787418 -1.7
      vertex 3.7510073282789955 -1.5272341088376962 -1.7
      vertex 3.7510073282789946 1.5272341088376975 -1.7
    endloop
  endfacet
  facet normal 0 0 1
    outer loop
      vertex 3.7510073282789955 -1.5272341088376962 -1.7
      vertex 3.8204128436938602 -1.3442268051705384 -1.7
      vertex 3.82041284369386 1.34422680517054 -1.7
    endloop
  endfacet
  facet normal 0 0 1
    outer loop
      vertex 3.8204128436938602 -1.3442268051705384 -1.7
      vertex 3.8808956078921226 -1.1580799975146934 -1.7
      vertex 3.880895607892123 1.1580799975146916 -1.7
    endloop
  endfacet
  facet normal 0 0 1
    outer loop
      vertex 3.8808956078921226 -1.1580799975146934 -1.7
      vertex 3.93231436057551 -0.9692284403646104 -1.7
      vertex 3.9323143605755106 0.9692284403646089 -1.7
    endloop
  endfacet
  facet normal 0 0 1
    outer loop
      vertex 3.93231436057551 -0.9692284403646104 -1.7
      vertex 3.9745490108646244 -0.77811320528252 -1.7
      vertex 3.9745490108646244 0.7781132052825188 -1.7
    endloop
  endfacet
  facet normal 0 0 1
    outer loop
      vertex 3.9745490108646244 -0.77811320528252 -1.7
      vertex 4.007500917776757 -0.5851806507553472 -1.7
      vertex 4.007500917776757 0.5851806507553464 -1.7
    endloop
  endfacet
  facet normal 0 0 1
    outer loop
      vertex 4.007500917776757 -0.5851806507553472 -1.7
      vertex 4.031093120606477 -0.3908813797037868 -1.7
      vertex 4.031093120606477 0.39088137970378617 -1.7
    endloop
  endfacet
  facet normal 0 0 1
    outer loop
      vertex 4.031093120606477 -0.3908813797037868 -1.7
      vertex 4.045270518670923 -0.1956691870783039 -1.7
      vertex 4.045270518670923 0.1956691870783036 -1.7
    endloop
  endfacet
  facet normal -0.8229838658936574 0.5680647467311544 0
    outer loop
      vertex 3.276518827218537 -2.380530271784516 -1.7
      vertex 3.276518827218537 -2.380530271784516 2.5
      vertex 3.3877040589414182 -2.219450654786413 -1.7
    endloop
  endfacet
  facet normal -0.8494679351215213 0.5276402441061323 0
    outer loop
      vertex 3.3877040589414182 -2.219450654786413 -1.7
      vertex 3.3877040589414182 -2.219450654786413 2.5
      vertex 3.4909771508641994 -2.0531874079450403 -1.7
    endloop
  endfacet
  facet normal -0.8739680326265168 0.48598341324260813 0
    outer loop
      vertex 3.4909771508641994 -2.0531874079450403 -1.7
      vertex 3.4909771508641994 -2.0531874079450403 2.5
      vertex 3.5860969038955006 -1.8821288467772617 -1.7
    endloop
  endfacet
  facet normal -0.8964269372957048 0.44319154559923934 0
    outer loop
      vertex 3.5860969038955006 -1.8821288467772617 -1.7
      vertex 3.5860969038955006 -1.8821288467772617 2.5
      vertex 3.672841161444709 -1.7066744864787418 -1.7
    endloop
  endfacet
  facet normal -0.9167921953165817 0.3993645835656969 0
    outer loop
      vertex 3.672841161444709 -1.7066744864787418 -1.7
      vertex 3.672841161444709 -1.7066744864787418 2.5
      vertex 3.7510073282789955 -1.5272341088376962 -1.7
    endloop
  endfacet
  facet normal -0.9350162426854149 0.3546048870425354 0
    outer loop
      vertex 3.7510073282789955 -1.5272341088376962 -1.7
      vertex 3.7510073282789955 -1.5272341088376962 2.5
      vertex 3.8204128436938602 -1.3442268051705384 -1.7
    endloop
  endfacet
  facet normal -0.9510565162951536 0.3090169943749473 0
    outer loop
      vertex 3.8204128436938602 -1.3442268051705384 -1.7
      vertex 3.8204128436938602 -1.3442268051705384 2.5
      vertex 3.8808956078921226 -1.1580799975146934 -1.7
    endloop
  endfacet
  facet normal -0.9648755533435516 0.2627073781985865 0
    outer loop
      vertex 3.8808956078921226 -1.1580799975146934 -1.7
      vertex 3.8808956078921226 -1.1580799975146934 2.5
      vertex 3.93231436057551 -0.9692284403646104 -1.7
    endloop
  endfacet
  facet normal -0.9764410788292717 0.2157841967678081 0
    outer loop
      vertex 3.93231436057551 -0.9692284403646104 -1.7
      vertex 3.93231436057551 -0.9692284403646104 2.5
      vertex 3.9745490108646244 -0.77811320528252 -1.7
    endloop
  endfacet
  facet normal -0.9857260809316508 0.16835704134703913 0
    outer loop
      vertex 3.9745490108646244 -0.77811320528252 -1.7
      vertex 3.9745490108646244 -0.77811320528252 2.5
      vertex 4.007500917776757 -0.5851806507553472 -1.7
    endloop
  endfacet
  facet normal -0.9927088740980542 0.1205366802553228 0
    outer loop
      vertex 4.007500917776757 -0.5851806507553472 -1.7
      vertex 4.007500917776757 -0.5851806507553472 2.5
      vertex 4.031093120606477 -0.3908813797037868 -1.7
    endloop
  endfacet
  facet normal -0.9973731496914912 0.07243480016176113 0
    outer loop
      vertex 4.031093120606477 -0.3908813797037868 -1.7
      vertex 4.031093120606477 -0.3908813797037868 2.5
      vertex 4.045270518670923 -0.1956691870783039 -1.7
    endloop
  endfacet
  facet normal -0.9997080140801929 0.024163745236131885 0
    outer loop
      vertex 4.045270518670923 -0.1956691870783039 -1.7
      vertex 4.045270518670923 -0.1956691870783039 2.5
      vertex 4.05 0 -1.7
    endloop
  endfacet
  facet normal 0 1 0
    outer loop
      vertex 0.09786316820633391 -4.048817457024781 -1.7
      vertex -0.09786316820633391 -4.048817457024781 2.5
      vertex 0.09786316820633371 -4.048817457024781 2.5
    endloop
  endfacet
  facet normal -0.048313379525503554 0.9988322268323268 0
    outer loop
      vertex 0.293360940655136 -4.039361256250539 -1.7
      vertex 0.09786316820633371 -4.048817457024781 2.5
      vertex 0.293360940655136 -4.039361256250539 2.5
    endloop
  endfacet
  facet normal -0.0965139209145163 0.9953316347176485 0
    outer loop
      vertex 0.4881735550340571 -4.020470940097119 -1.7
      vertex 0.293360940655136 -4.039361256250539 2.5
      vertex 0.4881735550340571 -4.020470940097119 2.5
    endloop
  endfacet
  facet normal -0.14448904956922104 0.9895063994510511 0
    outer loop
      vertex 0.6818460174555052 -3.9921906277731862 -1.7
      vertex 0.4881735550340571 -4.020470940097119 2.5
      vertex 0.6818460174555052 -3.9921906277731862 2.5
    endloop
  endfacet
  facet normal -0.19212671735370992 0.9813701261394132 0
    outer loop
      vertex 0.8739259969096143 -3.9545863692585517 -1.7
      vertex 0.6818460174555052 -3.9921906277731862 2.5
      vertex 0.8739259969096143 -3.9545863692585517 2.5
    endloop
  endfacet
  facet normal -0.23931566428755605 0.9709418174260525 0
    outer loop
      vertex 1.0639648817042768 -3.9077459910413834 -1.7
      vertex 0.8739259969096143 -3.9545863692585517 2.5
      vertex 1.0639648817042768 -3.9077459910413834 2.5
    endloop
  endfacet
  facet normal -0.28594567839869084 0.9582458291091657 0
    outer loop
      vertex 1.251518827218537 -3.8517788909953716 -1.7
      vertex 1.0639648817042768 -3.9077459910413834 2.5
      vertex 1.251518827218537 -3.8517788909953716 2.5
    endloop
  endfacet
  facet normal -0.33190785312852594 0.943311813257744 0
    outer loop
      vertex 1.4361497925222695 -3.78681578287593 -1.7
      vertex 1.251518827218537 -3.8517788909953716 2.5
      vertex 1.4361497925222695 -3.78681578287593 2.5
    endloop
  endfacet
  facet normal -0.3770948416883229 0.9261746489577755 0
    outer loop
      vertex 1.6174265634410676 -3.713008391032158 -1.7
      vertex 1.4361497925222695 -3.78681578287593 2.5
      vertex 1.6174265634410676 -3.713008391032158 2.5
    endloop
  endfacet
  facet normal -0.421401107772528 0.906874360850546 0
    outer loop
      vertex 1.7949257596769281 -3.6305290960475998 -1.7
      vertex 1.6174265634410676 -3.713008391032158 2.5
      vertex 1.7949257596769281 -3.6305290960475998 2.5
    endloop
  endfacet
  facet normal -0.4647231720437703 0.8854560256532089 0
    outer loop
      vertex 1.9682328236325557 -3.5395705321373967 -1.7
      vertex 1.7949257596769281 -3.6305290960475998 2.5
      vertex 1.9682328236325557 -3.5395705321373967 2.5
    endloop
  endfacet
  facet normal -0.5069598538135909 0.8619696668800491 0
    outer loop
      vertex 2.1369429886298383 -3.440345137242159 -1.7
      vertex 1.9682328236325557 -3.5395705321373967 2.5
      vertex 2.1369429886298383 -3.440345137242159 2.5
    endloop
  endfacet
  facet normal -0.5480125073546686 0.8364701380102277 0
    outer loop
      vertex 2.3006622242611825 -3.3330846568693073 -1.7
      vertex 2.1369429886298383 -3.440345137242159 2.5
      vertex 2.3006622242611825 -3.3330846568693073 2.5
    endloop
  endfacet
  facet normal -0.5877852522924731 0.8090169943749475 0
    outer loop
      vertex 2.459008156665779 -3.218039602840706 -1.7
      vertex 2.3006622242611825 -3.3330846568693073 2.5
      vertex 2.459008156665779 -3.218039602840706 2.5
    endloop
  endfacet
  facet normal -0.6261851975383131 0.7796743540632228 0
    outer loop
      vertex 2.6116109615814898 -3.0954786682106867 -1.7
      vertex 2.459008156665779 -3.218039602840706 2.5
      vertex 2.6116109615814898 -3.0954786682106867 2.5
    endloop
  endfacet
  facet normal -0.6631226582407954 0.748510748171101 0
    outer loop
      vertex 2.7581142280865274 -2.9656880997209836 -1.7
      vertex 2.6116109615814898 -3.0954786682106867 2.5
      vertex 2.7581142280865274 -2.9656880997209836 2.5
    endloop
  endfacet
  facet normal -0.6985113652489371 0.7155989607441209 0
    outer loop
      vertex 2.8981757910136894 -2.8289710292581955 -1.7
      vertex 2.7581142280865274 -2.9656880997209836 2.5
      vertex 2.8981757910136894 -2.8289710292581955 2.5
    endloop
  endfacet
  facet normal -0.7322686665977741 0.6810158587867963 0
    outer loop
      vertex 3.0314685300929587 -2.6856467658752208 -1.7
      vertex 2.8981757910136894 -2.8289710292581955 2.5
      vertex 3.0314685300929587 -2.6856467658752208 2.5
    endloop
  endfacet
  facet normal -0.7643157205458473 0.6448422127361718 0
    outer loop
      vertex 3.15768113395605 -2.536050050030171 -1.7
      vertex 3.0314685300929587 -2.6856467658752208 2.5
      vertex 3.15768113395605 -2.536050050030171 2.5
    endloop
  endfacet
  facet normal -0.794577679713754 0.6071625078187115 0
    outer loop
      vertex 3.276518827218537 -2.380530271784516 -1.7
      vertex 3.15768113395605 -2.536050050030171 2.5
      vertex 3.276518827218537 -2.380530271784516 2.5
    endloop
  endfacet
  facet normal -0.8229838658936574 0.5680647467311544 0
    outer loop
      vertex 3.3877040589414182 -2.219450654786413 -1.7
      vertex 3.276518827218537 -2.380530271784516 2.5
      vertex 3.3877040589414182 -2.219450654786413 2.5
    endloop
  endfacet
  facet normal -0.8494679351215213 0.5276402441061323 0
    outer loop
      vertex 3.4909771508641994 -2.0531874079450403 -1.7
      vertex 3.3877040589414182 -2.219450654786413 2.5
      vertex 3.4909771508641994 -2.0531874079450403 2.5
    endloop
  endfacet
  facet normal -0.8739680326265168 0.48598341324260813 0
    outer loop
      vertex 3.5860969038955006 -1.8821288467772617 -1.7
      vertex 3.4909771508641994 -2.0531874079450403 2.5
      vertex 3.5860969038955006 -1.8821288467772617 2.5
    endloop
  endfacet
  facet normal -0.8964269372957048 0.44319154559923934 0
    outer loop
      vertex 3.672841161444709 -1.7066744864787418 -1.7
      vertex 3.5860969038955006 -1.8821288467772617 2.5
      vertex 3.672841161444709 -1.7066744864787418 2.5
    endloop
  endfacet
  facet normal -0.9167921953165817 0.3993645835656969 0
    outer loop
      vertex 3.7510073282789955 -1.5272341088376962 -1.7
      vertex 3.672841161444709 -1.7066744864787418 2.5
      vertex 3.7510073282789955 -1.5272341088376962 2.5
    endloop
  endfacet
  facet normal -0.9350162426854149 0.3546048870425354 0
    outer loop
      vertex 3.8204128436938602 -1.3442268051705384 -1.7
      vertex 3.7510073282789955 -1.5272341088376962 2.5
      vertex 3.8204128436938602 -1.3442268051705384 2.5
    endloop
  endfacet
  facet normal -0.9510565162951536 0.3090169943749473 0
    outer loop
      vertex 3.8808956078921226 -1.1580799975146934 -1.7
      vertex 3.8204128436938602 -1.3442268051705384 2.5
      vertex 3.8808956078921226 -1.1580799975146934 2.5
    endloop
  endfacet
  facet normal -0.9648755533435516 0.2627073781985865 0
    outer loop
      vertex 3.93231436057551 -0.9692284403646104 -1.7
      vertex 3.8808956078921226 -1.1580799975146934 2.5
      vertex 3.93231436057551 -0.9692284403646104 2.5
    endloop
  endfacet
  facet normal -0.9764410788292717 0.2157841967678081 0
    outer loop
      vertex 3.9745490108646244 -0.77811320528252 -1.7
      vertex 3.93231436057551 -0.9692284403646104 2.5
      vertex 3.9745490108646244 -0.77811320528252 2.5
    endloop
  endfacet
  facet normal -0.9857260809316508 0.16835704134703913 0
    outer loop
      vertex 4.007500917776757 -0.5851806507553472 -1.7
      vertex 3.9745490108646244 -0.77811320528252 2.5
      vertex 4.007500917776757 -0.5851806507553472 2.5
    endloop
  endfacet
  facet normal -0.9927088740980542 0.1205366802553228 0
    outer loop
      vertex 4.031093120606477 -0.3908813797037868 -1.7
      vertex 4.007500917776757 -0.5851806507553472 2.5
      vertex 4.031093120606477 -0.3908813797037868 2.5
    endloop
  endfacet
  facet normal -0.9973731496914912 0.07243480016176113 0
    outer loop
      vertex 4.045270518670923 -0.1956691870783039 -1.7
      vertex 4.031093120606477 -0.3908813797037868 2.5
      vertex 4.045270518670923 -0.1956691870783039 2.5
    endloop
  endfacet
  facet normal -0.9997080140801929 0.024163745236131885 0
    outer loop
      vertex 4.05 0 -1.7
      vertex 4.045270518670923 -0.1956691870783039 2.5
      vertex 4.05 0 2.5
    endloop
  endfacet
  facet normal 0 0 1
    outer loop
      vertex 2.0476060650062693 -0.09904242802728963 -1.7
      vertex 2.1369429886298374 3.44034513724216 -1.7
      vertex 2.05 0 -1.7
    endloop
  endfacet
  facet normal 0 0 1
    outer loop
      vertex 2.05 0 -1.7
      vertex 2.1369429886298374 3.44034513724216 -1.7
      vertex 2.0476060650062693 0.09904242802728948 -1.7
    endloop
  endfacet
  facet normal 0 0 1
    outer loop
      vertex 2.1369429886298383 -3.440345137242159 -1.7
      vertex 2.3006622242611803 3.3330846568693087 -1.7
      vertex 2.1369429886298374 3.44034513724216 -1.7
    endloop
  endfacet
  facet normal 0 0 1
    outer loop
      vertex 2.3006622242611825 -3.3330846568693073 -1.7
      vertex 2.4590081566657807 3.2180396028407046 -1.7
      vertex 2.3006622242611803 3.3330846568693087 -1.7
    endloop
  endfacet
  facet normal 0 0 1
    outer loop
      vertex 1.244683141028358 1.628884243413196 -1.7
      vertex 1.251518827218537 3.8517788909953716 -1.7
      vertex 1.164532730798869 1.6871169250819955 -1.7
    endloop
  endfacet
  facet normal 0 0 1
    outer loop
      vertex 1.244683141028358 1.628884243413196 -1.7
      vertex 1.3219265361091497 1.5668472271189888 -1.7
      vertex 1.4361497925222695 3.78681578287593 -1.7
    endloop
  endfacet
  facet normal 0 0 1
    outer loop
      vertex 1.396082510512934 1.5011507665254358 -1.7
      vertex 1.466977869525448 1.4319482987603207 -1.7
      vertex 1.6174265634410667 3.7130083910321585 -1.7
    endloop
  endfacet
  facet normal 0 0 1
    outer loop
      vertex 1.396082510512934 1.5011507665254358 -1.7
      vertex 1.4361497925222695 3.78681578287593 -1.7
      vertex 1.3219265361091497 1.5668472271189888 -1.7
    endloop
  endfacet
  facet normal 0 0 1
    outer loop
      vertex 1.5344470337507572 1.35940144939363 -1.7
      vertex 1.5983324258296059 1.2836796549535427 -1.7
      vertex 1.6174265634410667 3.7130083910321585 -1.7
    endloop
  endfacet
  facet normal 0 0 1
    outer loop
      vertex 1.7670378171041008 1.03926770031786 -1.7
      vertex 1.7949257596769272 3.6305290960476 -1.7
      vertex 1.7147637829209648 1.1234256400770735 -1.7
    endloop
  endfacet
  facet normal 0 0 1
    outer loop
      vertex 1.6584848384686421 1.2049597671995698 -1.7
      vertex 1.7949257596769272 3.6305290960476 -1.7
      vertex 1.5983324258296059 1.2836796549535427 -1.7
    endloop
  endfacet
  facet normal 0 0 1
    outer loop
      vertex 1.7147637829209648 1.1234256400770735 -1.7
      vertex 1.7949257596769272 3.6305290960476 -1.7
      vertex 1.6584848384686421 1.2049597671995698 -1.7
    endloop
  endfacet
  facet normal 0 0 1
    outer loop
      vertex 1.466977869525448 1.4319482987603207 -1.7
      vertex 1.5344470337507572 1.35940144939363 -1.7
      vertex 1.6174265634410667 3.7130083910321585 -1.7
    endloop
  endfacet
  facet normal 0 0 1
    outer loop
      vertex 2.0476060650062693 0.09904242802728948 -1.7
      vertex 2.1369429886298374 3.44034513724216 -1.7
      vertex 2.0404298511711794 0.19785353787475596 -1.7
    endloop
  endfacet
  facet normal 0 0 1
    outer loop
      vertex 2.0404298511711794 0.19785353787475596 -1.7
      vertex 2.1369429886298374 3.44034513724216 -1.7
      vertex 2.0284881188746544 0.29620255161690373 -1.7
    endloop
  endfacet
  facet normal 0 0 1
    outer loop
      vertex 1.9904307257234064 0.4905971117894934 -1.7
      vertex 2.1369429886298374 3.44034513724216 -1.7
      vertex 1.9644039496737906 0.586188640717313 -1.7
    endloop
  endfacet
  facet normal 0 0 1
    outer loop
      vertex 2.0118087585857976 0.39385977057510213 -1.7
      vertex 2.0284881188746544 0.29620255161690373 -1.7
      vertex 2.1369429886298374 3.44034513724216 -1.7
    endloop
  endfacet
  facet normal 0 0 1
    outer loop
      vertex 2.0118087585857976 0.39385977057510213 -1.7
      vertex 2.1369429886298374 3.44034513724216 -1.7
      vertex 1.9904307257234064 0.4905971117894934 -1.7
    endloop
  endfacet
  facet normal 0 0 1
    outer loop
      vertex 1.9644039496737906 0.586188640717313 -1.7
      vertex 1.968232823632555 3.539570532137397 -1.7
      vertex 1.9337892171783733 0.6804110989134832 -1.7
    endloop
  endfacet
  facet normal 0 0 1
    outer loop
      vertex 1.9337892171783733 0.6804110989134832 -1.7
      vertex 1.968232823632555 3.539570532137397 -1.7
      vertex 1.8986580303634415 0.7730444254610568 -1.7
    endloop
  endfacet
  facet normal 0 0 1
    outer loop
      vertex 1.859092439743618 0.8638722709336846 -1.7
      vertex 1.968232823632555 3.539570532137397 -1.7
      vertex 1.8151848525890801 0.9526825026897254 -1.7
    endloop
  endfacet
  facet normal 0 0 1
    outer loop
      vertex 1.859092439743618 0.8638722709336846 -1.7
      vertex 1.8986580303634415 0.7730444254610568 -1.7
      vertex 1.968232823632555 3.539570532137397 -1.7
    endloop
  endfacet
  facet normal 0 0 1
    outer loop
      vertex 1.8151848525890801 0.9526825026897254 -1.7
      vertex 1.968232823632555 3.539570532137397 -1.7
      vertex 1.7670378171041008 1.03926770031786 -1.7
    endloop
  endfacet
  facet normal 0 0 1
    outer loop
      vertex 0.04953567773407126 2.049401428864395 -1.7
      vertex 0.14849134033161307 2.044614956867557 -1.7
      vertex 0.29336094065513807 4.039361256250539 -1.7
    endloop
  endfacet
  facet normal 0 0 1
    outer loop
      vertex 0.14849134033161307 2.044614956867557 -1.7
      vertex 0.24710019452341211 2.0350531919010106 -1.7
      vertex 0.29336094065513807 4.039361256250539 -1.7
    endloop
  endfacet
  facet normal 0 0 1
    outer loop
      vertex 0.34513193476142906 2.020738465909884 -1.7
      vertex 0.48817355503405807 4.020470940097119 -1.7
      vertex 0.24710019452341211 2.0350531919010106 -1.7
    endloop
  endfacet
  facet normal 0 0 1
    outer loop
      vertex 0.34513193476142906 2.020738465909884 -1.7
      vertex 0.4423576033740027 2.0017042116000074 -1.7
      vertex 0.48817355503405807 4.020470940097119 -1.7
    endloop
  endfacet
  facet normal 0 0 1
    outer loop
      vertex 0.4423576033740027 2.0017042116000074 -1.7
      vertex 0.538550125307103 1.9779948843542803 -1.7
      vertex 0.6818460174555062 3.9921906277731862 -1.7
    endloop
  endfacet
  facet normal 0 0 1
    outer loop
      vertex -0.09786316820633592 4.048817457024781 -1.7
      vertex 0.04953567773407126 2.049401428864395 -1.7
      vertex 0.09786316820633592 4.048817457024781 -1.7
    endloop
  endfacet
  facet normal 0 0 1
    outer loop
      vertex 0.04953567773407126 2.049401428864395 -1.7
      vertex 0.29336094065513807 4.039361256250539 -1.7
      vertex 0.09786316820633592 4.048817457024781 -1.7
    endloop
  endfacet
  facet normal 0 0 1
    outer loop
      vertex 0.24710019452341211 2.0350531919010106 -1.7
      vertex 0.48817355503405807 4.020470940097119 -1.7
      vertex 0.29336094065513807 4.039361256250539 -1.7
    endloop
  endfacet
  facet normal 0 0 1
    outer loop
      vertex 0.4423576033740027 2.0017042116000074 -1.7
      vertex 0.6818460174555062 3.9921906277731862 -1.7
      vertex 0.48817355503405807 4.020470940097119 -1.7
    endloop
  endfacet
  facet normal 0 0 1
    outer loop
      vertex 0.538550125307103 1.9779948843542803 -1.7
      vertex 0.6334848384686421 1.9496658584050646 -1.7
      vertex 0.6818460174555062 3.9921906277731862 -1.7
    endloop
  endfacet
  facet normal 0 0 1
    outer loop
      vertex 0.6334848384686421 1.9496658584050646 -1.7
      vertex 0.726940018437198 1.9167832975051002 -1.7
      vertex 0.8739259969096151 3.9545863692585517 -1.7
    endloop
  endfacet
  facet normal 0 0 1
    outer loop
      vertex 0.726940018437198 1.9167832975051002 -1.7
      vertex 0.8186973963096756 1.8794240003989937 -1.7
      vertex 0.8739259969096151 3.9545863692585517 -1.7
    endloop
  endfacet
  facet normal 0 0 1
    outer loop
      vertex 0.8186973963096756 1.8794240003989937 -1.7
      vertex 0.9085426684784446 1.8376752214561927 -1.7
      vertex 1.0639648817042768 3.9077459910413834 -1.7
    endloop
  endfacet
  facet normal 0 0 1
    outer loop
      vertex 0.9085426684784446 1.8376752214561927 -1.7
      vertex 0.9962659971473427 1.7916344668843616 -1.7
      vertex 1.0639648817042768 3.9077459910413834 -1.7
    endloop
  endfacet
  facet normal 0 0 1
    outer loop
      vertex 0.9962659971473427 1.7916344668843616 -1.7
      vertex 1.081662500417572 1.7414092669991181 -1.7
      vertex 1.251518827218537 3.8517788909953716 -1.7
    endloop
  endfacet
  facet normal 0 0 1
    outer loop
      vertex 1.081662500417572 1.7414092669991181 -1.7
      vertex 1.164532730798869 1.6871169250819955 -1.7
      vertex 1.251518827218537 3.8517788909953716 -1.7
    endloop
  endfacet
  facet normal 0 0 1
    outer loop
      vertex 0.6334848384686421 1.9496658584050646 -1.7
      vertex 0.8739259969096151 3.9545863692585517 -1.7
      vertex 0.6818460174555062 3.9921906277731862 -1.7
    endloop
  endfacet
  facet normal 0 0 1
    outer loop
      vertex 0.8186973963096756 1.8794240003989937 -1.7
      vertex 1.0639648817042768 3.9077459910413834 -1.7
      vertex 0.8739259969096151 3.9545863692585517 -1.7
    endloop
  endfacet
  facet normal 0 0 1
    outer loop
      vertex 0.9962659971473427 1.7916344668843616 -1.7
      vertex 1.251518827218537 3.8517788909953716 -1.7
      vertex 1.0639648817042768 3.9077459910413834 -1.7
    endloop
  endfacet
  facet normal 0 0 1
    outer loop
      vertex 1.396082510512934 1.5011507665254358 -1.7
      vertex 1.6174265634410667 3.7130083910321585 -1.7
      vertex 1.4361497925222695 3.78681578287593 -1.7
    endloop
  endfacet
  facet normal 0 0 1
    outer loop
      vertex 1.5983324258296059 1.2836796549535427 -1.7
      vertex 1.7949257596769272 3.6305290960476 -1.7
      vertex 1.6174265634410667 3.7130083910321585 -1.7
    endloop
  endfacet
  facet normal 0 0 1
    outer loop
      vertex 1.244683141028358 1.628884243413196 -1.7
      vertex 1.4361497925222695 3.78681578287593 -1.7
      vertex 1.251518827218537 3.8517788909953716 -1.7
    endloop
  endfacet
  facet normal 0 0 1
    outer loop
      vertex 1.9644039496737906 0.586188640717313 -1.7
      vertex 2.1369429886298374 3.44034513724216 -1.7
      vertex 1.968232823632555 3.539570532137397 -1.7
    endloop
  endfacet
  facet normal 0 0 1
    outer loop
      vertex 1.7670378171041008 1.03926770031786 -1.7
      vertex 1.968232823632555 3.539570532137397 -1.7
      vertex 1.7949257596769272 3.6305290960476 -1.7
    endloop
  endfacet
  facet normal 0 -1 0
    outer loop
      vertex -0.09786316820633592 4.048817457024781 -1.7
      vertex 0.09786316820633592 4.048817457024781 -1.7
      vertex 0.09786316820633592 4.048817457024781 2.5
    endloop
  endfacet
  facet normal -0.04831337952550359 -0.9988322268323268 1.162434287817332e-19
    outer loop
      vertex 0.09786316820633592 4.048817457024781 -1.7
      vertex 0.29336094065513807 4.039361256250539 -1.7
      vertex 0.29336094065513807 4.039361256250539 2.5
    endloop
  endfacet
  facet normal -0.09651392091451684 -0.9953316347176484 2.4934436670384635e-19
    outer loop
      vertex 0.29336094065513807 4.039361256250539 -1.7
      vertex 0.48817355503405807 4.020470940097119 -1.7
      vertex 0.48817355503405807 4.020470940097119 2.5
    endloop
  endfacet
  facet normal -0.144489049569221 -0.9895063994510511 -2.2938374165973587e-19
    outer loop
      vertex 0.48817355503405807 4.020470940097119 -1.7
      vertex 0.6818460174555062 3.9921906277731862 -1.7
      vertex 0.6818460174555062 3.9921906277731862 2.5
    endloop
  endfacet
  facet normal -0.19212671735371004 -0.9813701261394131 3.0106877535751016e-19
    outer loop
      vertex 0.6818460174555062 3.9921906277731862 -1.7
      vertex 0.8739259969096151 3.9545863692585517 -1.7
      vertex 0.8739259969096151 3.9545863692585517 2.5
    endloop
  endfacet
  facet normal -0.23931566428755713 -0.9709418174260523 -4.870551536151448e-19
    outer loop
      vertex 0.8739259969096151 3.9545863692585517 -1.7
      vertex 1.0639648817042768 3.9077459910413834 -1.7
      vertex 1.0639648817042768 3.9077459910413834 2.5
    endloop
  endfacet
  facet normal -0.28594567839869084 -0.9582458291091657 -7.804993109190492e-19
    outer loop
      vertex 1.0639648817042768 3.9077459910413834 -1.7
      vertex 1.251518827218537 3.8517788909953716 -1.7
      vertex 1.251518827218537 3.8517788909953716 2.5
    endloop
  endfacet
  facet normal -0.46472317204376984 -0.8854560256532091 0
    outer loop
      vertex 1.968232823632555 3.539570532137397 -1.7
      vertex 1.968232823632555 3.539570532137397 2.5
      vertex 1.7949257596769272 3.6305290960476 -1.7
    endloop
  endfacet
  facet normal -0.5069598538135895 -0.8619696668800497 -5.746766488736146e-19
    outer loop
      vertex 1.968232823632555 3.539570532137397 -1.7
      vertex 2.1369429886298374 3.44034513724216 -1.7
      vertex 2.1369429886298374 3.44034513724216 2.5
    endloop
  endfacet
  facet normal -0.5877852522924722 -0.8090169943749481 0
    outer loop
      vertex 2.4590081566657807 3.2180396028407046 -1.7
      vertex 2.4590081566657807 3.2180396028407046 2.5
      vertex 2.3006622242611803 3.3330846568693087 -1.7
    endloop
  endfacet
  facet normal -0.5480125073546702 -0.8364701380102267 1.0522033860040108e-19
    outer loop
      vertex 2.1369429886298374 3.44034513724216 -1.7
      vertex 2.3006622242611803 3.3330846568693087 -1.7
      vertex 2.3006622242611803 3.3330846568693087 2.5
    endloop
  endfacet
  facet normal -0.33190785312852594 -0.943311813257744 -1.053462483022569e-18
    outer loop
      vertex 1.251518827218537 3.8517788909953716 -1.7
      vertex 1.4361497925222695 3.78681578287593 -1.7
      vertex 1.4361497925222695 3.78681578287593 2.5
    endloop
  endfacet
  facet normal -0.3770948416883226 -0.9261746489577757 8.7610025028634e-19
    outer loop
      vertex 1.4361497925222695 3.78681578287593 -1.7
      vertex 1.6174265634410667 3.7130083910321585 -1.7
      vertex 1.6174265634410667 3.7130083910321585 2.5
    endloop
  endfacet
  facet normal -0.421401107772528 -0.906874360850546 -1.9295748511837545e-19
    outer loop
      vertex 1.6174265634410667 3.7130083910321585 -1.7
      vertex 1.7949257596769272 3.6305290960476 -1.7
      vertex 1.7949257596769272 3.6305290960476 2.5
    endloop
  endfacet
  facet normal 0 0 1
    outer loop
      vertex 2.459008156665779 -3.218039602840706 -1.7
      vertex 2.6116109615814906 3.0954786682106854 -1.7
      vertex 2.4590081566657807 3.2180396028407046 -1.7
    endloop
  endfacet
  facet normal 0 0 1
    outer loop
      vertex 2.6116109615814898 -3.0954786682106867 -1.7
      vertex 2.7581142280865283 2.9656880997209827 -1.7
      vertex 2.6116109615814906 3.0954786682106854 -1.7
    endloop
  endfacet
  facet normal 0 0 1
    outer loop
      vertex 2.8981757910136894 -2.8289710292581955 -1.7
      vertex 3.031468530092959 2.6856467658752203 -1.7
      vertex 2.8981757910136903 2.8289710292581947 -1.7
    endloop
  endfacet
  facet normal 0 0 1
    outer loop
      vertex 2.7581142280865274 -2.9656880997209836 -1.7
      vertex 2.8981757910136903 2.8289710292581947 -1.7
      vertex 2.7581142280865283 2.9656880997209827 -1.7
    endloop
  endfacet
  facet normal 0 0 1
    outer loop
      vertex 3.5860969038955006 -1.8821288467772617 -1.7
      vertex 3.6728411614447087 1.7066744864787426 -1.7
      vertex 3.5860969038955 1.8821288467772626 -1.7
    endloop
  endfacet
  facet normal 0 0 1
    outer loop
      vertex 3.0314685300929587 -2.6856467658752208 -1.7
      vertex 3.157681133956051 2.5360500500301697 -1.7
      vertex 3.031468530092959 2.6856467658752203 -1.7
    endloop
  endfacet
  facet normal 0 0 1
    outer loop
      vertex 3.276518827218537 -2.380530271784516 -1.7
      vertex 3.3877040589414182 2.2194506547864132 -1.7
      vertex 3.276518827218537 2.380530271784516 -1.7
    endloop
  endfacet
  facet normal 0 0 1
    outer loop
      vertex 3.15768113395605 -2.536050050030171 -1.7
      vertex 3.276518827218537 2.380530271784516 -1.7
      vertex 3.157681133956051 2.5360500500301697 -1.7
    endloop
  endfacet
  facet normal 0 0 1
    outer loop
      vertex 3.3877040589414182 -2.219450654786413 -1.7
      vertex 3.4909771508641994 2.0531874079450407 -1.7
      vertex 3.3877040589414182 2.2194506547864132 -1.7
    endloop
  endfacet
  facet normal 0 0 1
    outer loop
      vertex 3.4909771508641994 -2.0531874079450403 -1.7
      vertex 3.5860969038955 1.8821288467772626 -1.7
      vertex 3.4909771508641994 2.0531874079450407 -1.7
    endloop
  endfacet
  facet normal 0 0 1
    outer loop
      vertex 3.7510073282789955 -1.5272341088376962 -1.7
      vertex 3.82041284369386 1.34422680517054 -1.7
      vertex 3.7510073282789946 1.5272341088376975 -1.7
    endloop
  endfacet
  facet normal 0 0 1
    outer loop
      vertex 3.672841161444709 -1.7066744864787418 -1.7
      vertex 3.7510073282789946 1.5272341088376975 -1.7
      vertex 3.6728411614447087 1.7066744864787426 -1.7
    endloop
  endfacet
  facet normal 0 0 1
    outer loop
      vertex 3.8204128436938602 -1.3442268051705384 -1.7
      vertex 3.880895607892123 1.1580799975146916 -1.7
      vertex 3.82041284369386 1.34422680517054 -1.7
    endloop
  endfacet
  facet normal 0 0 1
    outer loop
      vertex 3.8808956078921226 -1.1580799975146934 -1.7
      vertex 3.9323143605755106 0.9692284403646089 -1.7
      vertex 3.880895607892123 1.1580799975146916 -1.7
    endloop
  endfacet
  facet normal 0 0 1
    outer loop
      vertex 4.007500917776757 -0.5851806507553472 -1.7
      vertex 4.031093120606477 0.39088137970378617 -1.7
      vertex 4.007500917776757 0.5851806507553464 -1.7
    endloop
  endfacet
  facet normal 0 0 1
    outer loop
      vertex 4.045270518670923 -0.1956691870783039 -1.7
      vertex 4.05 0 -1.7
      vertex 4.045270518670923 0.1956691870783036 -1.7
    endloop
  endfacet
  facet normal 0 0 1
    outer loop
      vertex 4.031093120606477 -0.3908813797037868 -1.7
      vertex 4.045270518670923 0.1956691870783036 -1.7
      vertex 4.031093120606477 0.39088137970378617 -1.7
    endloop
  endfacet
  facet normal 0 0 1
    outer loop
      vertex 3.9745490108646244 -0.77811320528252 -1.7
      vertex 4.007500917776757 0.5851806507553464 -1.7
      vertex 3.9745490108646244 0.7781132052825188 -1.7
    endloop
  endfacet
  facet normal 0 0 1
    outer loop
      vertex 3.93231436057551 -0.9692284403646104 -1.7
      vertex 3.9745490108646244 0.7781132052825188 -1.7
      vertex 3.9323143605755106 0.9692284403646089 -1.7
    endloop
  endfacet
  facet normal -0.8494679351215213 -0.5276402441061323 1.935283741919213e-18
    outer loop
      vertex 3.3877040589414182 2.2194506547864132 -1.7
      vertex 3.4909771508641994 2.0531874079450407 -1.7
      vertex 3.4909771508641994 2.0531874079450407 2.5
    endloop
  endfacet
  facet normal -0.8739680326265173 -0.4859834132426074 0
    outer loop
      vertex 3.5860969038955 1.8821288467772626 -1.7
      vertex 3.5860969038955 1.8821288467772626 2.5
      vertex 3.4909771508641994 2.0531874079450407 -1.7
    endloop
  endfacet
  facet normal -0.8229838658936567 -0.5680647467311555 1.0208148940662437e-18
    outer loop
      vertex 3.276518827218537 2.380530271784516 -1.7
      vertex 3.3877040589414182 2.2194506547864132 -1.7
      vertex 3.3877040589414182 2.2194506547864132 2.5
    endloop
  endfacet
  facet normal -0.9997080140801929 -0.024163745236131923 0
    outer loop
      vertex 4.05 0 -1.7
      vertex 4.05 0 2.5
      vertex 4.045270518670923 0.1956691870783036 -1.7
    endloop
  endfacet
  facet normal -0.9973731496914912 -0.07243480016176124 0
    outer loop
      vertex 4.045270518670923 0.1956691870783036 -1.7
      vertex 4.045270518670923 0.1956691870783036 2.5
      vertex 4.031093120606477 0.39088137970378617 -1.7
    endloop
  endfacet
  facet normal -0.992708874098054 -0.12053668025532288 0
    outer loop
      vertex 4.031093120606477 0.39088137970378617 -1.7
      vertex 4.031093120606477 0.39088137970378617 2.5
      vertex 4.007500917776757 0.5851806507553464 -1.7
    endloop
  endfacet
  facet normal -0.9648755533435516 -0.2627073781985868 0
    outer loop
      vertex 3.9323143605755106 0.9692284403646089 -1.7
      vertex 3.9323143605755106 0.9692284403646089 2.5
      vertex 3.880895607892123 1.1580799975146916 -1.7
    endloop
  endfacet
  facet normal -0.9857260809316507 -0.1683570413470395 0
    outer loop
      vertex 4.007500917776757 0.5851806507553464 -1.7
      vertex 4.007500917776757 0.5851806507553464 2.5
      vertex 3.9745490108646244 0.7781132052825188 -1.7
    endloop
  endfacet
  facet normal -0.976441078829272 -0.2157841967678063 0
    outer loop
      vertex 3.9745490108646244 0.7781132052825188 -1.7
      vertex 3.9745490108646244 0.7781132052825188 2.5
      vertex 3.9323143605755106 0.9692284403646089 -1.7
    endloop
  endfacet
  facet normal -0.951056516295154 -0.3090169943749464 0
    outer loop
      vertex 3.880895607892123 1.1580799975146916 -1.7
      vertex 3.880895607892123 1.1580799975146916 2.5
      vertex 3.82041284369386 1.34422680517054 -1.7
    endloop
  endfacet
  facet normal -0.935016242685414 -0.35460488704253773 0
    outer loop
      vertex 3.82041284369386 1.34422680517054 -1.7
      vertex 3.82041284369386 1.34422680517054 2.5
      vertex 3.7510073282789946 1.5272341088376975 -1.7
    endloop
  endfacet
  facet normal -0.9167921953165823 -0.3993645835656958 0
    outer loop
      vertex 3.7510073282789946 1.5272341088376975 -1.7
      vertex 3.7510073282789946 1.5272341088376975 2.5
      vertex 3.6728411614447087 1.7066744864787426 -1.7
    endloop
  endfacet
  facet normal -0.8964269372957048 -0.44319154559923934 0
    outer loop
      vertex 3.6728411614447087 1.7066744864787426 -1.7
      vertex 3.6728411614447087 1.7066744864787426 2.5
      vertex 3.5860969038955 1.8821288467772626 -1.7
    endloop
  endfacet
  facet normal -0.6631226582407941 -0.7485107481711021 0
    outer loop
      vertex 2.7581142280865283 2.9656880997209827 -1.7
      vertex 2.7581142280865283 2.9656880997209827 2.5
      vertex 2.6116109615814906 3.0954786682106854 -1.7
    endloop
  endfacet
  facet normal -0.6985113652489371 -0.7155989607441209 6.950368081164185e-19
    outer loop
      vertex 2.7581142280865283 2.9656880997209827 -1.7
      vertex 2.8981757910136903 2.8289710292581947 -1.7
      vertex 2.8981757910136903 2.8289710292581947 2.5
    endloop
  endfacet
  facet normal -0.7322686665977743 -0.6810158587867963 0
    outer loop
      vertex 3.031468530092959 2.6856467658752203 -1.7
      vertex 3.031468530092959 2.6856467658752203 2.5
      vertex 2.8981757910136903 2.8289710292581947 -1.7
    endloop
  endfacet
  facet normal -0.6261851975383153 -0.779674354063221 5.421074622490511e-19
    outer loop
      vertex 2.4590081566657807 3.2180396028407046 -1.7
      vertex 2.6116109615814906 3.0954786682106854 -1.7
      vertex 2.6116109615814906 3.0954786682106854 2.5
    endloop
  endfacet
  facet normal -0.7643157205458481 -0.6448422127361709 -1.6830182972838521e-19
    outer loop
      vertex 3.031468530092959 2.6856467658752203 -1.7
      vertex 3.157681133956051 2.5360500500301697 -1.7
      vertex 3.157681133956051 2.5360500500301697 2.5
    endloop
  endfacet
  facet normal -0.7945776797137537 -0.6071625078187121 0
    outer loop
      vertex 3.276518827218537 2.380530271784516 -1.7
      vertex 3.276518827218537 2.380530271784516 2.5
      vertex 3.157681133956051 2.5360500500301697 -1.7
    endloop
  endfacet
  facet normal -0.04831337952550359 -0.9988322268323268 0
    outer loop
      vertex 0.09786316820633592 4.048817457024781 -1.7
      vertex 0.29336094065513807 4.039361256250539 2.5
      vertex 0.09786316820633592 4.048817457024781 2.5
    endloop
  endfacet
  facet normal -0.09651392091451684 -0.9953316347176484 0
    outer loop
      vertex 0.29336094065513807 4.039361256250539 -1.7
      vertex 0.48817355503405807 4.020470940097119 2.5
      vertex 0.29336094065513807 4.039361256250539 2.5
    endloop
  endfacet
  facet normal -0.144489049569221 -0.9895063994510511 0
    outer loop
      vertex 0.48817355503405807 4.020470940097119 -1.7
      vertex 0.6818460174555062 3.9921906277731862 2.5
      vertex 0.48817355503405807 4.020470940097119 2.5
    endloop
  endfacet
  facet normal -0.19212671735371004 -0.9813701261394131 0
    outer loop
      vertex 0.6818460174555062 3.9921906277731862 -1.7
      vertex 0.8739259969096151 3.9545863692585517 2.5
      vertex 0.6818460174555062 3.9921906277731862 2.5
    endloop
  endfacet
  facet normal -0.23931566428755713 -0.9709418174260523 0
    outer loop
      vertex 0.8739259969096151 3.9545863692585517 -1.7
      vertex 1.0639648817042768 3.9077459910413834 2.5
      vertex 0.8739259969096151 3.9545863692585517 2.5
    endloop
  endfacet
  facet normal -0.28594567839869084 -0.9582458291091657 0
    outer loop
      vertex 1.0639648817042768 3.9077459910413834 -1.7
      vertex 1.251518827218537 3.8517788909953716 2.5
      vertex 1.0639648817042768 3.9077459910413834 2.5
    endloop
  endfacet
  facet normal -0.46472317204376984 -0.8854560256532091 0
    outer loop
      vertex 1.7949257596769272 3.6305290960476 -1.7
      vertex 1.968232823632555 3.539570532137397 2.5
      vertex 1.7949257596769272 3.6305290960476 2.5
    endloop
  endfacet
  facet normal -0.5069598538135895 -0.8619696668800497 0
    outer loop
      vertex 1.968232823632555 3.539570532137397 -1.7
      vertex 2.1369429886298374 3.44034513724216 2.5
      vertex 1.968232823632555 3.539570532137397 2.5
    endloop
  endfacet
  facet normal -0.5877852522924722 -0.8090169943749481 0
    outer loop
      vertex 2.3006622242611803 3.3330846568693087 -1.7
      vertex 2.4590081566657807 3.2180396028407046 2.5
      vertex 2.3006622242611803 3.3330846568693087 2.5
    endloop
  endfacet
  facet normal -0.5480125073546702 -0.8364701380102267 0
    outer loop
      vertex 2.1369429886298374 3.44034513724216 -1.7
      vertex 2.3006622242611803 3.3330846568693087 2.5
      vertex 2.1369429886298374 3.44034513724216 2.5
    endloop
  endfacet
  facet normal -0.33190785312852594 -0.943311813257744 0
    outer loop
      vertex 1.251518827218537 3.8517788909953716 -1.7
      vertex 1.4361497925222695 3.78681578287593 2.5
      vertex 1.251518827218537 3.8517788909953716 2.5
    endloop
  endfacet
  facet normal -0.3770948416883226 -0.9261746489577757 0
    outer loop
      vertex 1.4361497925222695 3.78681578287593 -1.7
      vertex 1.6174265634410667 3.7130083910321585 2.5
      vertex 1.4361497925222695 3.78681578287593 2.5
    endloop
  endfacet
  facet normal -0.421401107772528 -0.906874360850546 0
    outer loop
      vertex 1.6174265634410667 3.7130083910321585 -1.7
      vertex 1.7949257596769272 3.6305290960476 2.5
      vertex 1.6174265634410667 3.7130083910321585 2.5
    endloop
  endfacet
  facet normal -0.8229838658936567 -0.5680647467311555 0
    outer loop
      vertex 3.276518827218537 2.380530271784516 -1.7
      vertex 3.3877040589414182 2.2194506547864132 2.5
      vertex 3.276518827218537 2.380530271784516 2.5
    endloop
  endfacet
  facet normal -0.8964269372957048 -0.44319154559923934 0
    outer loop
      vertex 3.5860969038955 1.8821288467772626 -1.7
      vertex 3.6728411614447087 1.7066744864787426 2.5
      vertex 3.5860969038955 1.8821288467772626 2.5
    endloop
  endfacet
  facet normal -0.8739680326265173 -0.4859834132426074 0
    outer loop
      vertex 3.4909771508641994 2.0531874079450407 -1.7
      vertex 3.5860969038955 1.8821288467772626 2.5
      vertex 3.4909771508641994 2.0531874079450407 2.5
    endloop
  endfacet
  facet normal -0.8494679351215213 -0.5276402441061323 0
    outer loop
      vertex 3.3877040589414182 2.2194506547864132 -1.7
      vertex 3.4909771508641994 2.0531874079450407 2.5
      vertex 3.3877040589414182 2.2194506547864132 2.5
    endloop
  endfacet
  facet normal -0.9997080140801929 -0.024163745236131923 0
    outer loop
      vertex 4.045270518670923 0.1956691870783036 -1.7
      vertex 4.05 0 2.5
      vertex 4.045270518670923 0.1956691870783036 2.5
    endloop
  endfacet
  facet normal -0.9973731496914912 -0.07243480016176124 0
    outer loop
      vertex 4.031093120606477 0.39088137970378617 -1.7
      vertex 4.045270518670923 0.1956691870783036 2.5
      vertex 4.031093120606477 0.39088137970378617 2.5
    endloop
  endfacet
  facet normal -0.992708874098054 -0.12053668025532288 0
    outer loop
      vertex 4.007500917776757 0.5851806507553464 -1.7
      vertex 4.031093120606477 0.39088137970378617 2.5
      vertex 4.007500917776757 0.5851806507553464 2.5
    endloop
  endfacet
  facet normal -0.9648755533435516 -0.2627073781985868 0
    outer loop
      vertex 3.880895607892123 1.1580799975146916 -1.7
      vertex 3.9323143605755106 0.9692284403646089 2.5
      vertex 3.880895607892123 1.1580799975146916 2.5
    endloop
  endfacet
  facet normal -0.9857260809316507 -0.1683570413470395 0
    outer loop
      vertex 3.9745490108646244 0.7781132052825188 -1.7
      vertex 4.007500917776757 0.5851806507553464 2.5
      vertex 3.9745490108646244 0.7781132052825188 2.5
    endloop
  endfacet
  facet normal -0.976441078829272 -0.2157841967678063 0
    outer loop
      vertex 3.9323143605755106 0.9692284403646089 -1.7
      vertex 3.9745490108646244 0.7781132052825188 2.5
      vertex 3.9323143605755106 0.9692284403646089 2.5
    endloop
  endfacet
  facet normal -0.935016242685414 -0.35460488704253773 0
    outer loop
      vertex 3.7510073282789946 1.5272341088376975 -1.7
      vertex 3.82041284369386 1.34422680517054 2.5
      vertex 3.7510073282789946 1.5272341088376975 2.5
    endloop
  endfacet
  facet normal -0.951056516295154 -0.3090169943749464 0
    outer loop
      vertex 3.82041284369386 1.34422680517054 -1.7
      vertex 3.880895607892123 1.1580799975146916 2.5
      vertex 3.82041284369386 1.34422680517054 2.5
    endloop
  endfacet
  facet normal -0.9167921953165823 -0.3993645835656958 0
    outer loop
      vertex 3.6728411614447087 1.7066744864787426 -1.7
      vertex 3.7510073282789946 1.5272341088376975 2.5
      vertex 3.6728411614447087 1.7066744864787426 2.5
    endloop
  endfacet
  facet normal -0.6985113652489371 -0.7155989607441209 0
    outer loop
      vertex 2.7581142280865283 2.9656880997209827 -1.7
      vertex 2.8981757910136903 2.8289710292581947 2.5
      vertex 2.7581142280865283 2.9656880997209827 2.5
    endloop
  endfacet
  facet normal -0.7322686665977743 -0.6810158587867963 0
    outer loop
      vertex 2.8981757910136903 2.8289710292581947 -1.7
      vertex 3.031468530092959 2.6856467658752203 2.5
      vertex 2.8981757910136903 2.8289710292581947 2.5
    endloop
  endfacet
  facet normal -0.6261851975383153 -0.779674354063221 0
    outer loop
      vertex 2.4590081566657807 3.2180396028407046 -1.7
      vertex 2.6116109615814906 3.0954786682106854 2.5
      vertex 2.4590081566657807 3.2180396028407046 2.5
    endloop
  endfacet
  facet normal -0.6631226582407941 -0.7485107481711021 0
    outer loop
      vertex 2.6116109615814906 3.0954786682106854 -1.7
      vertex 2.7581142280865283 2.9656880997209827 2.5
      vertex 2.6116109615814906 3.0954786682106854 2.5
    endloop
  endfacet
  facet normal -0.7643157205458481 -0.6448422127361709 0
    outer loop
      vertex 3.031468530092959 2.6856467658752203 -1.7
      vertex 3.157681133956051 2.5360500500301697 2.5
      vertex 3.031468530092959 2.6856467658752203 2.5
    endloop
  endfacet
  facet normal -0.7945776797137537 -0.6071625078187121 0
    outer loop
      vertex 3.157681133956051 2.5360500500301697 -1.7
      vertex 3.276518827218537 2.380530271784516 2.5
      vertex 3.157681133956051 2.5360500500301697 2.5
    endloop
  endfacet
  facet normal 0.7945776797137535 0.6071625078187123 0
    outer loop
      vertex -1.6584848384686421 -1.2049597671995698 -1.7
      vertex -1.5983324258296054 -1.2836796549535432 -2.5
      vertex -1.6584848384686421 -1.2049597671995698 -2.5
    endloop
  endfacet
  facet normal 0.7643157205458474 0.6448422127361715 0
    outer loop
      vertex -1.5983324258296054 -1.2836796549535432 -1.7
      vertex -1.5344470337507568 -1.3594014493936302 -2.5
      vertex -1.5983324258296054 -1.2836796549535432 -2.5
    endloop
  endfacet
  facet normal 0.6631226582407965 0.7485107481710999 0
    outer loop
      vertex -1.3960825105129342 -1.5011507665254353 -1.7
      vertex -1.32192653610915 -1.5668472271189888 -2.5
      vertex -1.3960825105129342 -1.5011507665254353 -2.5
    endloop
  endfacet
  facet normal 0.6261851975383135 0.7796743540632224 0
    outer loop
      vertex -1.32192653610915 -1.5668472271189888 -1.7
      vertex -1.244683141028358 -1.628884243413196 -2.5
      vertex -1.32192653610915 -1.5668472271189888 -2.5
    endloop
  endfacet
  facet normal 0.5877852522924718 0.8090169943749483 0
    outer loop
      vertex -1.244683141028358 -1.628884243413196 -1.7
      vertex -1.164532730798869 -1.6871169250819955 -2.5
      vertex -1.244683141028358 -1.628884243413196 -2.5
    endloop
  endfacet
  facet normal 0.6985113652489368 0.7155989607441213 0
    outer loop
      vertex -1.4669778695254476 -1.4319482987603211 -1.7
      vertex -1.3960825105129342 -1.5011507665254353 -2.5
      vertex -1.4669778695254476 -1.4319482987603211 -2.5
    endloop
  endfacet
  facet normal 0.7322686665977746 0.681015858786796 0
    outer loop
      vertex -1.5344470337507568 -1.3594014493936302 -1.7
      vertex -1.4669778695254476 -1.4319482987603211 -2.5
      vertex -1.5344470337507568 -1.3594014493936302 -2.5
    endloop
  endfacet
  facet normal 0.7945776797137535 0.6071625078187123 0
    outer loop
      vertex -1.5983324258296054 -1.2836796549535432 -1.7
      vertex -1.5983324258296054 -1.2836796549535432 -2.5
      vertex -1.6584848384686421 -1.2049597671995698 -1.7
    endloop
  endfacet
  facet normal 0.7643157205458474 0.6448422127361715 -2.9920505483073153e-18
    outer loop
      vertex -1.5983324258296054 -1.2836796549535432 -1.7
      vertex -1.5344470337507568 -1.3594014493936302 -1.7
      vertex -1.5344470337507568 -1.3594014493936302 -2.5
    endloop
  endfacet
  facet normal 0.6631226582407965 0.7485107481710999 0
    outer loop
      vertex -1.32192653610915 -1.5668472271189888 -1.7
      vertex -1.32192653610915 -1.5668472271189888 -2.5
      vertex -1.3960825105129342 -1.5011507665254353 -1.7
    endloop
  endfacet
  facet normal 0.6261851975383135 0.7796743540632224 -2.597845276040558e-18
    outer loop
      vertex -1.32192653610915 -1.5668472271189888 -1.7
      vertex -1.244683141028358 -1.628884243413196 -1.7
      vertex -1.244683141028358 -1.628884243413196 -2.5
    endloop
  endfacet
  facet normal 0.7322686665977746 0.681015858786796 -1.405880244787634e-18
    outer loop
      vertex -1.5344470337507568 -1.3594014493936302 -1.7
      vertex -1.4669778695254476 -1.4319482987603211 -1.7
      vertex -1.4669778695254476 -1.4319482987603211 -2.5
    endloop
  endfacet
  facet normal 0.6985113652489368 0.7155989607441213 -3.702278465927688e-18
    outer loop
      vertex -1.4669778695254476 -1.4319482987603211 -1.7
      vertex -1.3960825105129342 -1.5011507665254353 -1.7
      vertex -1.3960825105129342 -1.5011507665254353 -2.5
    endloop
  endfacet
  facet normal 0.8964269372957034 0.44319154559924195 0
    outer loop
      vertex -1.859092439743618 -0.8638722709336849 -1.7
      vertex -1.8151848525890804 -0.952682502689725 -2.5
      vertex -1.859092439743618 -0.8638722709336849 -2.5
    endloop
  endfacet
  facet normal 0.9167921953165828 0.3993645835656945 0
    outer loop
      vertex -1.8986580303634415 -0.7730444254610571 -1.7
      vertex -1.859092439743618 -0.8638722709336849 -2.5
      vertex -1.8986580303634415 -0.7730444254610571 -2.5
    endloop
  endfacet
  facet normal 0.9350162426854148 0.35460488704253545 0
    outer loop
      vertex -1.933789217178373 -0.6804110989134834 -1.7
      vertex -1.8986580303634415 -0.7730444254610571 -2.5
      vertex -1.933789217178373 -0.6804110989134834 -2.5
    endloop
  endfacet
  facet normal 0.9510565162951532 0.30901699437494873 0
    outer loop
      vertex -1.9644039496737906 -0.5861886407173129 -1.7
      vertex -1.933789217178373 -0.6804110989134834 -2.5
      vertex -1.9644039496737906 -0.5861886407173129 -2.5
    endloop
  endfacet
  facet normal 0.8964269372957034 0.44319154559924195 0
    outer loop
      vertex -1.8151848525890804 -0.952682502689725 -1.7
      vertex -1.8151848525890804 -0.952682502689725 -2.5
      vertex -1.859092439743618 -0.8638722709336849 -1.7
    endloop
  endfacet
  facet normal 0.9167921953165828 0.3993645835656945 -2.5029692582847633e-18
    outer loop
      vertex -1.8986580303634415 -0.7730444254610571 -1.7
      vertex -1.859092439743618 -0.8638722709336849 -1.7
      vertex -1.859092439743618 -0.8638722709336849 -2.5
    endloop
  endfacet
  facet normal 0.9350162426854148 0.35460488704253545 0
    outer loop
      vertex -1.8986580303634415 -0.7730444254610571 -1.7
      vertex -1.8986580303634415 -0.7730444254610571 -2.5
      vertex -1.933789217178373 -0.6804110989134834 -1.7
    endloop
  endfacet
  facet normal 0.9510565162951532 0.30901699437494873 0
    outer loop
      vertex -1.933789217178373 -0.6804110989134834 -1.7
      vertex -1.933789217178373 -0.6804110989134834 -2.5
      vertex -1.9644039496737906 -0.5861886407173129 -1.7
    endloop
  endfacet
  facet normal 0.9648755533435519 0.262707378198585 0
    outer loop
      vertex -1.9904307257234064 -0.4905971117894931 -1.7
      vertex -1.9644039496737906 -0.5861886407173129 -2.5
      vertex -1.9904307257234064 -0.4905971117894931 -2.5
    endloop
  endfacet
  facet normal 0.9764410788292716 0.21578419676780836 0
    outer loop
      vertex -2.0118087585857976 -0.3938597705751018 -1.7
      vertex -1.9904307257234064 -0.4905971117894931 -2.5
      vertex -2.0118087585857976 -0.3938597705751018 -2.5
    endloop
  endfacet
  facet normal 0.9857260809316511 0.16835704134703652 0
    outer loop
      vertex -2.0284881188746544 -0.2962025516169041 -1.7
      vertex -2.0118087585857976 -0.3938597705751018 -2.5
      vertex -2.0284881188746544 -0.2962025516169041 -2.5
    endloop
  endfacet
  facet normal 0.9927088740980539 0.12053668025532312 0
    outer loop
      vertex -2.0404298511711794 -0.19785353787475626 -1.7
      vertex -2.0284881188746544 -0.2962025516169041 -2.5
      vertex -2.0404298511711794 -0.19785353787475626 -2.5
    endloop
  endfacet
  facet normal 0.999708014080193 0.024163745236132603 0
    outer loop
      vertex -2.05 0 -1.7
      vertex -2.0476060650062693 -0.09904242802728963 -2.5
      vertex -2.05 0 -2.5
    endloop
  endfacet
  facet normal 0.9973731496914909 0.07243480016176337 0
    outer loop
      vertex -2.0476060650062693 -0.09904242802728963 -1.7
      vertex -2.0404298511711794 -0.19785353787475626 -2.5
      vertex -2.0476060650062693 -0.09904242802728963 -2.5
    endloop
  endfacet
  facet normal 0.9648755533435519 0.262707378198585 0
    outer loop
      vertex -1.9644039496737906 -0.5861886407173129 -1.7
      vertex -1.9644039496737906 -0.5861886407173129 -2.5
      vertex -1.9904307257234064 -0.4905971117894931 -1.7
    endloop
  endfacet
  facet normal 0.9764410788292716 0.21578419676780836 0
    outer loop
      vertex -1.9904307257234064 -0.4905971117894931 -1.7
      vertex -1.9904307257234064 -0.4905971117894931 -2.5
      vertex -2.0118087585857976 -0.3938597705751018 -1.7
    endloop
  endfacet
  facet normal 0.9857260809316511 0.16835704134703652 -3.071671752434268e-19
    outer loop
      vertex -2.0284881188746544 -0.2962025516169041 -1.7
      vertex -2.0118087585857976 -0.3938597705751018 -1.7
      vertex -2.0118087585857976 -0.3938597705751018 -2.5
    endloop
  endfacet
  facet normal 0.9927088740980539 0.12053668025532312 0
    outer loop
      vertex -2.0284881188746544 -0.2962025516169041 -1.7
      vertex -2.0284881188746544 -0.2962025516169041 -2.5
      vertex -2.0404298511711794 -0.19785353787475626 -1.7
    endloop
  endfacet
  facet normal 0.9973731496914909 0.07243480016176337 0
    outer loop
      vertex -2.0404298511711794 -0.19785353787475626 -1.7
      vertex -2.0404298511711794 -0.19785353787475626 -2.5
      vertex -2.0476060650062693 -0.09904242802728963 -1.7
    endloop
  endfacet
  facet normal 0.999708014080193 0.024163745236132603 0
    outer loop
      vertex -2.0476060650062693 -0.09904242802728963 -1.7
      vertex -2.0476060650062693 -0.09904242802728963 -2.5
      vertex -2.05 0 -1.7
    endloop
  endfacet
  facet normal 0.849467935121522 0.5276402441061311 0
    outer loop
      vertex -1.7670378171041008 -1.0392677003178599 -1.7
      vertex -1.7147637829209648 -1.1234256400770732 -2.5
      vertex -1.7670378171041008 -1.0392677003178599 -2.5
    endloop
  endfacet
  facet normal 0.8229838658936566 0.5680647467311556 0
    outer loop
      vertex -1.7147637829209648 -1.1234256400770732 -1.7
      vertex -1.6584848384686421 -1.2049597671995698 -2.5
      vertex -1.7147637829209648 -1.1234256400770732 -2.5
    endloop
  endfacet
  facet normal 0.8739680326265172 0.4859834132426074 0
    outer loop
      vertex -1.8151848525890804 -0.952682502689725 -1.7
      vertex -1.7670378171041008 -1.0392677003178599 -2.5
      vertex -1.8151848525890804 -0.952682502689725 -2.5
    endloop
  endfacet
  facet normal 0.8229838658936566 0.5680647467311556 0
    outer loop
      vertex -1.6584848384686421 -1.2049597671995698 -1.7
      vertex -1.6584848384686421 -1.2049597671995698 -2.5
      vertex -1.7147637829209648 -1.1234256400770732 -1.7
    endloop
  endfacet
  facet normal 0.849467935121522 0.5276402441061311 0
    outer loop
      vertex -1.7147637829209648 -1.1234256400770732 -1.7
      vertex -1.7147637829209648 -1.1234256400770732 -2.5
      vertex -1.7670378171041008 -1.0392677003178599 -1.7
    endloop
  endfacet
  facet normal 0.8739680326265172 0.4859834132426074 0
    outer loop
      vertex -1.7670378171041008 -1.0392677003178599 -1.7
      vertex -1.7670378171041008 -1.0392677003178599 -2.5
      vertex -1.8151848525890804 -0.952682502689725 -1.7
    endloop
  endfacet
  facet normal 0.42140110777252726 0.9068743608505462 0
    outer loop
      vertex -0.908542668478445 -1.8376752214561924 -1.7
      vertex -0.8186973963096761 -1.8794240003989935 -2.5
      vertex -0.908542668478445 -1.8376752214561924 -2.5
    endloop
  endfacet
  facet normal 0.3770948416883222 0.9261746489577759 0
    outer loop
      vertex -0.8186973963096761 -1.8794240003989935 -1.7
      vertex -0.726940018437198 -1.9167832975051002 -2.5
      vertex -0.8186973963096761 -1.8794240003989935 -2.5
    endloop
  endfacet
  facet normal 0.3319078531285272 0.9433118132577435 0
    outer loop
      vertex -0.726940018437198 -1.9167832975051002 -1.7
      vertex -0.6334848384686421 -1.9496658584050646 -2.5
      vertex -0.726940018437198 -1.9167832975051002 -2.5
    endloop
  endfacet
  facet normal 0.4647231720437687 0.8854560256532099 4.352169018847133e-18
    outer loop
      vertex -0.9962659971473419 -1.791634466884362 -1.7
      vertex -0.908542668478445 -1.8376752214561924 -1.7
      vertex -0.908542668478445 -1.8376752214561924 -2.5
    endloop
  endfacet
  facet normal 0.42140110777252726 0.9068743608505462 3.156524171513172e-19
    outer loop
      vertex -0.908542668478445 -1.8376752214561924 -1.7
      vertex -0.8186973963096761 -1.8794240003989935 -1.7
      vertex -0.8186973963096761 -1.8794240003989935 -2.5
    endloop
  endfacet
  facet normal 0.3770948416883222 0.9261746489577759 1.3625874513014603e-19
    outer loop
      vertex -0.8186973963096761 -1.8794240003989935 -1.7
      vertex -0.726940018437198 -1.9167832975051002 -1.7
      vertex -0.726940018437198 -1.9167832975051002 -2.5
    endloop
  endfacet
  facet normal 0.3319078531285272 0.9433118132577435 1.1246950213213354e-18
    outer loop
      vertex -0.726940018437198 -1.9167832975051002 -1.7
      vertex -0.6334848384686421 -1.9496658584050646 -1.7
      vertex -0.6334848384686421 -1.9496658584050646 -2.5
    endloop
  endfacet
  facet normal 0.5480125073546704 0.8364701380102264 0
    outer loop
      vertex -1.164532730798869 -1.6871169250819955 -1.7
      vertex -1.0816625004175717 -1.7414092669991181 -2.5
      vertex -1.164532730798869 -1.6871169250819955 -2.5
    endloop
  endfacet
  facet normal 0.5069598538135907 0.8619696668800491 0
    outer loop
      vertex -1.0816625004175717 -1.7414092669991181 -1.7
      vertex -0.9962659971473419 -1.791634466884362 -2.5
      vertex -1.0816625004175717 -1.7414092669991181 -2.5
    endloop
  endfacet
  facet normal 0.4647231720437687 0.8854560256532099 0
    outer loop
      vertex -0.9962659971473419 -1.791634466884362 -1.7
      vertex -0.908542668478445 -1.8376752214561924 -2.5
      vertex -0.9962659971473419 -1.791634466884362 -2.5
    endloop
  endfacet
  facet normal 0.5877852522924718 0.8090169943749483 0
    outer loop
      vertex -1.164532730798869 -1.6871169250819955 -1.7
      vertex -1.164532730798869 -1.6871169250819955 -2.5
      vertex -1.244683141028358 -1.628884243413196 -1.7
    endloop
  endfacet
  facet normal 0.5480125073546704 0.8364701380102264 -8.828355469124474e-19
    outer loop
      vertex -1.164532730798869 -1.6871169250819955 -1.7
      vertex -1.0816625004175717 -1.7414092669991181 -1.7
      vertex -1.0816625004175717 -1.7414092669991181 -2.5
    endloop
  endfacet
  facet normal 0.5069598538135907 0.8619696668800491 1.2648901780600682e-18
    outer loop
      vertex -1.0816625004175717 -1.7414092669991181 -1.7
      vertex -0.9962659971473419 -1.791634466884362 -1.7
      vertex -0.9962659971473419 -1.791634466884362 -2.5
    endloop
  endfacet
  facet normal 0.23931566428755652 0.9709418174260523 0
    outer loop
      vertex -0.538550125307103 -1.9779948843542803 -1.7
      vertex -0.44235760337400226 -2.0017042116000074 -2.5
      vertex -0.538550125307103 -1.9779948843542803 -2.5
    endloop
  endfacet
  facet normal 0.2859456783986895 0.9582458291091662 0
    outer loop
      vertex -0.6334848384686421 -1.9496658584050646 -1.7
      vertex -0.538550125307103 -1.9779948843542803 -2.5
      vertex -0.6334848384686421 -1.9496658584050646 -2.5
    endloop
  endfacet
  facet normal 0.1921267173537095 0.9813701261394132 0
    outer loop
      vertex -0.44235760337400226 -2.0017042116000074 -1.7
      vertex -0.34513193476142856 -2.020738465909884 -2.5
      vertex -0.44235760337400226 -2.0017042116000074 -2.5
    endloop
  endfacet
  facet normal 0.1444890495692223 0.989506399451051 0
    outer loop
      vertex -0.34513193476142856 -2.020738465909884 -1.7
      vertex -0.24710019452341164 -2.0350531919010106 -2.5
      vertex -0.34513193476142856 -2.020738465909884 -2.5
    endloop
  endfacet
  facet normal 0.09651392091451648 0.9953316347176485 0
    outer loop
      vertex -0.24710019452341164 -2.0350531919010106 -1.7
      vertex -0.14849134033161207 -2.044614956867557 -2.5
      vertex -0.24710019452341164 -2.0350531919010106 -2.5
    endloop
  endfacet
  facet normal 0.04831337952550115 0.998832226832327 0
    outer loop
      vertex -0.14849134033161207 -2.044614956867557 -1.7
      vertex -0.04953567773406955 -2.049401428864395 -2.5
      vertex -0.14849134033161207 -2.044614956867557 -2.5
    endloop
  endfacet
  facet normal 0 1 0
    outer loop
      vertex -0.04953567773406974 -2.049401428864395 -1.7
      vertex 0.04953567773407025 -2.049401428864395 -2.5
      vertex -0.04953567773406955 -2.049401428864395 -2.5
    endloop
  endfacet
  facet normal 0.23931566428755652 0.9709418174260523 6.615345870578495e-19
    outer loop
      vertex -0.538550125307103 -1.9779948843542803 -1.7
      vertex -0.44235760337400226 -2.0017042116000074 -1.7
      vertex -0.44235760337400226 -2.0017042116000074 -2.5
    endloop
  endfacet
  facet normal 0.2859456783986895 0.9582458291091662 5.140954078210754e-19
    outer loop
      vertex -0.6334848384686421 -1.9496658584050646 -1.7
      vertex -0.538550125307103 -1.9779948843542803 -1.7
      vertex -0.538550125307103 -1.9779948843542803 -2.5
    endloop
  endfacet
  facet normal 0.1921267173537095 0.9813701261394132 -4.1337339883445325e-19
    outer loop
      vertex -0.44235760337400226 -2.0017042116000074 -1.7
      vertex -0.34513193476142856 -2.020738465909884 -1.7
      vertex -0.34513193476142856 -2.020738465909884 -2.5
    endloop
  endfacet
  facet normal 0.1444890495692223 0.989506399451051 0
    outer loop
      vertex -0.24710019452341164 -2.0350531919010106 -1.7
      vertex -0.24710019452341164 -2.0350531919010106 -2.5
      vertex -0.34513193476142856 -2.020738465909884 -1.7
    endloop
  endfacet
  facet normal 0.09651392091451648 0.9953316347176485 -3.552829437485165e-19
    outer loop
      vertex -0.24710019452341164 -2.0350531919010106 -1.7
      vertex -0.14849134033161207 -2.044614956867557 -1.7
      vertex -0.14849134033161207 -2.044614956867557 -2.5
    endloop
  endfacet
  facet normal 0.04831337952550124 0.998832226832327 1.1928620075372884e-17
    outer loop
      vertex -0.14849134033161207 -2.044614956867557 -1.7
      vertex -0.04953567773406974 -2.049401428864395 -1.7
      vertex -0.04953567773406955 -2.049401428864395 -2.5
    endloop
  endfacet
  facet normal 0.999708014080193 -0.024163745236132603 0
    outer loop
      vertex -2.0476060650062693 0.09904242802728963 -1.7
      vertex -2.05 0 -2.5
      vertex -2.0476060650062693 0.09904242802728963 -2.5
    endloop
  endfacet
  facet normal 0.9973731496914909 -0.07243480016176337 0
    outer loop
      vertex -2.0404298511711794 0.19785353787475626 -1.7
      vertex -2.0476060650062693 0.09904242802728963 -2.5
      vertex -2.0404298511711794 0.19785353787475626 -2.5
    endloop
  endfacet
  facet normal 0.9927088740980539 -0.12053668025532312 0
    outer loop
      vertex -2.0284881188746544 0.2962025516169041 -1.7
      vertex -2.0404298511711794 0.19785353787475626 -2.5
      vertex -2.0284881188746544 0.2962025516169041 -2.5
    endloop
  endfacet
  facet normal 0.9857260809316511 -0.16835704134703652 0
    outer loop
      vertex -2.0118087585857976 0.3938597705751018 -1.7
      vertex -2.0284881188746544 0.2962025516169041 -2.5
      vertex -2.0118087585857976 0.3938597705751018 -2.5
    endloop
  endfacet
  facet normal 0.9764410788292716 -0.21578419676780836 0
    outer loop
      vertex -1.9904307257234064 0.4905971117894931 -1.7
      vertex -2.0118087585857976 0.3938597705751018 -2.5
      vertex -1.9904307257234064 0.4905971117894931 -2.5
    endloop
  endfacet
  facet normal 0.9648755533435519 -0.262707378198585 0
    outer loop
      vertex -1.9644039496737906 0.5861886407173129 -1.7
      vertex -1.9904307257234064 0.4905971117894931 -2.5
      vertex -1.9644039496737906 0.5861886407173129 -2.5
    endloop
  endfacet
  facet normal 0.999708014080193 -0.024163745236132603 0
    outer loop
      vertex -2.05 0 -1.7
      vertex -2.05 0 -2.5
      vertex -2.0476060650062693 0.09904242802728963 -1.7
    endloop
  endfacet
  facet normal 0.9973731496914909 -0.07243480016176337 0
    outer loop
      vertex -2.0476060650062693 0.09904242802728963 -1.7
      vertex -2.0476060650062693 0.09904242802728963 -2.5
      vertex -2.0404298511711794 0.19785353787475626 -1.7
    endloop
  endfacet
  facet normal 0.9927088740980539 -0.12053668025532312 0
    outer loop
      vertex -2.0404298511711794 0.19785353787475626 -1.7
      vertex -2.0404298511711794 0.19785353787475626 -2.5
      vertex -2.0284881188746544 0.2962025516169041 -1.7
    endloop
  endfacet
  facet normal 0.9857260809316511 -0.16835704134703652 0
    outer loop
      vertex -2.0284881188746544 0.2962025516169041 -1.7
      vertex -2.0284881188746544 0.2962025516169041 -2.5
      vertex -2.0118087585857976 0.3938597705751018 -1.7
    endloop
  endfacet
  facet normal 0.9764410788292716 -0.21578419676780836 0
    outer loop
      vertex -2.0118087585857976 0.3938597705751018 -1.7
      vertex -2.0118087585857976 0.3938597705751018 -2.5
      vertex -1.9904307257234064 0.4905971117894931 -1.7
    endloop
  endfacet
  facet normal 0.9648755533435519 -0.262707378198585 0
    outer loop
      vertex -1.9904307257234064 0.4905971117894931 -1.7
      vertex -1.9904307257234064 0.4905971117894931 -2.5
      vertex -1.9644039496737906 0.5861886407173129 -1.7
    endloop
  endfacet
  facet normal 0.9510565162951532 -0.30901699437494873 0
    outer loop
      vertex -1.933789217178373 0.6804110989134834 -1.7
      vertex -1.9644039496737906 0.5861886407173129 -2.5
      vertex -1.933789217178373 0.6804110989134834 -2.5
    endloop
  endfacet
  facet normal 0.9350162426854148 -0.35460488704253545 0
    outer loop
      vertex -1.8986580303634415 0.7730444254610571 -1.7
      vertex -1.933789217178373 0.6804110989134834 -2.5
      vertex -1.8986580303634415 0.7730444254610571 -2.5
    endloop
  endfacet
  facet normal 0.9167921953165828 -0.3993645835656945 0
    outer loop
      vertex -1.859092439743618 0.8638722709336849 -1.7
      vertex -1.8986580303634415 0.7730444254610571 -2.5
      vertex -1.859092439743618 0.8638722709336849 -2.5
    endloop
  endfacet
  facet normal 0.8964269372957034 -0.44319154559924195 0
    outer loop
      vertex -1.8151848525890804 0.952682502689725 -1.7
      vertex -1.859092439743618 0.8638722709336849 -2.5
      vertex -1.8151848525890804 0.952682502689725 -2.5
    endloop
  endfacet
  facet normal 0.9510565162951532 -0.30901699437494873 0
    outer loop
      vertex -1.9644039496737906 0.5861886407173129 -1.7
      vertex -1.9644039496737906 0.5861886407173129 -2.5
      vertex -1.933789217178373 0.6804110989134834 -1.7
    endloop
  endfacet
  facet normal 0.9350162426854148 -0.35460488704253545 0
    outer loop
      vertex -1.933789217178373 0.6804110989134834 -1.7
      vertex -1.933789217178373 0.6804110989134834 -2.5
      vertex -1.8986580303634415 0.7730444254610571 -1.7
    endloop
  endfacet
  facet normal 0.9167921953165828 -0.3993645835656945 0
    outer loop
      vertex -1.8986580303634415 0.7730444254610571 -1.7
      vertex -1.8986580303634415 0.7730444254610571 -2.5
      vertex -1.859092439743618 0.8638722709336849 -1.7
    endloop
  endfacet
  facet normal 0.8964269372957034 -0.44319154559924195 0
    outer loop
      vertex -1.859092439743618 0.8638722709336849 -1.7
      vertex -1.859092439743618 0.8638722709336849 -2.5
      vertex -1.8151848525890804 0.952682502689725 -1.7
    endloop
  endfacet
  facet normal 0.8739680326265172 -0.4859834132426074 0
    outer loop
      vertex -1.7670378171041008 1.0392677003178599 -1.7
      vertex -1.8151848525890804 0.952682502689725 -2.5
      vertex -1.7670378171041008 1.0392677003178599 -2.5
    endloop
  endfacet
  facet normal 0.849467935121522 -0.5276402441061311 0
    outer loop
      vertex -1.7147637829209648 1.1234256400770732 -1.7
      vertex -1.7670378171041008 1.0392677003178599 -2.5
      vertex -1.7147637829209648 1.1234256400770732 -2.5
    endloop
  endfacet
  facet normal 0.8229838658936566 -0.5680647467311556 0
    outer loop
      vertex -1.6584848384686421 1.2049597671995698 -1.7
      vertex -1.7147637829209648 1.1234256400770732 -2.5
      vertex -1.6584848384686421 1.2049597671995698 -2.5
    endloop
  endfacet
  facet normal 0.8739680326265172 -0.4859834132426074 0
    outer loop
      vertex -1.8151848525890804 0.952682502689725 -1.7
      vertex -1.8151848525890804 0.952682502689725 -2.5
      vertex -1.7670378171041008 1.0392677003178599 -1.7
    endloop
  endfacet
  facet normal 0.849467935121522 -0.5276402441061311 0
    outer loop
      vertex -1.7670378171041008 1.0392677003178599 -1.7
      vertex -1.7670378171041008 1.0392677003178599 -2.5
      vertex -1.7147637829209648 1.1234256400770732 -1.7
    endloop
  endfacet
  facet normal 0.8229838658936566 -0.5680647467311556 0
    outer loop
      vertex -1.7147637829209648 1.1234256400770732 -1.7
      vertex -1.7147637829209648 1.1234256400770732 -2.5
      vertex -1.6584848384686421 1.2049597671995698 -1.7
    endloop
  endfacet
  facet normal 0.7945776797137535 -0.6071625078187123 0
    outer loop
      vertex -1.5983324258296054 1.2836796549535432 -1.7
      vertex -1.6584848384686421 1.2049597671995698 -2.5
      vertex -1.5983324258296054 1.2836796549535432 -2.5
    endloop
  endfacet
  facet normal 0.7643157205458474 -0.6448422127361715 0
    outer loop
      vertex -1.5344470337507568 1.3594014493936302 -1.7
      vertex -1.5983324258296054 1.2836796549535432 -2.5
      vertex -1.5344470337507568 1.3594014493936302 -2.5
    endloop
  endfacet
  facet normal 0.7322686665977746 -0.681015858786796 0
    outer loop
      vertex -1.4669778695254476 1.4319482987603211 -1.7
      vertex -1.5344470337507568 1.3594014493936302 -2.5
      vertex -1.4669778695254476 1.4319482987603211 -2.5
    endloop
  endfacet
  facet normal 0.6985113652489368 -0.7155989607441213 0
    outer loop
      vertex -1.3960825105129342 1.5011507665254353 -1.7
      vertex -1.4669778695254476 1.4319482987603211 -2.5
      vertex -1.3960825105129342 1.5011507665254353 -2.5
    endloop
  endfacet
  facet normal 0.6631226582407965 -0.7485107481710999 0
    outer loop
      vertex -1.32192653610915 1.5668472271189888 -1.7
      vertex -1.3960825105129342 1.5011507665254353 -2.5
      vertex -1.32192653610915 1.5668472271189888 -2.5
    endloop
  endfacet
  facet normal 0.6261851975383135 -0.7796743540632224 0
    outer loop
      vertex -1.244683141028358 1.628884243413196 -1.7
      vertex -1.32192653610915 1.5668472271189888 -2.5
      vertex -1.244683141028358 1.628884243413196 -2.5
    endloop
  endfacet
  facet normal 0.7945776797137535 -0.6071625078187123 0
    outer loop
      vertex -1.6584848384686421 1.2049597671995698 -1.7
      vertex -1.6584848384686421 1.2049597671995698 -2.5
      vertex -1.5983324258296054 1.2836796549535432 -1.7
    endloop
  endfacet
  facet normal 0.7643157205458474 -0.6448422127361715 0
    outer loop
      vertex -1.5983324258296054 1.2836796549535432 -1.7
      vertex -1.5983324258296054 1.2836796549535432 -2.5
      vertex -1.5344470337507568 1.3594014493936302 -1.7
    endloop
  endfacet
  facet normal 0.7322686665977746 -0.681015858786796 0
    outer loop
      vertex -1.5344470337507568 1.3594014493936302 -1.7
      vertex -1.5344470337507568 1.3594014493936302 -2.5
      vertex -1.4669778695254476 1.4319482987603211 -1.7
    endloop
  endfacet
  facet normal 0.6985113652489368 -0.7155989607441213 0
    outer loop
      vertex -1.4669778695254476 1.4319482987603211 -1.7
      vertex -1.4669778695254476 1.4319482987603211 -2.5
      vertex -1.3960825105129342 1.5011507665254353 -1.7
    endloop
  endfacet
  facet normal 0.6631226582407965 -0.7485107481710999 0
    outer loop
      vertex -1.3960825105129342 1.5011507665254353 -1.7
      vertex -1.3960825105129342 1.5011507665254353 -2.5
      vertex -1.32192653610915 1.5668472271189888 -1.7
    endloop
  endfacet
  facet normal 0.6261851975383135 -0.7796743540632224 0
    outer loop
      vertex -1.32192653610915 1.5668472271189888 -1.7
      vertex -1.32192653610915 1.5668472271189888 -2.5
      vertex -1.244683141028358 1.628884243413196 -1.7
    endloop
  endfacet
  facet normal 0.5877852522924718 -0.8090169943749483 0
    outer loop
      vertex -1.244683141028358 1.628884243413196 -1.7
      vertex -1.244683141028358 1.628884243413196 -2.5
      vertex -1.164532730798869 1.6871169250819955 -1.7
    endloop
  endfacet
  facet normal 0.5877852522924718 -0.8090169943749483 0
    outer loop
      vertex -1.164532730798869 1.6871169250819955 -1.7
      vertex -1.244683141028358 1.628884243413196 -2.5
      vertex -1.164532730798869 1.6871169250819955 -2.5
    endloop
  endfacet
  facet normal 0.5480125073546704 -0.8364701380102264 0
    outer loop
      vertex -1.0816625004175717 1.7414092669991181 -1.7
      vertex -1.164532730798869 1.6871169250819955 -2.5
      vertex -1.0816625004175717 1.7414092669991181 -2.5
    endloop
  endfacet
  facet normal 0.5069598538135908 -0.8619696668800491 0
    outer loop
      vertex -0.9962659971473427 1.7916344668843616 -1.7
      vertex -1.0816625004175717 1.7414092669991181 -2.5
      vertex -0.9962659971473427 1.7916344668843616 -2.5
    endloop
  endfacet
  facet normal 0.5480125073546704 -0.8364701380102264 0
    outer loop
      vertex -1.164532730798869 1.6871169250819955 -1.7
      vertex -1.164532730798869 1.6871169250819955 -2.5
      vertex -1.0816625004175717 1.7414092669991181 -1.7
    endloop
  endfacet
  facet normal 0.5069598538135908 -0.8619696668800491 0
    outer loop
      vertex -1.0816625004175717 1.7414092669991181 -1.7
      vertex -1.0816625004175717 1.7414092669991181 -2.5
      vertex -0.9962659971473427 1.7916344668843616 -1.7
    endloop
  endfacet
  facet normal 0.4647231720437689 -0.8854560256532098 0
    outer loop
      vertex -0.9962659971473427 1.7916344668843616 -1.7
      vertex -0.9962659971473427 1.7916344668843616 -2.5
      vertex -0.9085426684784446 1.8376752214561927 -1.7
    endloop
  endfacet
  facet normal 0.4647231720437689 -0.8854560256532098 0
    outer loop
      vertex -0.9085426684784446 1.8376752214561927 -1.7
      vertex -0.9962659971473427 1.7916344668843616 -2.5
      vertex -0.9085426684784446 1.8376752214561927 -2.5
    endloop
  endfacet
  facet normal 0.42140110777252726 -0.9068743608505462 0
    outer loop
      vertex -0.8186973963096756 1.8794240003989937 -1.7
      vertex -0.9085426684784446 1.8376752214561927 -2.5
      vertex -0.8186973963096756 1.8794240003989937 -2.5
    endloop
  endfacet
  facet normal 0.3770948416883218 -0.926174648957776 0
    outer loop
      vertex -0.726940018437198 1.9167832975051002 -1.7
      vertex -0.8186973963096756 1.8794240003989937 -2.5
      vertex -0.726940018437198 1.9167832975051002 -2.5
    endloop
  endfacet
  facet normal 0.3319078531285272 -0.9433118132577435 0
    outer loop
      vertex -0.6334848384686421 1.9496658584050646 -1.7
      vertex -0.726940018437198 1.9167832975051002 -2.5
      vertex -0.6334848384686421 1.9496658584050646 -2.5
    endloop
  endfacet
  facet normal 0.42140110777252726 -0.9068743608505462 0
    outer loop
      vertex -0.9085426684784446 1.8376752214561927 -1.7
      vertex -0.9085426684784446 1.8376752214561927 -2.5
      vertex -0.8186973963096756 1.8794240003989937 -1.7
    endloop
  endfacet
  facet normal 0.3770948416883218 -0.926174648957776 0
    outer loop
      vertex -0.8186973963096756 1.8794240003989937 -1.7
      vertex -0.8186973963096756 1.8794240003989937 -2.5
      vertex -0.726940018437198 1.9167832975051002 -1.7
    endloop
  endfacet
  facet normal 0.3319078531285272 -0.9433118132577435 0
    outer loop
      vertex -0.726940018437198 1.9167832975051002 -1.7
      vertex -0.726940018437198 1.9167832975051002 -2.5
      vertex -0.6334848384686421 1.9496658584050646 -1.7
    endloop
  endfacet
  facet normal 0.2859456783986895 -0.9582458291091662 0
    outer loop
      vertex -0.538550125307103 1.9779948843542803 -1.7
      vertex -0.6334848384686421 1.9496658584050646 -2.5
      vertex -0.538550125307103 1.9779948843542803 -2.5
    endloop
  endfacet
  facet normal 0.23931566428755757 -0.9709418174260521 0
    outer loop
      vertex -0.4423576033740027 2.0017042116000074 -1.7
      vertex -0.538550125307103 1.9779948843542803 -2.5
      vertex -0.4423576033740027 2.0017042116000074 -2.5
    endloop
  endfacet
  facet normal 0.19212671735370962 -0.9813701261394132 0
    outer loop
      vertex -0.34513193476142906 2.020738465909884 -1.7
      vertex -0.4423576033740027 2.0017042116000074 -2.5
      vertex -0.34513193476142906 2.020738465909884 -2.5
    endloop
  endfacet
  facet normal 0.14448904956922226 -0.989506399451051 0
    outer loop
      vertex -0.24710019452341211 2.0350531919010106 -1.7
      vertex -0.34513193476142906 2.020738465909884 -2.5
      vertex -0.24710019452341211 2.0350531919010106 -2.5
    endloop
  endfacet
  facet normal 0.09651392091451698 -0.9953316347176484 0
    outer loop
      vertex -0.14849134033161307 2.044614956867557 -1.7
      vertex -0.24710019452341211 2.0350531919010106 -2.5
      vertex -0.14849134033161307 2.044614956867557 -2.5
    endloop
  endfacet
  facet normal 0.0483133795255015 -0.998832226832327 0
    outer loop
      vertex -0.04953567773407126 2.049401428864395 -1.7
      vertex -0.14849134033161307 2.044614956867557 -2.5
      vertex -0.04953567773407126 2.049401428864395 -2.5
    endloop
  endfacet
  facet normal 0.2859456783986895 -0.9582458291091662 0
    outer loop
      vertex -0.6334848384686421 1.9496658584050646 -1.7
      vertex -0.6334848384686421 1.9496658584050646 -2.5
      vertex -0.538550125307103 1.9779948843542803 -1.7
    endloop
  endfacet
  facet normal 0.23931566428755757 -0.9709418174260521 0
    outer loop
      vertex -0.538550125307103 1.9779948843542803 -1.7
      vertex -0.538550125307103 1.9779948843542803 -2.5
      vertex -0.4423576033740027 2.0017042116000074 -1.7
    endloop
  endfacet
  facet normal 0.19212671735370962 -0.9813701261394132 0
    outer loop
      vertex -0.4423576033740027 2.0017042116000074 -1.7
      vertex -0.4423576033740027 2.0017042116000074 -2.5
      vertex -0.34513193476142906 2.020738465909884 -1.7
    endloop
  endfacet
  facet normal 0.14448904956922226 -0.989506399451051 0
    outer loop
      vertex -0.34513193476142906 2.020738465909884 -1.7
      vertex -0.34513193476142906 2.020738465909884 -2.5
      vertex -0.24710019452341211 2.0350531919010106 -1.7
    endloop
  endfacet
  facet normal 0.09651392091451698 -0.9953316347176484 0
    outer loop
      vertex -0.24710019452341211 2.0350531919010106 -1.7
      vertex -0.24710019452341211 2.0350531919010106 -2.5
      vertex -0.14849134033161307 2.044614956867557 -1.7
    endloop
  endfacet
  facet normal 0.0483133795255015 -0.998832226832327 0
    outer loop
      vertex -0.14849134033161307 2.044614956867557 -1.7
      vertex -0.14849134033161307 2.044614956867557 -2.5
      vertex -0.04953567773407126 2.049401428864395 -1.7
    endloop
  endfacet
  facet normal 0 -1 0
    outer loop
      vertex -0.04953567773407126 2.049401428864395 -1.7
      vertex -0.04953567773407126 2.049401428864395 -2.5
      vertex 0.04953567773407126 2.049401428864395 -1.7
    endloop
  endfacet
  facet normal -0.04831337952550149 0.998832226832327 0
    outer loop
      vertex 0.04953567773407025 -2.049401428864395 -1.7
      vertex 0.14849134033161207 -2.044614956867557 -2.5
      vertex 0.04953567773407025 -2.049401428864395 -2.5
    endloop
  endfacet
  facet normal -0.09651392091451648 0.9953316347176485 0
    outer loop
      vertex 0.14849134033161207 -2.044614956867557 -1.7
      vertex 0.24710019452341164 -2.0350531919010106 -2.5
      vertex 0.14849134033161207 -2.044614956867557 -2.5
    endloop
  endfacet
  facet normal -0.1444890495692223 0.989506399451051 0
    outer loop
      vertex 0.24710019452341164 -2.0350531919010106 -1.7
      vertex 0.34513193476142856 -2.020738465909884 -2.5
      vertex 0.24710019452341164 -2.0350531919010106 -2.5
    endloop
  endfacet
  facet normal -0.1921267173537095 0.9813701261394132 0
    outer loop
      vertex 0.34513193476142856 -2.020738465909884 -1.7
      vertex 0.44235760337400226 -2.0017042116000074 -2.5
      vertex 0.34513193476142856 -2.020738465909884 -2.5
    endloop
  endfacet
  facet normal -0.23931566428755652 0.9709418174260523 0
    outer loop
      vertex 0.44235760337400226 -2.0017042116000074 -1.7
      vertex 0.538550125307103 -1.9779948843542803 -2.5
      vertex 0.44235760337400226 -2.0017042116000074 -2.5
    endloop
  endfacet
  facet normal -0.2859456783986895 0.9582458291091662 0
    outer loop
      vertex 0.538550125307103 -1.9779948843542803 -1.7
      vertex 0.6334848384686421 -1.9496658584050646 -2.5
      vertex 0.538550125307103 -1.9779948843542803 -2.5
    endloop
  endfacet
  facet normal 0 1 0
    outer loop
      vertex -0.04953567773406974 -2.049401428864395 -1.7
      vertex 0.04953567773407025 -2.049401428864395 -1.7
      vertex 0.04953567773407025 -2.049401428864395 -2.5
    endloop
  endfacet
  facet normal -0.04831337952550149 0.998832226832327 3.062937425124649e-19
    outer loop
      vertex 0.04953567773407025 -2.049401428864395 -1.7
      vertex 0.14849134033161207 -2.044614956867557 -1.7
      vertex 0.14849134033161207 -2.044614956867557 -2.5
    endloop
  endfacet
  facet normal -0.09651392091451648 0.9953316347176485 3.552829437485165e-19
    outer loop
      vertex 0.14849134033161207 -2.044614956867557 -1.7
      vertex 0.24710019452341164 -2.0350531919010106 -1.7
      vertex 0.24710019452341164 -2.0350531919010106 -2.5
    endloop
  endfacet
  facet normal -0.1444890495692223 0.989506399451051 -6.296487691591222e-19
    outer loop
      vertex 0.24710019452341164 -2.0350531919010106 -1.7
      vertex 0.34513193476142856 -2.020738465909884 -1.7
      vertex 0.34513193476142856 -2.020738465909884 -2.5
    endloop
  endfacet
  facet normal -0.1921267173537095 0.9813701261394132 4.1337339883445325e-19
    outer loop
      vertex 0.34513193476142856 -2.020738465909884 -1.7
      vertex 0.44235760337400226 -2.0017042116000074 -1.7
      vertex 0.44235760337400226 -2.0017042116000074 -2.5
    endloop
  endfacet
  facet normal -0.23931566428755652 0.9709418174260523 -6.615345870578495e-19
    outer loop
      vertex 0.44235760337400226 -2.0017042116000074 -1.7
      vertex 0.538550125307103 -1.9779948843542803 -1.7
      vertex 0.538550125307103 -1.9779948843542803 -2.5
    endloop
  endfacet
  facet normal -0.2859456783986895 0.9582458291091662 -5.140954078210754e-19
    outer loop
      vertex 0.538550125307103 -1.9779948843542803 -1.7
      vertex 0.6334848384686421 -1.9496658584050646 -1.7
      vertex 0.6334848384686421 -1.9496658584050646 -2.5
    endloop
  endfacet
  facet normal -0.3319078531285272 0.9433118132577435 0
    outer loop
      vertex 0.6334848384686421 -1.9496658584050646 -1.7
      vertex 0.726940018437198 -1.9167832975051002 -2.5
      vertex 0.6334848384686421 -1.9496658584050646 -2.5
    endloop
  endfacet
  facet normal -0.3770948416883222 0.9261746489577759 0
    outer loop
      vertex 0.726940018437198 -1.9167832975051002 -1.7
      vertex 0.8186973963096761 -1.8794240003989935 -2.5
      vertex 0.726940018437198 -1.9167832975051002 -2.5
    endloop
  endfacet
  facet normal -0.42140110777252726 0.9068743608505462 0
    outer loop
      vertex 0.8186973963096761 -1.8794240003989935 -1.7
      vertex 0.908542668478445 -1.8376752214561924 -2.5
      vertex 0.8186973963096761 -1.8794240003989935 -2.5
    endloop
  endfacet
  facet normal -0.46472317204376934 0.8854560256532095 0
    outer loop
      vertex 0.908542668478445 -1.8376752214561924 -1.7
      vertex 0.996265997147343 -1.7916344668843613 -2.5
      vertex 0.908542668478445 -1.8376752214561924 -2.5
    endloop
  endfacet
  facet normal -0.3319078531285272 0.9433118132577435 -1.1246950213213354e-18
    outer loop
      vertex 0.6334848384686421 -1.9496658584050646 -1.7
      vertex 0.726940018437198 -1.9167832975051002 -1.7
      vertex 0.726940018437198 -1.9167832975051002 -2.5
    endloop
  endfacet
  facet normal -0.3770948416883222 0.9261746489577759 -1.3625874513014603e-19
    outer loop
      vertex 0.726940018437198 -1.9167832975051002 -1.7
      vertex 0.8186973963096761 -1.8794240003989935 -1.7
      vertex 0.8186973963096761 -1.8794240003989935 -2.5
    endloop
  endfacet
  facet normal -0.42140110777252726 0.9068743608505462 -3.156524171513172e-19
    outer loop
      vertex 0.8186973963096761 -1.8794240003989935 -1.7
      vertex 0.908542668478445 -1.8376752214561924 -1.7
      vertex 0.908542668478445 -1.8376752214561924 -2.5
    endloop
  endfacet
  facet normal -0.506959853813591 0.8619696668800488 0
    outer loop
      vertex 0.996265997147343 -1.7916344668843613 -1.7
      vertex 1.0816625004175724 -1.7414092669991177 -2.5
      vertex 0.996265997147343 -1.7916344668843613 -2.5
    endloop
  endfacet
  facet normal -0.548012507354671 0.8364701380102261 0
    outer loop
      vertex 1.0816625004175724 -1.7414092669991177 -1.7
      vertex 1.16453273079887 -1.6871169250819948 -2.5
      vertex 1.0816625004175724 -1.7414092669991177 -2.5
    endloop
  endfacet
  facet normal -0.5877852522924716 0.8090169943749487 0
    outer loop
      vertex 1.16453273079887 -1.6871169250819948 -1.7
      vertex 1.2446831410283572 -1.6288842434131967 -2.5
      vertex 1.16453273079887 -1.6871169250819948 -2.5
    endloop
  endfacet
  facet normal -0.46472317204376934 0.8854560256532095 -1.0287767532300575e-18
    outer loop
      vertex 0.908542668478445 -1.8376752214561924 -1.7
      vertex 0.996265997147343 -1.7916344668843613 -1.7
      vertex 0.996265997147343 -1.7916344668843613 -2.5
    endloop
  endfacet
  facet normal -0.506959853813591 0.8619696668800488 3.366383658512732e-18
    outer loop
      vertex 0.996265997147343 -1.7916344668843613 -1.7
      vertex 1.0816625004175724 -1.7414092669991177 -1.7
      vertex 1.0816625004175724 -1.7414092669991177 -2.5
    endloop
  endfacet
  facet normal -0.548012507354671 0.8364701380102261 2.1262366597260915e-18
    outer loop
      vertex 1.0816625004175724 -1.7414092669991177 -1.7
      vertex 1.16453273079887 -1.6871169250819948 -1.7
      vertex 1.16453273079887 -1.6871169250819948 -2.5
    endloop
  endfacet
  facet normal -0.6261851975383125 0.7796743540632233 0
    outer loop
      vertex 1.2446831410283572 -1.6288842434131967 -1.7
      vertex 1.3219265361091492 -1.5668472271189895 -2.5
      vertex 1.2446831410283572 -1.6288842434131967 -2.5
    endloop
  endfacet
  facet normal -0.6631226582407952 0.748510748171101 0
    outer loop
      vertex 1.3219265361091492 -1.5668472271189895 -1.7
      vertex 1.3960825105129335 -1.5011507665254362 -2.5
      vertex 1.3219265361091492 -1.5668472271189895 -2.5
    endloop
  endfacet
  facet normal -0.698511365248938 0.7155989607441201 0
    outer loop
      vertex 1.3960825105129335 -1.5011507665254362 -1.7
      vertex 1.4669778695254476 -1.4319482987603211 -2.5
      vertex 1.3960825105129335 -1.5011507665254362 -2.5
    endloop
  endfacet
  facet normal -0.7322686665977746 0.681015858786796 0
    outer loop
      vertex 1.4669778695254476 -1.4319482987603211 -1.7
      vertex 1.5344470337507568 -1.3594014493936302 -2.5
      vertex 1.4669778695254476 -1.4319482987603211 -2.5
    endloop
  endfacet
  facet normal -0.7643157205458474 0.6448422127361715 0
    outer loop
      vertex 1.5344470337507568 -1.3594014493936302 -1.7
      vertex 1.5983324258296054 -1.2836796549535432 -2.5
      vertex 1.5344470337507568 -1.3594014493936302 -2.5
    endloop
  endfacet
  facet normal -0.7945776797137535 0.6071625078187123 0
    outer loop
      vertex 1.5983324258296054 -1.2836796549535432 -1.7
      vertex 1.6584848384686421 -1.2049597671995698 -2.5
      vertex 1.5983324258296054 -1.2836796549535432 -2.5
    endloop
  endfacet
  facet normal -0.5877852522924716 0.8090169943749487 2.3615103451085464e-18
    outer loop
      vertex 1.16453273079887 -1.6871169250819948 -1.7
      vertex 1.2446831410283572 -1.6288842434131967 -1.7
      vertex 1.2446831410283572 -1.6288842434131967 -2.5
    endloop
  endfacet
  facet normal -0.6261851975383125 0.7796743540632233 1.3007620581705888e-18
    outer loop
      vertex 1.2446831410283572 -1.6288842434131967 -1.7
      vertex 1.3219265361091492 -1.5668472271189895 -1.7
      vertex 1.3219265361091492 -1.5668472271189895 -2.5
    endloop
  endfacet
  facet normal -0.6631226582407952 0.748510748171101 -4.352289872490666e-18
    outer loop
      vertex 1.3219265361091492 -1.5668472271189895 -1.7
      vertex 1.3960825105129335 -1.5011507665254362 -1.7
      vertex 1.3960825105129335 -1.5011507665254362 -2.5
    endloop
  endfacet
  facet normal -0.698511365248938 0.7155989607441201 9.044565140470252e-19
    outer loop
      vertex 1.3960825105129335 -1.5011507665254362 -1.7
      vertex 1.4669778695254476 -1.4319482987603211 -1.7
      vertex 1.4669778695254476 -1.4319482987603211 -2.5
    endloop
  endfacet
  facet normal -0.7322686665977746 0.681015858786796 1.405880244787634e-18
    outer loop
      vertex 1.4669778695254476 -1.4319482987603211 -1.7
      vertex 1.5344470337507568 -1.3594014493936302 -1.7
      vertex 1.5344470337507568 -1.3594014493936302 -2.5
    endloop
  endfacet
  facet normal -0.7643157205458474 0.6448422127361715 2.9920505483073153e-18
    outer loop
      vertex 1.5344470337507568 -1.3594014493936302 -1.7
      vertex 1.5983324258296054 -1.2836796549535432 -1.7
      vertex 1.5983324258296054 -1.2836796549535432 -2.5
    endloop
  endfacet
  facet normal -0.7945776797137535 0.6071625078187123 -5.078928463932308e-18
    outer loop
      vertex 1.5983324258296054 -1.2836796549535432 -1.7
      vertex 1.6584848384686421 -1.2049597671995698 -1.7
      vertex 1.6584848384686421 -1.2049597671995698 -2.5
    endloop
  endfacet
  facet normal -0.8229838658936566 0.5680647467311556 0
    outer loop
      vertex 1.6584848384686421 -1.2049597671995698 -1.7
      vertex 1.7147637829209648 -1.1234256400770732 -2.5
      vertex 1.6584848384686421 -1.2049597671995698 -2.5
    endloop
  endfacet
  facet normal -0.849467935121522 0.5276402441061311 0
    outer loop
      vertex 1.7147637829209648 -1.1234256400770732 -1.7
      vertex 1.7670378171041008 -1.0392677003178599 -2.5
      vertex 1.7147637829209648 -1.1234256400770732 -2.5
    endloop
  endfacet
  facet normal -0.8739680326265172 0.4859834132426074 0
    outer loop
      vertex 1.7670378171041008 -1.0392677003178599 -1.7
      vertex 1.8151848525890804 -0.952682502689725 -2.5
      vertex 1.7670378171041008 -1.0392677003178599 -2.5
    endloop
  endfacet
  facet normal -0.8229838658936566 0.5680647467311556 -1.948153492896218e-18
    outer loop
      vertex 1.6584848384686421 -1.2049597671995698 -1.7
      vertex 1.7147637829209648 -1.1234256400770732 -1.7
      vertex 1.7147637829209648 -1.1234256400770732 -2.5
    endloop
  endfacet
  facet normal -0.849467935121522 0.5276402441061311 5.42658395702602e-18
    outer loop
      vertex 1.7147637829209648 -1.1234256400770732 -1.7
      vertex 1.7670378171041008 -1.0392677003178599 -1.7
      vertex 1.7670378171041008 -1.0392677003178599 -2.5
    endloop
  endfacet
  facet normal -0.8739680326265172 0.4859834132426074 -3.061051291389551e-18
    outer loop
      vertex 1.7670378171041008 -1.0392677003178599 -1.7
      vertex 1.8151848525890804 -0.952682502689725 -1.7
      vertex 1.8151848525890804 -0.952682502689725 -2.5
    endloop
  endfacet
  facet normal -0.896426937295704 0.4431915455992407 0
    outer loop
      vertex 1.8151848525890804 -0.952682502689725 -1.7
      vertex 1.8590924397436182 -0.8638722709336841 -2.5
      vertex 1.8151848525890804 -0.952682502689725 -2.5
    endloop
  endfacet
  facet normal -0.9167921953165825 0.39936458356569554 0
    outer loop
      vertex 1.8590924397436182 -0.8638722709336841 -1.7
      vertex 1.898658030363442 -0.7730444254610561 -2.5
      vertex 1.8590924397436182 -0.8638722709336841 -2.5
    endloop
  endfacet
  facet normal -0.935016242685415 0.3546048870425351 0
    outer loop
      vertex 1.898658030363442 -0.7730444254610561 -1.7
      vertex 1.9337892171783735 -0.6804110989134823 -2.5
      vertex 1.898658030363442 -0.7730444254610561 -2.5
    endloop
  endfacet
  facet normal -0.9510565162951531 0.30901699437494895 0
    outer loop
      vertex 1.9337892171783735 -0.6804110989134823 -1.7
      vertex 1.9644039496737904 -0.5861886407173139 -2.5
      vertex 1.9337892171783735 -0.6804110989134823 -2.5
    endloop
  endfacet
  facet normal -0.896426937295704 0.4431915455992407 -4.882034339242715e-19
    outer loop
      vertex 1.8151848525890804 -0.952682502689725 -1.7
      vertex 1.8590924397436182 -0.8638722709336841 -1.7
      vertex 1.8590924397436182 -0.8638722709336841 -2.5
    endloop
  endfacet
  facet normal -0.9167921953165825 0.39936458356569554 1.1976068233393336e-18
    outer loop
      vertex 1.8590924397436182 -0.8638722709336841 -1.7
      vertex 1.898658030363442 -0.7730444254610561 -1.7
      vertex 1.898658030363442 -0.7730444254610561 -2.5
    endloop
  endfacet
  facet normal -0.935016242685415 0.3546048870425351 -2.0608076552275146e-18
    outer loop
      vertex 1.898658030363442 -0.7730444254610561 -1.7
      vertex 1.9337892171783735 -0.6804110989134823 -1.7
      vertex 1.9337892171783735 -0.6804110989134823 -2.5
    endloop
  endfacet
  facet normal -0.9510565162951531 0.30901699437494895 -1.2654946209039059e-18
    outer loop
      vertex 1.9337892171783735 -0.6804110989134823 -1.7
      vertex 1.9644039496737904 -0.5861886407173139 -1.7
      vertex 1.9644039496737904 -0.5861886407173139 -2.5
    endloop
  endfacet
  facet normal -0.9648755533435519 0.262707378198585 0
    outer loop
      vertex 1.9644039496737904 -0.5861886407173139 -1.7
      vertex 1.9904307257234062 -0.4905971117894941 -2.5
      vertex 1.9644039496737904 -0.5861886407173139 -2.5
    endloop
  endfacet
  facet normal -0.9764410788292711 0.21578419676781024 0
    outer loop
      vertex 1.9904307257234062 -0.4905971117894941 -1.7
      vertex 2.0118087585857976 -0.3938597705751027 -2.5
      vertex 1.9904307257234062 -0.4905971117894941 -2.5
    endloop
  endfacet
  facet normal -0.9857260809316515 0.16835704134703505 0
    outer loop
      vertex 2.0118087585857976 -0.3938597705751027 -1.7
      vertex 2.0284881188746544 -0.2962025516169041 -2.5
      vertex 2.0118087585857976 -0.3938597705751027 -2.5
    endloop
  endfacet
  facet normal -0.9927088740980539 0.12053668025532312 0
    outer loop
      vertex 2.0284881188746544 -0.2962025516169041 -1.7
      vertex 2.0404298511711794 -0.19785353787475626 -2.5
      vertex 2.0284881188746544 -0.2962025516169041 -2.5
    endloop
  endfacet
  facet normal -0.9973731496914909 0.07243480016176337 0
    outer loop
      vertex 2.0404298511711794 -0.19785353787475626 -1.7
      vertex 2.0476060650062693 -0.09904242802728963 -2.5
      vertex 2.0404298511711794 -0.19785353787475626 -2.5
    endloop
  endfacet
  facet normal -0.999708014080193 0.024163745236132603 0
    outer loop
      vertex 2.0476060650062693 -0.09904242802728963 -1.7
      vertex 2.05 0 -2.5
      vertex 2.0476060650062693 -0.09904242802728963 -2.5
    endloop
  endfacet
  facet normal -0.9648755533435519 0.262707378198585 -3.6745327723411646e-19
    outer loop
      vertex 1.9644039496737904 -0.5861886407173139 -1.7
      vertex 1.9904307257234062 -0.4905971117894941 -1.7
      vertex 1.9904307257234062 -0.4905971117894941 -2.5
    endloop
  endfacet
  facet normal -0.9764410788292711 0.21578419676781024 -1.9623755783848e-18
    outer loop
      vertex 1.9904307257234062 -0.4905971117894941 -1.7
      vertex 2.0118087585857976 -0.3938597705751027 -1.7
      vertex 2.0118087585857976 -0.3938597705751027 -2.5
    endloop
  endfacet
  facet normal -0.9857260809316515 0.16835704134703505 1.178992296093677e-18
    outer loop
      vertex 2.0118087585857976 -0.3938597705751027 -1.7
      vertex 2.0284881188746544 -0.2962025516169041 -1.7
      vertex 2.0284881188746544 -0.2962025516169041 -2.5
    endloop
  endfacet
  facet normal -0.9927088740980539 0.12053668025532312 -5.775747483369532e-19
    outer loop
      vertex 2.0284881188746544 -0.2962025516169041 -1.7
      vertex 2.0404298511711794 -0.19785353787475626 -1.7
      vertex 2.0404298511711794 -0.19785353787475626 -2.5
    endloop
  endfacet
  facet normal -0.9973731496914909 0.07243480016176337 3.7469189307073695e-19
    outer loop
      vertex 2.0404298511711794 -0.19785353787475626 -1.7
      vertex 2.0476060650062693 -0.09904242802728963 -1.7
      vertex 2.0476060650062693 -0.09904242802728963 -2.5
    endloop
  endfacet
  facet normal -0.999708014080193 0.024163745236132603 -1.4553157513572165e-19
    outer loop
      vertex 2.0476060650062693 -0.09904242802728963 -1.7
      vertex 2.05 0 -1.7
      vertex 2.05 0 -2.5
    endloop
  endfacet
  facet normal 0 -1 0
    outer loop
      vertex 0.04953567773407126 2.049401428864395 -1.7
      vertex -0.04953567773407126 2.049401428864395 -2.5
      vertex 0.04953567773407126 2.049401428864395 -2.5
    endloop
  endfacet
  facet normal -0.0483133795255015 -0.998832226832327 0
    outer loop
      vertex 0.14849134033161307 2.044614956867557 -1.7
      vertex 0.04953567773407126 2.049401428864395 -2.5
      vertex 0.14849134033161307 2.044614956867557 -2.5
    endloop
  endfacet
  facet normal -0.09651392091451698 -0.9953316347176484 0
    outer loop
      vertex 0.24710019452341211 2.0350531919010106 -1.7
      vertex 0.14849134033161307 2.044614956867557 -2.5
      vertex 0.24710019452341211 2.0350531919010106 -2.5
    endloop
  endfacet
  facet normal -0.14448904956922226 -0.989506399451051 0
    outer loop
      vertex 0.34513193476142906 2.020738465909884 -1.7
      vertex 0.24710019452341211 2.0350531919010106 -2.5
      vertex 0.34513193476142906 2.020738465909884 -2.5
    endloop
  endfacet
  facet normal -0.19212671735370962 -0.9813701261394132 0
    outer loop
      vertex 0.4423576033740027 2.0017042116000074 -1.7
      vertex 0.34513193476142906 2.020738465909884 -2.5
      vertex 0.4423576033740027 2.0017042116000074 -2.5
    endloop
  endfacet
  facet normal -0.2859456783986895 -0.9582458291091662 0
    outer loop
      vertex 0.6334848384686421 1.9496658584050646 -1.7
      vertex 0.538550125307103 1.9779948843542803 -2.5
      vertex 0.6334848384686421 1.9496658584050646 -2.5
    endloop
  endfacet
  facet normal -0.23931566428755757 -0.9709418174260521 0
    outer loop
      vertex 0.538550125307103 1.9779948843542803 -1.7
      vertex 0.4423576033740027 2.0017042116000074 -2.5
      vertex 0.538550125307103 1.9779948843542803 -2.5
    endloop
  endfacet
  facet normal -0.0483133795255015 -0.998832226832327 0
    outer loop
      vertex 0.04953567773407126 2.049401428864395 -1.7
      vertex 0.04953567773407126 2.049401428864395 -2.5
      vertex 0.14849134033161307 2.044614956867557 -1.7
    endloop
  endfacet
  facet normal -0.09651392091451698 -0.9953316347176484 0
    outer loop
      vertex 0.14849134033161307 2.044614956867557 -1.7
      vertex 0.14849134033161307 2.044614956867557 -2.5
      vertex 0.24710019452341211 2.0350531919010106 -1.7
    endloop
  endfacet
  facet normal -0.14448904956922226 -0.989506399451051 1.088502505925855e-18
    outer loop
      vertex 0.34513193476142906 2.020738465909884 -1.7
      vertex 0.24710019452341211 2.0350531919010106 -1.7
      vertex 0.24710019452341211 2.0350531919010106 -2.5
    endloop
  endfacet
  facet normal -0.19212671735370962 -0.9813701261394132 0
    outer loop
      vertex 0.34513193476142906 2.020738465909884 -1.7
      vertex 0.34513193476142906 2.020738465909884 -2.5
      vertex 0.4423576033740027 2.0017042116000074 -1.7
    endloop
  endfacet
  facet normal -0.2859456783986895 -0.9582458291091662 0
    outer loop
      vertex 0.538550125307103 1.9779948843542803 -1.7
      vertex 0.538550125307103 1.9779948843542803 -2.5
      vertex 0.6334848384686421 1.9496658584050646 -1.7
    endloop
  endfacet
  facet normal -0.23931566428755757 -0.9709418174260521 0
    outer loop
      vertex 0.4423576033740027 2.0017042116000074 -1.7
      vertex 0.4423576033740027 2.0017042116000074 -2.5
      vertex 0.538550125307103 1.9779948843542803 -1.7
    endloop
  endfacet
  facet normal -0.4647231720437689 -0.8854560256532098 0
    outer loop
      vertex 0.9962659971473427 1.7916344668843616 -1.7
      vertex 0.9085426684784446 1.8376752214561927 -2.5
      vertex 0.9962659971473427 1.7916344668843616 -2.5
    endloop
  endfacet
  facet normal -0.5069598538135898 -0.8619696668800496 0
    outer loop
      vertex 1.081662500417572 1.7414092669991181 -1.7
      vertex 0.9962659971473427 1.7916344668843616 -2.5
      vertex 1.081662500417572 1.7414092669991181 -2.5
    endloop
  endfacet
  facet normal -0.5480125073546714 -0.8364701380102257 0
    outer loop
      vertex 1.164532730798869 1.6871169250819955 -1.7
      vertex 1.081662500417572 1.7414092669991181 -2.5
      vertex 1.164532730798869 1.6871169250819955 -2.5
    endloop
  endfacet
  facet normal -0.5069598538135898 -0.8619696668800496 0
    outer loop
      vertex 0.9962659971473427 1.7916344668843616 -1.7
      vertex 0.9962659971473427 1.7916344668843616 -2.5
      vertex 1.081662500417572 1.7414092669991181 -1.7
    endloop
  endfacet
  facet normal -0.5480125073546714 -0.8364701380102257 0
    outer loop
      vertex 1.081662500417572 1.7414092669991181 -1.7
      vertex 1.081662500417572 1.7414092669991181 -2.5
      vertex 1.164532730798869 1.6871169250819955 -1.7
    endloop
  endfacet
  facet normal -0.5877852522924718 -0.8090169943749483 4.515892887425191e-18
    outer loop
      vertex 1.244683141028358 1.628884243413196 -1.7
      vertex 1.164532730798869 1.6871169250819955 -1.7
      vertex 1.164532730798869 1.6871169250819955 -2.5
    endloop
  endfacet
  facet normal -0.3319078531285272 -0.9433118132577435 0
    outer loop
      vertex 0.726940018437198 1.9167832975051002 -1.7
      vertex 0.6334848384686421 1.9496658584050646 -2.5
      vertex 0.726940018437198 1.9167832975051002 -2.5
    endloop
  endfacet
  facet normal -0.3770948416883218 -0.926174648957776 0
    outer loop
      vertex 0.8186973963096756 1.8794240003989937 -1.7
      vertex 0.726940018437198 1.9167832975051002 -2.5
      vertex 0.8186973963096756 1.8794240003989937 -2.5
    endloop
  endfacet
  facet normal -0.42140110777252726 -0.9068743608505462 0
    outer loop
      vertex 0.9085426684784446 1.8376752214561927 -1.7
      vertex 0.8186973963096756 1.8794240003989937 -2.5
      vertex 0.9085426684784446 1.8376752214561927 -2.5
    endloop
  endfacet
  facet normal -0.3319078531285272 -0.9433118132577435 0
    outer loop
      vertex 0.6334848384686421 1.9496658584050646 -1.7
      vertex 0.6334848384686421 1.9496658584050646 -2.5
      vertex 0.726940018437198 1.9167832975051002 -1.7
    endloop
  endfacet
  facet normal -0.3770948416883218 -0.926174648957776 0
    outer loop
      vertex 0.726940018437198 1.9167832975051002 -1.7
      vertex 0.726940018437198 1.9167832975051002 -2.5
      vertex 0.8186973963096756 1.8794240003989937 -1.7
    endloop
  endfacet
  facet normal -0.42140110777252726 -0.9068743608505462 0
    outer loop
      vertex 0.8186973963096756 1.8794240003989937 -1.7
      vertex 0.8186973963096756 1.8794240003989937 -2.5
      vertex 0.9085426684784446 1.8376752214561927 -1.7
    endloop
  endfacet
  facet normal -0.4647231720437689 -0.8854560256532098 0
    outer loop
      vertex 0.9085426684784446 1.8376752214561927 -1.7
      vertex 0.9085426684784446 1.8376752214561927 -2.5
      vertex 0.9962659971473427 1.7916344668843616 -1.7
    endloop
  endfacet
  facet normal -0.8739680326265176 -0.4859834132426066 0
    outer loop
      vertex 1.8151848525890801 0.9526825026897254 -1.7
      vertex 1.7670378171041008 1.03926770031786 -2.5
      vertex 1.8151848525890801 0.9526825026897254 -2.5
    endloop
  endfacet
  facet normal -0.8229838658936559 -0.5680647467311566 0
    outer loop
      vertex 1.7147637829209648 1.1234256400770735 -1.7
      vertex 1.6584848384686421 1.2049597671995698 -2.5
      vertex 1.7147637829209648 1.1234256400770735 -2.5
    endloop
  endfacet
  facet normal -0.849467935121522 -0.5276402441061311 0
    outer loop
      vertex 1.7670378171041008 1.03926770031786 -1.7
      vertex 1.7147637829209648 1.1234256400770735 -2.5
      vertex 1.7670378171041008 1.03926770031786 -2.5
    endloop
  endfacet
  facet normal -0.8739680326265176 -0.4859834132426066 -2.504323221267842e-18
    outer loop
      vertex 1.8151848525890801 0.9526825026897254 -1.7
      vertex 1.7670378171041008 1.03926770031786 -1.7
      vertex 1.7670378171041008 1.03926770031786 -2.5
    endloop
  endfacet
  facet normal -0.849467935121522 -0.5276402441061311 -5.42658395702602e-18
    outer loop
      vertex 1.7670378171041008 1.03926770031786 -1.7
      vertex 1.7147637829209648 1.1234256400770735 -1.7
      vertex 1.7147637829209648 1.1234256400770735 -2.5
    endloop
  endfacet
  facet normal -0.8229838658936559 -0.5680647467311566 -4.536946070993045e-18
    outer loop
      vertex 1.7147637829209648 1.1234256400770735 -1.7
      vertex 1.6584848384686421 1.2049597671995698 -1.7
      vertex 1.6584848384686421 1.2049597671995698 -2.5
    endloop
  endfacet
  facet normal -0.9973731496914909 -0.0724348001617635 0
    outer loop
      vertex 2.0476060650062693 0.09904242802728948 -1.7
      vertex 2.0404298511711794 0.19785353787475596 -2.5
      vertex 2.0476060650062693 0.09904242802728948 -2.5
    endloop
  endfacet
  facet normal -0.999708014080193 -0.02416374523613264 0
    outer loop
      vertex 2.05 0 -1.7
      vertex 2.0476060650062693 0.09904242802728948 -2.5
      vertex 2.05 0 -2.5
    endloop
  endfacet
  facet normal -0.9927088740980541 -0.12053668025532324 0
    outer loop
      vertex 2.0404298511711794 0.19785353787475596 -1.7
      vertex 2.0284881188746544 0.29620255161690373 -2.5
      vertex 2.0404298511711794 0.19785353787475596 -2.5
    endloop
  endfacet
  facet normal -0.9857260809316515 -0.16835704134703533 0
    outer loop
      vertex 2.0284881188746544 0.29620255161690373 -1.7
      vertex 2.0118087585857976 0.39385977057510213 -2.5
      vertex 2.0284881188746544 0.29620255161690373 -2.5
    endloop
  endfacet
  facet normal -0.9764410788292716 -0.21578419676780852 0
    outer loop
      vertex 2.0118087585857976 0.39385977057510213 -1.7
      vertex 1.9904307257234064 0.4905971117894934 -2.5
      vertex 2.0118087585857976 0.39385977057510213 -2.5
    endloop
  endfacet
  facet normal -0.9648755533435518 -0.2627073781985854 0
    outer loop
      vertex 1.9904307257234064 0.4905971117894934 -1.7
      vertex 1.9644039496737906 0.586188640717313 -2.5
      vertex 1.9904307257234064 0.4905971117894934 -2.5
    endloop
  endfacet
  facet normal -0.999708014080193 -0.02416374523613264 -3.1399230797417135e-20
    outer loop
      vertex 2.05 0 -1.7
      vertex 2.0476060650062693 0.09904242802728948 -1.7
      vertex 2.0476060650062693 0.09904242802728948 -2.5
    endloop
  endfacet
  facet normal -0.9973731496914909 -0.0724348001617635 -2.3227523543994045e-19
    outer loop
      vertex 2.0476060650062693 0.09904242802728948 -1.7
      vertex 2.0404298511711794 0.19785353787475596 -1.7
      vertex 2.0404298511711794 0.19785353787475596 -2.5
    endloop
  endfacet
  facet normal -0.9927088740980541 -0.12053668025532324 -5.561183717320574e-19
    outer loop
      vertex 2.0404298511711794 0.19785353787475596 -1.7
      vertex 2.0284881188746544 0.29620255161690373 -1.7
      vertex 2.0284881188746544 0.29620255161690373 -2.5
    endloop
  endfacet
  facet normal -0.9857260809316515 -0.16835704134703533 0
    outer loop
      vertex 2.0118087585857976 0.39385977057510213 -1.7
      vertex 2.0118087585857976 0.39385977057510213 -2.5
      vertex 2.0284881188746544 0.29620255161690373 -1.7
    endloop
  endfacet
  facet normal -0.9764410788292716 -0.21578419676780852 5.324965289900975e-19
    outer loop
      vertex 2.0118087585857976 0.39385977057510213 -1.7
      vertex 1.9904307257234064 0.4905971117894934 -1.7
      vertex 1.9904307257234064 0.4905971117894934 -2.5
    endloop
  endfacet
  facet normal -0.9648755533435518 -0.2627073781985854 3.3616540051388674e-19
    outer loop
      vertex 1.9904307257234064 0.4905971117894934 -1.7
      vertex 1.9644039496737906 0.586188640717313 -1.7
      vertex 1.9644039496737906 0.586188640717313 -2.5
    endloop
  endfacet
  facet normal -0.9510565162951535 -0.3090169943749477 0
    outer loop
      vertex 1.9644039496737906 0.586188640717313 -1.7
      vertex 1.9337892171783733 0.6804110989134832 -2.5
      vertex 1.9644039496737906 0.586188640717313 -2.5
    endloop
  endfacet
  facet normal -0.935016242685414 -0.3546048870425378 0
    outer loop
      vertex 1.9337892171783733 0.6804110989134832 -1.7
      vertex 1.8986580303634415 0.7730444254610568 -2.5
      vertex 1.9337892171783733 0.6804110989134832 -2.5
    endloop
  endfacet
  facet normal -0.9167921953165828 -0.3993645835656945 0
    outer loop
      vertex 1.8986580303634415 0.7730444254610568 -1.7
      vertex 1.859092439743618 0.8638722709336846 -2.5
      vertex 1.8986580303634415 0.7730444254610568 -2.5
    endloop
  endfacet
  facet normal -0.896426937295704 -0.4431915455992407 0
    outer loop
      vertex 1.859092439743618 0.8638722709336846 -1.7
      vertex 1.8151848525890801 0.9526825026897254 -2.5
      vertex 1.859092439743618 0.8638722709336846 -2.5
    endloop
  endfacet
  facet normal -0.9510565162951535 -0.3090169943749477 1.9125844300592786e-18
    outer loop
      vertex 1.9644039496737906 0.586188640717313 -1.7
      vertex 1.9337892171783733 0.6804110989134832 -1.7
      vertex 1.9337892171783733 0.6804110989134832 -2.5
    endloop
  endfacet
  facet normal -0.935016242685414 -0.3546048870425378 -3.5278981629535e-19
    outer loop
      vertex 1.9337892171783733 0.6804110989134832 -1.7
      vertex 1.8986580303634415 0.7730444254610568 -1.7
      vertex 1.8986580303634415 0.7730444254610568 -2.5
    endloop
  endfacet
  facet normal -0.9167921953165828 -0.3993645835656945 0
    outer loop
      vertex 1.859092439743618 0.8638722709336846 -1.7
      vertex 1.859092439743618 0.8638722709336846 -2.5
      vertex 1.8986580303634415 0.7730444254610568 -1.7
    endloop
  endfacet
  facet normal -0.896426937295704 -0.4431915455992407 4.882034339242715e-19
    outer loop
      vertex 1.859092439743618 0.8638722709336846 -1.7
      vertex 1.8151848525890801 0.9526825026897254 -1.7
      vertex 1.8151848525890801 0.9526825026897254 -2.5
    endloop
  endfacet
  facet normal -0.7322686665977735 -0.6810158587867972 0
    outer loop
      vertex 1.5344470337507572 1.35940144939363 -1.7
      vertex 1.466977869525448 1.4319482987603207 -2.5
      vertex 1.5344470337507572 1.35940144939363 -2.5
    endloop
  endfacet
  facet normal -0.698511365248938 -0.7155989607441201 0
    outer loop
      vertex 1.466977869525448 1.4319482987603207 -1.7
      vertex 1.396082510512934 1.5011507665254358 -2.5
      vertex 1.466977869525448 1.4319482987603207 -2.5
    endloop
  endfacet
  facet normal -0.5877852522924718 -0.8090169943749483 0
    outer loop
      vertex 1.244683141028358 1.628884243413196 -1.7
      vertex 1.164532730798869 1.6871169250819955 -2.5
      vertex 1.244683141028358 1.628884243413196 -2.5
    endloop
  endfacet
  facet normal -0.6261851975383147 -0.7796743540632216 0
    outer loop
      vertex 1.3219265361091497 1.5668472271189888 -1.7
      vertex 1.244683141028358 1.628884243413196 -2.5
      vertex 1.3219265361091497 1.5668472271189888 -2.5
    endloop
  endfacet
  facet normal -0.663122658240794 -0.7485107481711022 0
    outer loop
      vertex 1.396082510512934 1.5011507665254358 -1.7
      vertex 1.3219265361091497 1.5668472271189888 -2.5
      vertex 1.396082510512934 1.5011507665254358 -2.5
    endloop
  endfacet
  facet normal -0.7643157205458485 -0.6448422127361705 0
    outer loop
      vertex 1.5983324258296059 1.2836796549535427 -1.7
      vertex 1.5344470337507572 1.35940144939363 -2.5
      vertex 1.5983324258296059 1.2836796549535427 -2.5
    endloop
  endfacet
  facet normal -0.7945776797137539 -0.6071625078187115 0
    outer loop
      vertex 1.6584848384686421 1.2049597671995698 -1.7
      vertex 1.5983324258296059 1.2836796549535427 -2.5
      vertex 1.6584848384686421 1.2049597671995698 -2.5
    endloop
  endfacet
  facet normal -0.698511365248938 -0.7155989607441201 0
    outer loop
      vertex 1.396082510512934 1.5011507665254358 -1.7
      vertex 1.396082510512934 1.5011507665254358 -2.5
      vertex 1.466977869525448 1.4319482987603207 -1.7
    endloop
  endfacet
  facet normal -0.7322686665977735 -0.6810158587867972 0
    outer loop
      vertex 1.466977869525448 1.4319482987603207 -1.7
      vertex 1.466977869525448 1.4319482987603207 -2.5
      vertex 1.5344470337507572 1.35940144939363 -1.7
    endloop
  endfacet
  facet normal -0.6261851975383147 -0.7796743540632216 0
    outer loop
      vertex 1.244683141028358 1.628884243413196 -1.7
      vertex 1.244683141028358 1.628884243413196 -2.5
      vertex 1.3219265361091497 1.5668472271189888 -1.7
    endloop
  endfacet
  facet normal -0.663122658240794 -0.7485107481711022 4.17641938002109e-18
    outer loop
      vertex 1.396082510512934 1.5011507665254358 -1.7
      vertex 1.3219265361091497 1.5668472271189888 -1.7
      vertex 1.3219265361091497 1.5668472271189888 -2.5
    endloop
  endfacet
  facet normal -0.7643157205458485 -0.6448422127361705 0
    outer loop
      vertex 1.5344470337507572 1.35940144939363 -1.7
      vertex 1.5344470337507572 1.35940144939363 -2.5
      vertex 1.5983324258296059 1.2836796549535427 -1.7
    endloop
  endfacet
  facet normal -0.7945776797137539 -0.6071625078187115 -4.7417076308157456e-18
    outer loop
      vertex 1.6584848384686421 1.2049597671995698 -1.7
      vertex 1.5983324258296059 1.2836796549535427 -1.7
      vertex 1.5983324258296059 1.2836796549535427 -2.5
    endloop
  endfacet
  facet normal -0.7643157205458485 -0.6448422127361706 0
    outer loop
      vertex -3.781420617206628 -3.0369982080608215 -2.5
      vertex -3.6302771286298396 -3.216144892467857 -2.5
      vertex -3.781420617206628 -3.0369982080608215 2.5
    endloop
  endfacet
  facet normal -0.8494679351215217 -0.5276402441061315 0
    outer loop
      vertex -4.180552884368239 -2.4587552909959123 -2.5
      vertex -4.0568801693496 -2.6578606606701487 -2.5
      vertex -4.180552884368239 -2.4587552909959123 2.5
    endloop
  endfacet
  facet normal -0.8229838658936564 -0.5680647467311556 0
    outer loop
      vertex -4.0568801693496 -2.6578606606701487 -2.5
      vertex -3.9237324227184947 -2.8507584736184945 -2.5
      vertex -4.0568801693496 -2.6578606606701487 2.5
    endloop
  endfacet
  facet normal -0.7945776797137538 -0.6071625078187117 -4.34999351416615e-19
    outer loop
      vertex -3.781420617206628 -3.0369982080608215 -2.5
      vertex -3.9237324227184947 -2.8507584736184945 2.5
      vertex -3.9237324227184947 -2.8507584736184945 -2.5
    endloop
  endfacet
  facet normal -0.6631226582407972 -0.7485107481710993 0
    outer loop
      vertex -3.1274847317704277 -3.706931244647364 -2.5
      vertex -3.1274847317704277 -3.706931244647364 2.5
      vertex -3.3029269151159664 -3.5515030329992006 -2.5
    endloop
  endfacet
  facet normal -0.5877852522924717 -0.8090169943749485 0
    outer loop
      vertex -2.7551140216461047 -3.9914717495842336 -2.5
      vertex -2.7551140216461047 -3.9914717495842336 2.5
      vertex -2.9447381629207494 -3.853701746611708 -2.5
    endloop
  endfacet
  facet normal -0.6261851975383134 -0.7796743540632226 -6.975683696986352e-19
    outer loop
      vertex -3.1274847317704277 -3.706931244647364 -2.5
      vertex -2.9447381629207494 -3.853701746611708 -2.5
      vertex -2.9447381629207494 -3.853701746611708 2.5
    endloop
  endfacet
  facet normal -0.5480125073546708 -0.8364701380102262 -1.3046099293495265e-18
    outer loop
      vertex -2.7551140216461047 -3.9914717495842336 -2.5
      vertex -2.5590551839147433 -4.119919485339377 -2.5
      vertex -2.5590551839147433 -4.119919485339377 2.5
    endloop
  endfacet
  facet normal -0.6985113652489358 -0.7155989607441224 1.1264725186519924e-18
    outer loop
      vertex -3.470654959608986 -3.3877801214573453 -2.5
      vertex -3.3029269151159664 -3.5515030329992006 -2.5
      vertex -3.3029269151159664 -3.5515030329992006 2.5
    endloop
  endfacet
  facet normal -0.7322686665977743 -0.6810158587867964 -1.222341305799471e-18
    outer loop
      vertex -3.470654959608986 -3.3877801214573453 -2.5
      vertex -3.6302771286298396 -3.216144892467857 2.5
      vertex -3.6302771286298396 -3.216144892467857 -2.5
    endloop
  endfacet
  facet normal 0 0 -1
    outer loop
      vertex -4.398340650125145 -2.0437953726967666 -2.5
      vertex -4.4919470474452154 -1.8289099821883548 -2.5
      vertex -4.398340650125145 2.0437953726967666 -2.5
    endloop
  endfacet
  facet normal 0 0 -1
    outer loop
      vertex -4.294461724418069 -2.253907384412276 -2.5
      vertex -4.398340650125145 -2.0437953726967666 -2.5
      vertex -4.294461724418069 2.253907384412276 -2.5
    endloop
  endfacet
  facet normal 0 0 -1
    outer loop
      vertex -4.709067814516352 -1.1606809717946545 -2.5
      vertex -4.7596451117761545 -0.9318145791654847 -2.5
      vertex -4.709067814516352 1.1606809717946545 -2.5
    endloop
  endfacet
  facet normal 0 0 -1
    outer loop
      vertex -4.575062294300054 -1.609753087673363 -2.5
      vertex -4.6474922711794555 -1.3868365402336427 -2.5
      vertex -4.575062294300054 1.609753087673363 -2.5
    endloop
  endfacet
  facet normal 0 0 -1
    outer loop
      vertex -4.6474922711794555 -1.3868365402336427 -2.5
      vertex -4.709067814516352 -1.1606809717946545 -2.5
      vertex -4.6474922711794555 1.3868365402336427 -2.5
    endloop
  endfacet
  facet normal 0 0 -1
    outer loop
      vertex -4.799106037337598 -0.7007718904107244 -2.5
      vertex -4.827358428380595 -0.46809251643539895 -2.5
      vertex -4.799106037337598 0.7007718904107244 -2.5
    endloop
  endfacet
  facet normal 0 0 -1
    outer loop
      vertex -4.7596451117761545 -0.9318145791654847 -2.5
      vertex -4.799106037337598 -0.7007718904107244 -2.5
      vertex -4.7596451117761545 0.9318145791654847 -2.5
    endloop
  endfacet
  facet normal 0 0 -1
    outer loop
      vertex -4.827358428380595 -0.46809251643539895 -2.5
      vertex -4.844336300136783 -0.23431989069870962 -2.5
      vertex -4.827358428380595 0.46809251643539895 -2.5
    endloop
  endfacet
  facet normal 0 0 -1
    outer loop
      vertex -4.4919470474452154 -1.8289099821883548 -2.5
      vertex -4.575062294300054 -1.609753087673363 -2.5
      vertex -4.4919470474452154 1.8289099821883548 -2.5
    endloop
  endfacet
  facet normal 0 0 -1
    outer loop
      vertex -4.180552884368239 -2.4587552909959123 -2.5
      vertex -4.0568801693496 2.6578606606701487 -2.5
      vertex -4.0568801693496 -2.6578606606701487 -2.5
    endloop
  endfacet
  facet normal 0 0 -1
    outer loop
      vertex -4.180552884368239 -2.4587552909959123 -2.5
      vertex -4.294461724418069 -2.253907384412276 -2.5
      vertex -4.180552884368239 2.4587552909959123 -2.5
    endloop
  endfacet
  facet normal 0 0 -1
    outer loop
      vertex -4.0568801693496 -2.6578606606701487 -2.5
      vertex -3.9237324227184947 2.8507584736184945 -2.5
      vertex -3.9237324227184947 -2.8507584736184945 -2.5
    endloop
  endfacet
  facet normal 0 0 -1
    outer loop
      vertex -3.781420617206628 -3.0369982080608215 -2.5
      vertex -3.9237324227184947 -2.8507584736184945 -2.5
      vertex -3.781420617206628 3.0369982080608215 -2.5
    endloop
  endfacet
  facet normal 0 0 -1
    outer loop
      vertex -3.781420617206628 -3.0369982080608215 -2.5
      vertex -3.6302771286298396 3.216144892467857 -2.5
      vertex -3.6302771286298396 -3.216144892467857 -2.5
    endloop
  endfacet
  facet normal 0 0 -1
    outer loop
      vertex -3.1274847317704277 -3.706931244647364 -2.5
      vertex -2.9447381629207494 3.853701746611708 -2.5
      vertex -2.9447381629207494 -3.853701746611708 -2.5
    endloop
  endfacet
  facet normal 0 0 -1
    outer loop
      vertex -2.7551140216461047 -3.9914717495842336 -2.5
      vertex -2.9447381629207494 -3.853701746611708 -2.5
      vertex -2.7551140216461047 3.9914717495842336 -2.5
    endloop
  endfacet
  facet normal 0 0 -1
    outer loop
      vertex -2.7551140216461047 -3.9914717495842336 -2.5
      vertex -2.5590551839147433 4.119919485339377 -2.5
      vertex -2.5590551839147433 -4.119919485339377 -2.5
    endloop
  endfacet
  facet normal 0 0 -1
    outer loop
      vertex -3.470654959608986 -3.3877801214573453 -2.5
      vertex -3.6302771286298396 -3.216144892467857 -2.5
      vertex -3.470654959608986 3.3877801214573453 -2.5
    endloop
  endfacet
  facet normal 0 0 -1
    outer loop
      vertex -3.470654959608986 -3.3877801214573453 -2.5
      vertex -3.3029269151159664 3.5515030329992006 -2.5
      vertex -3.3029269151159664 -3.5515030329992006 -2.5
    endloop
  endfacet
  facet normal 0 0 -1
    outer loop
      vertex -3.1274847317704277 -3.706931244647364 -2.5
      vertex -3.3029269151159664 -3.5515030329992006 -2.5
      vertex -3.1274847317704277 3.706931244647364 -2.5
    endloop
  endfacet
  facet normal -0.8739680326265166 -0.48598341324260846 1.4890340765126819e-19
    outer loop
      vertex -4.180552884368239 -2.4587552909959123 -2.5
      vertex -4.294461724418069 -2.253907384412276 2.5
      vertex -4.294461724418069 -2.253907384412276 -2.5
    endloop
  endfacet
  facet normal -0.9167921953165825 -0.3993645835656952 -2.980700249876186e-19
    outer loop
      vertex -4.398340650125145 -2.0437953726967666 -2.5
      vertex -4.4919470474452154 -1.8289099821883548 2.5
      vertex -4.4919470474452154 -1.8289099821883548 -2.5
    endloop
  endfacet
  facet normal -0.8964269372957043 -0.44319154559924034 -1.8062284386463346e-19
    outer loop
      vertex -4.294461724418069 -2.253907384412276 -2.5
      vertex -4.398340650125145 -2.0437953726967666 2.5
      vertex -4.398340650125145 -2.0437953726967666 -2.5
    endloop
  endfacet
  facet normal -0.9350162426854147 -0.3546048870425355 4.940844848879255e-19
    outer loop
      vertex -4.4919470474452154 -1.8289099821883548 -2.5
      vertex -4.575062294300054 -1.609753087673363 2.5
      vertex -4.575062294300054 -1.609753087673363 -2.5
    endloop
  endfacet
  facet normal -0.951056516295154 -0.3090169943749463 -1.333809437137094e-18
    outer loop
      vertex -4.575062294300054 -1.609753087673363 -2.5
      vertex -4.6474922711794555 -1.3868365402336427 2.5
      vertex -4.6474922711794555 -1.3868365402336427 -2.5
    endloop
  endfacet
  facet normal -0.9648755533435509 -0.2627073781985885 3.4837112303523435e-19
    outer loop
      vertex -4.6474922711794555 -1.3868365402336427 -2.5
      vertex -4.709067814516352 -1.1606809717946545 2.5
      vertex -4.709067814516352 -1.1606809717946545 -2.5
    endloop
  endfacet
  facet normal -0.9764410788292727 -0.21578419676780325 9.642048926275793e-20
    outer loop
      vertex -4.709067814516352 -1.1606809717946545 -2.5
      vertex -4.7596451117761545 -0.9318145791654847 2.5
      vertex -4.7596451117761545 -0.9318145791654847 -2.5
    endloop
  endfacet
  facet normal -0.9857260809316499 -0.1683570413470436 -6.884087534797613e-19
    outer loop
      vertex -4.7596451117761545 -0.9318145791654847 -2.5
      vertex -4.799106037337598 -0.7007718904107244 2.5
      vertex -4.799106037337598 -0.7007718904107244 -2.5
    endloop
  endfacet
  facet normal -0.9927088740980543 -0.12053668025531972 2.7143308912543254e-19
    outer loop
      vertex -4.799106037337598 -0.7007718904107244 -2.5
      vertex -4.827358428380595 -0.46809251643539895 2.5
      vertex -4.827358428380595 -0.46809251643539895 -2.5
    endloop
  endfacet
  facet normal -0.9973731496914912 -0.07243480016176151 -9.462474119898214e-20
    outer loop
      vertex -4.827358428380595 -0.46809251643539895 -2.5
      vertex -4.844336300136783 -0.23431989069870962 2.5
      vertex -4.844336300136783 -0.23431989069870962 -2.5
    endloop
  endfacet
  facet normal -0.9997080140801929 -0.024163745236134036 -3.907875355558964e-20
    outer loop
      vertex -4.844336300136783 -0.23431989069870962 -2.5
      vertex -4.85 0 2.5
      vertex -4.85 0 -2.5
    endloop
  endfacet
  facet normal 0 0 -1
    outer loop
      vertex -1.4987324227184948 -4.612624104031494 -2.5
      vertex -1.244683141028358 -1.628884243413196 -2.5
      vertex -1.2741307842631462 -4.679646433716225 -2.5
    endloop
  endfacet
  facet normal 0 0 -1
    outer loop
      vertex -2.149478996156321 -4.347670645884162 -2.5
      vertex -1.933789217178373 -0.6804110989134834 -2.5
      vertex -1.936918230293624 -4.446442147285424 -2.5
    endloop
  endfacet
  facet normal 0 0 -1
    outer loop
      vertex -1.936918230293624 -4.446442147285424 -2.5
      vertex -1.7147637829209648 -1.1234256400770732 -2.5
      vertex -1.719833702156298 -4.534828777024262 -2.5
    endloop
  endfacet
  facet normal 0 0 -1
    outer loop
      vertex -1.719833702156298 -4.534828777024262 -2.5
      vertex -1.4669778695254476 -1.4319482987603211 -2.5
      vertex -1.4987324227184948 -4.612624104031494 -2.5
    endloop
  endfacet
  facet normal 0 0 -1
    outer loop
      vertex -1.719833702156298 -4.534828777024262 -2.5
      vertex -1.5344470337507568 -1.3594014493936302 -2.5
      vertex -1.4669778695254476 -1.4319482987603211 -2.5
    endloop
  endfacet
  facet normal 0 0 -1
    outer loop
      vertex -1.4987324227184948 -4.612624104031494 -2.5
      vertex -1.4669778695254476 -1.4319482987603211 -2.5
      vertex -1.3960825105129342 -1.5011507665254353 -2.5
    endloop
  endfacet
  facet normal 0 0 -1
    outer loop
      vertex -1.4987324227184948 -4.612624104031494 -2.5
      vertex -1.3960825105129342 -1.5011507665254353 -2.5
      vertex -1.32192653610915 -1.5668472271189888 -2.5
    endloop
  endfacet
  facet normal 0 0 -1
    outer loop
      vertex -1.4987324227184948 -4.612624104031494 -2.5
      vertex -1.32192653610915 -1.5668472271189888 -2.5
      vertex -1.244683141028358 -1.628884243413196 -2.5
    endloop
  endfacet
  facet normal 0 0 -1
    outer loop
      vertex -1.2741307842631462 -4.679646433716225 -2.5
      vertex -1.244683141028358 -1.628884243413196 -2.5
      vertex -1.164532730798869 -1.6871169250819955 -2.5
    endloop
  endfacet
  facet normal 0 0 -1
    outer loop
      vertex -1.2741307842631462 -4.679646433716225 -2.5
      vertex -0.9962659971473419 -1.791634466884362 -2.5
      vertex -1.046553354323859 -4.735739232321969 -2.5
    endloop
  endfacet
  facet normal 0 0 -1
    outer loop
      vertex -1.046553354323859 -4.735739232321969 -2.5
      vertex -0.726940018437198 -1.9167832975051002 -2.5
      vertex -0.8165316505331358 -4.7807714925185065 -2.5
    endloop
  endfacet
  facet normal 0 0 -1
    outer loop
      vertex -0.8165316505331358 -4.7807714925185065 -2.5
      vertex -0.538550125307103 -1.9779948843542803 -2.5
      vertex -0.5846028992383153 -4.814638039375562 -2.5
    endloop
  endfacet
  facet normal 0 0 -1
    outer loop
      vertex -0.5846028992383153 -4.814638039375562 -2.5
      vertex -0.34513193476142856 -2.020738465909884 -2.5
      vertex -0.3513087807845456 -4.837259776003732 -2.5
    endloop
  endfacet
  facet normal 0 0 -1
    outer loop
      vertex -0.3513087807845456 -4.837259776003732 -2.5
      vertex -0.04953567773406955 -2.049401428864395 -2.5
      vertex -0.11719416439523937 -4.8485838682889355 -2.5
    endloop
  endfacet
  facet normal 0 0 -1
    outer loop
      vertex -0.11719416439523937 -4.8485838682889355 -2.5
      vertex -0.04953567773406955 -2.049401428864395 -2.5
      vertex 0.11719416439523937 -4.8485838682889355 -2.5
    endloop
  endfacet
  facet normal 0 0 -1
    outer loop
      vertex -1.2741307842631462 -4.679646433716225 -2.5
      vertex -1.0816625004175717 -1.7414092669991181 -2.5
      vertex -0.9962659971473419 -1.791634466884362 -2.5
    endloop
  endfacet
  facet normal 0 0 -1
    outer loop
      vertex -1.046553354323859 -4.735739232321969 -2.5
      vertex -0.908542668478445 -1.8376752214561924 -2.5
      vertex -0.8186973963096761 -1.8794240003989935 -2.5
    endloop
  endfacet
  facet normal 0 0 -1
    outer loop
      vertex -1.046553354323859 -4.735739232321969 -2.5
      vertex -0.9962659971473419 -1.791634466884362 -2.5
      vertex -0.908542668478445 -1.8376752214561924 -2.5
    endloop
  endfacet
  facet normal 0 0 -1
    outer loop
      vertex -1.2741307842631462 -4.679646433716225 -2.5
      vertex -1.164532730798869 -1.6871169250819955 -2.5
      vertex -1.0816625004175717 -1.7414092669991181 -2.5
    endloop
  endfacet
  facet normal 0 0 -1
    outer loop
      vertex -1.046553354323859 -4.735739232321969 -2.5
      vertex -0.8186973963096761 -1.8794240003989935 -2.5
      vertex -0.726940018437198 -1.9167832975051002 -2.5
    endloop
  endfacet
  facet normal 0 0 -1
    outer loop
      vertex -0.8165316505331358 -4.7807714925185065 -2.5
      vertex -0.726940018437198 -1.9167832975051002 -2.5
      vertex -0.6334848384686421 -1.9496658584050646 -2.5
    endloop
  endfacet
  facet normal 0 0 -1
    outer loop
      vertex -0.8165316505331358 -4.7807714925185065 -2.5
      vertex -0.6334848384686421 -1.9496658584050646 -2.5
      vertex -0.538550125307103 -1.9779948843542803 -2.5
    endloop
  endfacet
  facet normal 0 0 -1
    outer loop
      vertex -0.5846028992383153 -4.814638039375562 -2.5
      vertex -0.538550125307103 -1.9779948843542803 -2.5
      vertex -0.44235760337400226 -2.0017042116000074 -2.5
    endloop
  endfacet
  facet normal 0 0 -1
    outer loop
      vertex -0.5846028992383153 -4.814638039375562 -2.5
      vertex -0.44235760337400226 -2.0017042116000074 -2.5
      vertex -0.34513193476142856 -2.020738465909884 -2.5
    endloop
  endfacet
  facet normal 0 0 -1
    outer loop
      vertex -0.3513087807845456 -4.837259776003732 -2.5
      vertex -0.34513193476142856 -2.020738465909884 -2.5
      vertex -0.24710019452341164 -2.0350531919010106 -2.5
    endloop
  endfacet
  facet normal 0 0 -1
    outer loop
      vertex -0.3513087807845456 -4.837259776003732 -2.5
      vertex -0.24710019452341164 -2.0350531919010106 -2.5
      vertex -0.14849134033161207 -2.044614956867557 -2.5
    endloop
  endfacet
  facet normal 0 0 -1
    outer loop
      vertex -0.3513087807845456 -4.837259776003732 -2.5
      vertex -0.14849134033161207 -2.044614956867557 -2.5
      vertex -0.04953567773406955 -2.049401428864395 -2.5
    endloop
  endfacet
  facet normal -0.4647231720437671 -0.8854560256532105 0
    outer loop
      vertex -2.149478996156321 -4.347670645884162 -2.5
      vertex -2.149478996156321 -4.347670645884162 2.5
      vertex -2.357019554226638 -4.2387449582386125 -2.5
    endloop
  endfacet
  facet normal -0.421401107772531 -0.9068743608505446 -6.2468110132931055e-19
    outer loop
      vertex -2.149478996156321 -4.347670645884162 -2.5
      vertex -1.936918230293624 -4.446442147285424 -2.5
      vertex -1.936918230293624 -4.446442147285424 2.5
    endloop
  endfacet
  facet normal -0.5069598538135899 -0.8619696668800494 7.795985153922554e-20
    outer loop
      vertex -2.5590551839147433 -4.119919485339377 -2.5
      vertex -2.357019554226638 -4.2387449582386125 -2.5
      vertex -2.357019554226638 -4.2387449582386125 2.5
    endloop
  endfacet
  facet normal -0.33190785312852455 -0.9433118132577446 3.6062391762545217e-19
    outer loop
      vertex -1.719833702156298 -4.534828777024262 -2.5
      vertex -1.4987324227184948 -4.612624104031494 -2.5
      vertex -1.4987324227184948 -4.612624104031494 2.5
    endloop
  endfacet
  facet normal -0.37709484168832175 -0.9261746489577759 -9.862365171247453e-20
    outer loop
      vertex -1.936918230293624 -4.446442147285424 -2.5
      vertex -1.719833702156298 -4.534828777024262 -2.5
      vertex -1.719833702156298 -4.534828777024262 2.5
    endloop
  endfacet
  facet normal -0.285945678398693 -0.9582458291091651 2.6076021337249507e-19
    outer loop
      vertex -1.4987324227184948 -4.612624104031494 -2.5
      vertex -1.2741307842631462 -4.679646433716225 -2.5
      vertex -1.2741307842631462 -4.679646433716225 2.5
    endloop
  endfacet
  facet normal -0.23931566428755613 -0.9709418174260526 1.5529313424188582e-19
    outer loop
      vertex -1.2741307842631462 -4.679646433716225 -2.5
      vertex -1.046553354323859 -4.735739232321969 -2.5
      vertex -1.046553354323859 -4.735739232321969 2.5
    endloop
  endfacet
  facet normal -0.19212671735370782 -0.9813701261394137 -4.561142996449206e-19
    outer loop
      vertex -1.046553354323859 -4.735739232321969 -2.5
      vertex -0.8165316505331358 -4.7807714925185065 -2.5
      vertex -0.8165316505331358 -4.7807714925185065 2.5
    endloop
  endfacet
  facet normal -0.14448904956922237 -0.989506399451051 2.5427091559714865e-19
    outer loop
      vertex -0.8165316505331358 -4.7807714925185065 -2.5
      vertex -0.5846028992383153 -4.814638039375562 -2.5
      vertex -0.5846028992383153 -4.814638039375562 2.5
    endloop
  endfacet
  facet normal -0.09651392091451477 -0.9953316347176486 8.174951587370307e-20
    outer loop
      vertex -0.5846028992383153 -4.814638039375562 -2.5
      vertex -0.3513087807845456 -4.837259776003732 -2.5
      vertex -0.3513087807845456 -4.837259776003732 2.5
    endloop
  endfacet
  facet normal -0.04831337952550546 -0.9988322268323265 -9.898895009285961e-20
    outer loop
      vertex -0.3513087807845456 -4.837259776003732 -2.5
      vertex -0.11719416439523937 -4.8485838682889355 -2.5
      vertex -0.11719416439523937 -4.8485838682889355 2.5
    endloop
  endfacet
  facet normal 0 0 -1
    outer loop
      vertex -1.936918230293624 -4.446442147285424 -2.5
      vertex -1.8151848525890804 -0.952682502689725 -2.5
      vertex -1.7670378171041008 -1.0392677003178599 -2.5
    endloop
  endfacet
  facet normal 0 0 -1
    outer loop
      vertex -2.149478996156321 -4.347670645884162 -2.5
      vertex -1.9644039496737906 -0.5861886407173129 -2.5
      vertex -1.933789217178373 -0.6804110989134834 -2.5
    endloop
  endfacet
  facet normal 0 0 -1
    outer loop
      vertex -1.936918230293624 -4.446442147285424 -2.5
      vertex -1.8986580303634415 -0.7730444254610571 -2.5
      vertex -1.859092439743618 -0.8638722709336849 -2.5
    endloop
  endfacet
  facet normal 0 0 -1
    outer loop
      vertex -1.936918230293624 -4.446442147285424 -2.5
      vertex -1.859092439743618 -0.8638722709336849 -2.5
      vertex -1.8151848525890804 -0.952682502689725 -2.5
    endloop
  endfacet
  facet normal 0 0 -1
    outer loop
      vertex -1.936918230293624 -4.446442147285424 -2.5
      vertex -1.933789217178373 -0.6804110989134834 -2.5
      vertex -1.8986580303634415 -0.7730444254610571 -2.5
    endloop
  endfacet
  facet normal 0 0 -1
    outer loop
      vertex -2.5590551839147433 -4.119919485339377 -2.5
      vertex -2.35701955422664 4.238744958238612 -2.5
      vertex -2.357019554226638 -4.2387449582386125 -2.5
    endloop
  endfacet
  facet normal 0 0 -1
    outer loop
      vertex -2.149478996156321 -4.347670645884162 -2.5
      vertex -2.357019554226638 -4.2387449582386125 -2.5
      vertex -2.14947899615632 4.347670645884163 -2.5
    endloop
  endfacet
  facet normal 0 0 -1
    outer loop
      vertex -2.149478996156321 -4.347670645884162 -2.5
      vertex -2.0118087585857976 -0.3938597705751018 -2.5
      vertex -1.9904307257234064 -0.4905971117894931 -2.5
    endloop
  endfacet
  facet normal 0 0 -1
    outer loop
      vertex -2.149478996156321 -4.347670645884162 -2.5
      vertex -2.0284881188746544 -0.2962025516169041 -2.5
      vertex -2.0118087585857976 -0.3938597705751018 -2.5
    endloop
  endfacet
  facet normal 0 0 -1
    outer loop
      vertex -2.149478996156321 -4.347670645884162 -2.5
      vertex -1.9904307257234064 -0.4905971117894931 -2.5
      vertex -1.9644039496737906 -0.5861886407173129 -2.5
    endloop
  endfacet
  facet normal 0 0 -1
    outer loop
      vertex -2.149478996156321 -4.347670645884162 -2.5
      vertex -2.0404298511711794 -0.19785353787475626 -2.5
      vertex -2.0284881188746544 -0.2962025516169041 -2.5
    endloop
  endfacet
  facet normal 0 0 -1
    outer loop
      vertex -2.149478996156321 -4.347670645884162 -2.5
      vertex -2.0476060650062693 -0.09904242802728963 -2.5
      vertex -2.0404298511711794 -0.19785353787475626 -2.5
    endloop
  endfacet
  facet normal 0 0 -1
    outer loop
      vertex -2.149478996156321 -4.347670645884162 -2.5
      vertex -2.05 0 -2.5
      vertex -2.0476060650062693 -0.09904242802728963 -2.5
    endloop
  endfacet
  facet normal 0 0 -1
    outer loop
      vertex -1.719833702156298 -4.534828777024262 -2.5
      vertex -1.7147637829209648 -1.1234256400770732 -2.5
      vertex -1.6584848384686421 -1.2049597671995698 -2.5
    endloop
  endfacet
  facet normal 0 0 -1
    outer loop
      vertex -1.936918230293624 -4.446442147285424 -2.5
      vertex -1.7670378171041008 -1.0392677003178599 -2.5
      vertex -1.7147637829209648 -1.1234256400770732 -2.5
    endloop
  endfacet
  facet normal 0 0 -1
    outer loop
      vertex -1.719833702156298 -4.534828777024262 -2.5
      vertex -1.5983324258296054 -1.2836796549535432 -2.5
      vertex -1.5344470337507568 -1.3594014493936302 -2.5
    endloop
  endfacet
  facet normal 0 0 -1
    outer loop
      vertex -1.719833702156298 -4.534828777024262 -2.5
      vertex -1.6584848384686421 -1.2049597671995698 -2.5
      vertex -1.5983324258296054 -1.2836796549535432 -2.5
    endloop
  endfacet
  facet normal -0.7643157205458485 -0.6448422127361706 0
    outer loop
      vertex -3.6302771286298396 -3.216144892467857 -2.5
      vertex -3.6302771286298396 -3.216144892467857 2.5
      vertex -3.781420617206628 -3.0369982080608215 2.5
    endloop
  endfacet
  facet normal -0.8229838658936564 -0.5680647467311556 0
    outer loop
      vertex -3.9237324227184947 -2.8507584736184945 -2.5
      vertex -3.9237324227184947 -2.8507584736184945 2.5
      vertex -4.0568801693496 -2.6578606606701487 2.5
    endloop
  endfacet
  facet normal -0.8494679351215217 -0.5276402441061315 0
    outer loop
      vertex -4.0568801693496 -2.6578606606701487 -2.5
      vertex -4.0568801693496 -2.6578606606701487 2.5
      vertex -4.180552884368239 -2.4587552909959123 2.5
    endloop
  endfacet
  facet normal -0.7945776797137538 -0.6071625078187117 0
    outer loop
      vertex -3.781420617206628 -3.0369982080608215 -2.5
      vertex -3.781420617206628 -3.0369982080608215 2.5
      vertex -3.9237324227184947 -2.8507584736184945 2.5
    endloop
  endfacet
  facet normal -0.6261851975383134 -0.7796743540632226 0
    outer loop
      vertex -3.1274847317704277 -3.706931244647364 -2.5
      vertex -2.9447381629207494 -3.853701746611708 2.5
      vertex -3.1274847317704277 -3.706931244647364 2.5
    endloop
  endfacet
  facet normal -0.5877852522924717 -0.8090169943749485 0
    outer loop
      vertex -2.9447381629207494 -3.853701746611708 -2.5
      vertex -2.7551140216461047 -3.9914717495842336 2.5
      vertex -2.9447381629207494 -3.853701746611708 2.5
    endloop
  endfacet
  facet normal -0.5480125073546708 -0.8364701380102262 0
    outer loop
      vertex -2.7551140216461047 -3.9914717495842336 -2.5
      vertex -2.5590551839147433 -4.119919485339377 2.5
      vertex -2.7551140216461047 -3.9914717495842336 2.5
    endloop
  endfacet
  facet normal -0.5069598538135899 -0.8619696668800494 0
    outer loop
      vertex -2.5590551839147433 -4.119919485339377 -2.5
      vertex -2.357019554226638 -4.2387449582386125 2.5
      vertex -2.5590551839147433 -4.119919485339377 2.5
    endloop
  endfacet
  facet normal -0.6985113652489358 -0.7155989607441224 0
    outer loop
      vertex -3.470654959608986 -3.3877801214573453 -2.5
      vertex -3.3029269151159664 -3.5515030329992006 2.5
      vertex -3.470654959608986 -3.3877801214573453 2.5
    endloop
  endfacet
  facet normal -0.7322686665977743 -0.6810158587867964 0
    outer loop
      vertex -3.470654959608986 -3.3877801214573453 -2.5
      vertex -3.470654959608986 -3.3877801214573453 2.5
      vertex -3.6302771286298396 -3.216144892467857 2.5
    endloop
  endfacet
  facet normal -0.6631226582407972 -0.7485107481710993 0
    outer loop
      vertex -3.3029269151159664 -3.5515030329992006 -2.5
      vertex -3.1274847317704277 -3.706931244647364 2.5
      vertex -3.3029269151159664 -3.5515030329992006 2.5
    endloop
  endfacet
  facet normal 0 0 1
    outer loop
      vertex -3.781420617206628 -3.0369982080608215 2.5
      vertex -3.6302771286298396 -3.216144892467857 2.5
      vertex -3.6728411614447087 -1.7066744864787435 2.5
    endloop
  endfacet
  facet normal 0 0 1
    outer loop
      vertex -2.7551140216461047 -3.9914717495842336 2.5
      vertex -2.5590551839147433 -4.119919485339377 2.5
      vertex -2.611610961581491 -3.0954786682106854 2.5
    endloop
  endfacet
  facet normal 0 0 1
    outer loop
      vertex -2.5590551839147433 -4.119919485339377 2.5
      vertex -2.357019554226638 -4.2387449582386125 2.5
      vertex -2.4590081566657807 -3.2180396028407046 2.5
    endloop
  endfacet
  facet normal 0 0 1
    outer loop
      vertex -3.470654959608986 -3.3877801214573453 2.5
      vertex -3.3029269151159664 -3.5515030329992006 2.5
      vertex -3.3877040589414182 -2.219450654786413 2.5
    endloop
  endfacet
  facet normal 0 0 1
    outer loop
      vertex -3.1274847317704277 -3.706931244647364 2.5
      vertex -2.9447381629207494 -3.853701746611708 2.5
      vertex -3.0314685300929587 -2.6856467658752208 2.5
    endloop
  endfacet
  facet normal 0 0 1
    outer loop
      vertex -3.1274847317704277 -3.706931244647364 2.5
      vertex -3.15768113395605 -2.536050050030171 2.5
      vertex -3.3029269151159664 -3.5515030329992006 2.5
    endloop
  endfacet
  facet normal 0 0 1
    outer loop
      vertex -3.470654959608986 -3.3877801214573453 2.5
      vertex -3.5860969038955006 -1.8821288467772617 2.5
      vertex -3.6302771286298396 -3.216144892467857 2.5
    endloop
  endfacet
  facet normal 0 0 1
    outer loop
      vertex -3.470654959608986 -3.3877801214573453 2.5
      vertex -3.4909771508641994 -2.0531874079450403 2.5
      vertex -3.5860969038955006 -1.8821288467772617 2.5
    endloop
  endfacet
  facet normal 0 0 1
    outer loop
      vertex -3.470654959608986 -3.3877801214573453 2.5
      vertex -3.3877040589414182 -2.219450654786413 2.5
      vertex -3.4909771508641994 -2.0531874079450403 2.5
    endloop
  endfacet
  facet normal 0 0 1
    outer loop
      vertex -3.3029269151159664 -3.5515030329992006 2.5
      vertex -3.15768113395605 -2.536050050030171 2.5
      vertex -3.276518827218537 -2.380530271784516 2.5
    endloop
  endfacet
  facet normal 0 0 1
    outer loop
      vertex -3.1274847317704277 -3.706931244647364 2.5
      vertex -3.0314685300929587 -2.6856467658752208 2.5
      vertex -3.15768113395605 -2.536050050030171 2.5
    endloop
  endfacet
  facet normal 0 0 1
    outer loop
      vertex -3.3029269151159664 -3.5515030329992006 2.5
      vertex -3.276518827218537 -2.380530271784516 2.5
      vertex -3.3877040589414182 -2.219450654786413 2.5
    endloop
  endfacet
  facet normal 0 0 1
    outer loop
      vertex -2.7551140216461047 -3.9914717495842336 2.5
      vertex -2.8981757910136894 -2.8289710292581955 2.5
      vertex -2.9447381629207494 -3.853701746611708 2.5
    endloop
  endfacet
  facet normal 0 0 1
    outer loop
      vertex -2.9447381629207494 -3.853701746611708 2.5
      vertex -2.8981757910136894 -2.8289710292581955 2.5
      vertex -3.0314685300929587 -2.6856467658752208 2.5
    endloop
  endfacet
  facet normal 0 0 1
    outer loop
      vertex -2.7551140216461047 -3.9914717495842336 2.5
      vertex -2.7581142280865287 -2.965688099720982 2.5
      vertex -2.8981757910136894 -2.8289710292581955 2.5
    endloop
  endfacet
  facet normal 0 0 1
    outer loop
      vertex -2.7551140216461047 -3.9914717495842336 2.5
      vertex -2.611610961581491 -3.0954786682106854 2.5
      vertex -2.7581142280865287 -2.965688099720982 2.5
    endloop
  endfacet
  facet normal 0 0 1
    outer loop
      vertex -2.5590551839147433 -4.119919485339377 2.5
      vertex -2.4590081566657807 -3.2180396028407046 2.5
      vertex -2.611610961581491 -3.0954786682106854 2.5
    endloop
  endfacet
  facet normal -0.8964269372957043 -0.44319154559924034 0
    outer loop
      vertex -4.294461724418069 -2.253907384412276 -2.5
      vertex -4.294461724418069 -2.253907384412276 2.5
      vertex -4.398340650125145 -2.0437953726967666 2.5
    endloop
  endfacet
  facet normal -0.9167921953165825 -0.3993645835656952 0
    outer loop
      vertex -4.398340650125145 -2.0437953726967666 -2.5
      vertex -4.398340650125145 -2.0437953726967666 2.5
      vertex -4.4919470474452154 -1.8289099821883548 2.5
    endloop
  endfacet
  facet normal -0.951056516295154 -0.3090169943749463 0
    outer loop
      vertex -4.575062294300054 -1.609753087673363 -2.5
      vertex -4.575062294300054 -1.609753087673363 2.5
      vertex -4.6474922711794555 -1.3868365402336427 2.5
    endloop
  endfacet
  facet normal -0.9648755533435509 -0.2627073781985885 0
    outer loop
      vertex -4.6474922711794555 -1.3868365402336427 -2.5
      vertex -4.6474922711794555 -1.3868365402336427 2.5
      vertex -4.709067814516352 -1.1606809717946545 2.5
    endloop
  endfacet
  facet normal -0.9350162426854147 -0.3546048870425355 0
    outer loop
      vertex -4.4919470474452154 -1.8289099821883548 -2.5
      vertex -4.4919470474452154 -1.8289099821883548 2.5
      vertex -4.575062294300054 -1.609753087673363 2.5
    endloop
  endfacet
  facet normal -0.8739680326265166 -0.48598341324260846 0
    outer loop
      vertex -4.180552884368239 -2.4587552909959123 -2.5
      vertex -4.180552884368239 -2.4587552909959123 2.5
      vertex -4.294461724418069 -2.253907384412276 2.5
    endloop
  endfacet
  facet normal -0.9764410788292727 -0.21578419676780325 0
    outer loop
      vertex -4.709067814516352 -1.1606809717946545 -2.5
      vertex -4.709067814516352 -1.1606809717946545 2.5
      vertex -4.7596451117761545 -0.9318145791654847 2.5
    endloop
  endfacet
  facet normal -0.9857260809316499 -0.1683570413470436 0
    outer loop
      vertex -4.7596451117761545 -0.9318145791654847 -2.5
      vertex -4.7596451117761545 -0.9318145791654847 2.5
      vertex -4.799106037337598 -0.7007718904107244 2.5
    endloop
  endfacet
  facet normal -0.9927088740980543 -0.12053668025531972 0
    outer loop
      vertex -4.799106037337598 -0.7007718904107244 -2.5
      vertex -4.799106037337598 -0.7007718904107244 2.5
      vertex -4.827358428380595 -0.46809251643539895 2.5
    endloop
  endfacet
  facet normal -0.9973731496914912 -0.07243480016176151 0
    outer loop
      vertex -4.827358428380595 -0.46809251643539895 -2.5
      vertex -4.827358428380595 -0.46809251643539895 2.5
      vertex -4.844336300136783 -0.23431989069870962 2.5
    endloop
  endfacet
  facet normal -0.9997080140801929 -0.024163745236134036 0
    outer loop
      vertex -4.844336300136783 -0.23431989069870962 -2.5
      vertex -4.844336300136783 -0.23431989069870962 2.5
      vertex -4.85 0 2.5
    endloop
  endfacet
  facet normal 0 0 1
    outer loop
      vertex -4.0568801693496 -2.6578606606701487 2.5
      vertex -3.9237324227184947 -2.8507584736184945 2.5
      vertex -3.9745490108646244 -0.7781132052825181 2.5
    endloop
  endfacet
  facet normal 0 0 1
    outer loop
      vertex -3.781420617206628 -3.0369982080608215 2.5
      vertex -3.880895607892123 -1.1580799975146914 2.5
      vertex -3.9237324227184947 -2.8507584736184945 2.5
    endloop
  endfacet
  facet normal 0 0 1
    outer loop
      vertex -3.781420617206628 -3.0369982080608215 2.5
      vertex -3.8204128436938594 -1.3442268051705404 2.5
      vertex -3.880895607892123 -1.1580799975146914 2.5
    endloop
  endfacet
  facet normal 0 0 1
    outer loop
      vertex -3.781420617206628 -3.0369982080608215 2.5
      vertex -3.6728411614447087 -1.7066744864787435 2.5
      vertex -3.7510073282789946 -1.5272341088376984 2.5
    endloop
  endfacet
  facet normal 0 0 1
    outer loop
      vertex -3.781420617206628 -3.0369982080608215 2.5
      vertex -3.7510073282789946 -1.5272341088376984 2.5
      vertex -3.8204128436938594 -1.3442268051705404 2.5
    endloop
  endfacet
  facet normal 0 0 1
    outer loop
      vertex -3.9237324227184947 -2.8507584736184945 2.5
      vertex -3.9323143605755106 -0.9692284403646083 2.5
      vertex -3.9745490108646244 -0.7781132052825181 2.5
    endloop
  endfacet
  facet normal 0 0 1
    outer loop
      vertex -4.0568801693496 -2.6578606606701487 2.5
      vertex -3.9745490108646244 -0.7781132052825181 2.5
      vertex -4.007500917776757 -0.5851806507553472 2.5
    endloop
  endfacet
  facet normal 0 0 1
    outer loop
      vertex -3.9237324227184947 -2.8507584736184945 2.5
      vertex -3.880895607892123 -1.1580799975146914 2.5
      vertex -3.9323143605755106 -0.9692284403646083 2.5
    endloop
  endfacet
  facet normal 0 0 1
    outer loop
      vertex -4.4919470474452154 -1.8289099821883548 2.5
      vertex -4.575062294300054 1.609753087673363 2.5
      vertex -4.575062294300054 -1.609753087673363 2.5
    endloop
  endfacet
  facet normal 0 0 1
    outer loop
      vertex -4.398340650125145 -2.0437953726967666 2.5
      vertex -4.4919470474452154 1.8289099821883548 2.5
      vertex -4.4919470474452154 -1.8289099821883548 2.5
    endloop
  endfacet
  facet normal 0 0 1
    outer loop
      vertex -4.180552884368239 -2.4587552909959123 2.5
      vertex -4.294461724418069 2.253907384412276 2.5
      vertex -4.294461724418069 -2.253907384412276 2.5
    endloop
  endfacet
  facet normal 0 0 1
    outer loop
      vertex -4.294461724418069 -2.253907384412276 2.5
      vertex -4.398340650125145 2.0437953726967666 2.5
      vertex -4.398340650125145 -2.0437953726967666 2.5
    endloop
  endfacet
  facet normal 0 0 1
    outer loop
      vertex -4.7596451117761545 -0.9318145791654847 2.5
      vertex -4.799106037337598 0.7007718904107244 2.5
      vertex -4.799106037337598 -0.7007718904107244 2.5
    endloop
  endfacet
  facet normal 0 0 1
    outer loop
      vertex -4.709067814516352 -1.1606809717946545 2.5
      vertex -4.7596451117761545 0.9318145791654847 2.5
      vertex -4.7596451117761545 -0.9318145791654847 2.5
    endloop
  endfacet
  facet normal 0 0 1
    outer loop
      vertex -4.575062294300054 -1.609753087673363 2.5
      vertex -4.6474922711794555 1.3868365402336427 2.5
      vertex -4.6474922711794555 -1.3868365402336427 2.5
    endloop
  endfacet
  facet normal 0 0 1
    outer loop
      vertex -4.6474922711794555 -1.3868365402336427 2.5
      vertex -4.709067814516352 1.1606809717946545 2.5
      vertex -4.709067814516352 -1.1606809717946545 2.5
    endloop
  endfacet
  facet normal 0 0 1
    outer loop
      vertex -4.799106037337598 -0.7007718904107244 2.5
      vertex -4.827358428380595 0.46809251643539895 2.5
      vertex -4.827358428380595 -0.46809251643539895 2.5
    endloop
  endfacet
  facet normal 0 0 1
    outer loop
      vertex -4.827358428380595 -0.46809251643539895 2.5
      vertex -4.844336300136783 0.23431989069870962 2.5
      vertex -4.844336300136783 -0.23431989069870962 2.5
    endloop
  endfacet
  facet normal 0 0 1
    outer loop
      vertex -4.0568801693496 -2.6578606606701487 2.5
      vertex -4.007500917776757 -0.5851806507553472 2.5
      vertex -4.031093120606477 -0.3908813797037868 2.5
    endloop
  endfacet
  facet normal 0 0 1
    outer loop
      vertex -4.0568801693496 -2.6578606606701487 2.5
      vertex -4.031093120606477 -0.3908813797037868 2.5
      vertex -4.045270518670923 -0.1956691870783039 2.5
    endloop
  endfacet
  facet normal 0 0 1
    outer loop
      vertex -4.0568801693496 -2.6578606606701487 2.5
      vertex -4.045270518670923 -0.1956691870783039 2.5
      vertex -4.05 0 2.5
    endloop
  endfacet
  facet normal 0 0 1
    outer loop
      vertex -4.180552884368239 -2.4587552909959123 2.5
      vertex -4.0568801693496 -2.6578606606701487 2.5
      vertex -4.180552884368239 2.4587552909959123 2.5
    endloop
  endfacet
  facet normal 0 0 1
    outer loop
      vertex -3.6302771286298396 -3.216144892467857 2.5
      vertex -3.5860969038955006 -1.8821288467772617 2.5
      vertex -3.6728411614447087 -1.7066744864787435 2.5
    endloop
  endfacet
  facet normal -0.4647231720437671 -0.8854560256532105 0
    outer loop
      vertex -2.357019554226638 -4.2387449582386125 -2.5
      vertex -2.149478996156321 -4.347670645884162 2.5
      vertex -2.357019554226638 -4.2387449582386125 2.5
    endloop
  endfacet
  facet normal -0.421401107772531 -0.9068743608505446 0
    outer loop
      vertex -2.149478996156321 -4.347670645884162 -2.5
      vertex -1.936918230293624 -4.446442147285424 2.5
      vertex -2.149478996156321 -4.347670645884162 2.5
    endloop
  endfacet
  facet normal -0.37709484168832175 -0.9261746489577759 0
    outer loop
      vertex -1.936918230293624 -4.446442147285424 -2.5
      vertex -1.719833702156298 -4.534828777024262 2.5
      vertex -1.936918230293624 -4.446442147285424 2.5
    endloop
  endfacet
  facet normal -0.33190785312852455 -0.9433118132577446 0
    outer loop
      vertex -1.719833702156298 -4.534828777024262 -2.5
      vertex -1.4987324227184948 -4.612624104031494 2.5
      vertex -1.719833702156298 -4.534828777024262 2.5
    endloop
  endfacet
  facet normal -0.285945678398693 -0.9582458291091651 0
    outer loop
      vertex -1.4987324227184948 -4.612624104031494 -2.5
      vertex -1.2741307842631462 -4.679646433716225 2.5
      vertex -1.4987324227184948 -4.612624104031494 2.5
    endloop
  endfacet
  facet normal -0.23931566428755613 -0.9709418174260526 0
    outer loop
      vertex -1.2741307842631462 -4.679646433716225 -2.5
      vertex -1.046553354323859 -4.735739232321969 2.5
      vertex -1.2741307842631462 -4.679646433716225 2.5
    endloop
  endfacet
  facet normal -0.19212671735370782 -0.9813701261394137 0
    outer loop
      vertex -1.046553354323859 -4.735739232321969 -2.5
      vertex -0.8165316505331358 -4.7807714925185065 2.5
      vertex -1.046553354323859 -4.735739232321969 2.5
    endloop
  endfacet
  facet normal -0.14448904956922237 -0.989506399451051 0
    outer loop
      vertex -0.8165316505331358 -4.7807714925185065 -2.5
      vertex -0.5846028992383153 -4.814638039375562 2.5
      vertex -0.8165316505331358 -4.7807714925185065 2.5
    endloop
  endfacet
  facet normal -0.09651392091451477 -0.9953316347176486 0
    outer loop
      vertex -0.5846028992383153 -4.814638039375562 -2.5
      vertex -0.3513087807845456 -4.837259776003732 2.5
      vertex -0.5846028992383153 -4.814638039375562 2.5
    endloop
  endfacet
  facet normal -0.04831337952550546 -0.9988322268323265 0
    outer loop
      vertex -0.3513087807845456 -4.837259776003732 -2.5
      vertex -0.11719416439523937 -4.8485838682889355 2.5
      vertex -0.3513087807845456 -4.837259776003732 2.5
    endloop
  endfacet
  facet normal 0 -1 0
    outer loop
      vertex -0.11719416439523937 -4.8485838682889355 -2.5
      vertex 0.11719416439523937 -4.8485838682889355 2.5
      vertex -0.11719416439523937 -4.8485838682889355 2.5
    endloop
  endfacet
  facet normal 0 0 1
    outer loop
      vertex -2.149478996156321 -4.347670645884162 2.5
      vertex -2.3006622242611803 -3.3330846568693087 2.5
      vertex -2.357019554226638 -4.2387449582386125 2.5
    endloop
  endfacet
  facet normal 0 0 1
    outer loop
      vertex -2.149478996156321 -4.347670645884162 2.5
      vertex -2.136942988629837 -3.44034513724216 2.5
      vertex -2.3006622242611803 -3.3330846568693087 2.5
    endloop
  endfacet
  facet normal 0 0 1
    outer loop
      vertex -2.149478996156321 -4.347670645884162 2.5
      vertex -1.936918230293624 -4.446442147285424 2.5
      vertex -1.9682328236325537 -3.539570532137398 2.5
    endloop
  endfacet
  facet normal 0 0 1
    outer loop
      vertex -2.149478996156321 -4.347670645884162 2.5
      vertex -1.9682328236325537 -3.539570532137398 2.5
      vertex -2.136942988629837 -3.44034513724216 2.5
    endloop
  endfacet
  facet normal 0 0 1
    outer loop
      vertex -1.936918230293624 -4.446442147285424 2.5
      vertex -1.7949257596769281 -3.6305290960475998 2.5
      vertex -1.9682328236325537 -3.539570532137398 2.5
    endloop
  endfacet
  facet normal 0 0 1
    outer loop
      vertex -1.719833702156298 -4.534828777024262 2.5
      vertex -1.4987324227184948 -4.612624104031494 2.5
      vertex -1.6174265634410676 -3.713008391032158 2.5
    endloop
  endfacet
  facet normal 0 0 1
    outer loop
      vertex -1.4987324227184948 -4.612624104031494 2.5
      vertex -1.2741307842631462 -4.679646433716225 2.5
      vertex -1.4361497925222695 -3.78681578287593 2.5
    endloop
  endfacet
  facet normal 0 0 1
    outer loop
      vertex -1.936918230293624 -4.446442147285424 2.5
      vertex -1.719833702156298 -4.534828777024262 2.5
      vertex -1.7949257596769281 -3.6305290960475998 2.5
    endloop
  endfacet
  facet normal 0 0 1
    outer loop
      vertex -1.719833702156298 -4.534828777024262 2.5
      vertex -1.6174265634410676 -3.713008391032158 2.5
      vertex -1.7949257596769281 -3.6305290960475998 2.5
    endloop
  endfacet
  facet normal 0 0 1
    outer loop
      vertex -1.4987324227184948 -4.612624104031494 2.5
      vertex -1.4361497925222695 -3.78681578287593 2.5
      vertex -1.6174265634410676 -3.713008391032158 2.5
    endloop
  endfacet
  facet normal 0 0 1
    outer loop
      vertex -1.2741307842631462 -4.679646433716225 2.5
      vertex -1.251518827218537 -3.8517788909953716 2.5
      vertex -1.4361497925222695 -3.78681578287593 2.5
    endloop
  endfacet
  facet normal 0 0 1
    outer loop
      vertex -2.357019554226638 -4.2387449582386125 2.5
      vertex -2.3006622242611803 -3.3330846568693087 2.5
      vertex -2.4590081566657807 -3.2180396028407046 2.5
    endloop
  endfacet
  facet normal 0 0 1
    outer loop
      vertex -1.2741307842631462 -4.679646433716225 2.5
      vertex -1.046553354323859 -4.735739232321969 2.5
      vertex -1.251518827218537 -3.8517788909953716 2.5
    endloop
  endfacet
  facet normal 0 0 1
    outer loop
      vertex -1.046553354323859 -4.735739232321969 2.5
      vertex -0.8165316505331358 -4.7807714925185065 2.5
      vertex -0.8739259969096143 -3.9545863692585517 2.5
    endloop
  endfacet
  facet normal 0 0 1
    outer loop
      vertex -0.8165316505331358 -4.7807714925185065 2.5
      vertex -0.6818460174555052 -3.9921906277731862 2.5
      vertex -0.8739259969096143 -3.9545863692585517 2.5
    endloop
  endfacet
  facet normal 0 0 1
    outer loop
      vertex -0.8165316505331358 -4.7807714925185065 2.5
      vertex -0.5846028992383153 -4.814638039375562 2.5
      vertex -0.6818460174555052 -3.9921906277731862 2.5
    endloop
  endfacet
  facet normal 0 0 1
    outer loop
      vertex -1.046553354323859 -4.735739232321969 2.5
      vertex -1.0639648817042768 -3.9077459910413834 2.5
      vertex -1.251518827218537 -3.8517788909953716 2.5
    endloop
  endfacet
  facet normal 0 0 1
    outer loop
      vertex -1.046553354323859 -4.735739232321969 2.5
      vertex -0.8739259969096143 -3.9545863692585517 2.5
      vertex -1.0639648817042768 -3.9077459910413834 2.5
    endloop
  endfacet
  facet normal 0 0 1
    outer loop
      vertex -0.5846028992383153 -4.814638039375562 2.5
      vertex -0.3513087807845456 -4.837259776003732 2.5
      vertex -0.4881735550340571 -4.020470940097119 2.5
    endloop
  endfacet
  facet normal 0 0 1
    outer loop
      vertex -0.5846028992383153 -4.814638039375562 2.5
      vertex -0.4881735550340571 -4.020470940097119 2.5
      vertex -0.6818460174555052 -3.9921906277731862 2.5
    endloop
  endfacet
  facet normal 0 0 1
    outer loop
      vertex -0.3513087807845456 -4.837259776003732 2.5
      vertex -0.293360940655136 -4.039361256250539 2.5
      vertex -0.4881735550340571 -4.020470940097119 2.5
    endloop
  endfacet
  facet normal 0 0 1
    outer loop
      vertex -0.3513087807845456 -4.837259776003732 2.5
      vertex -0.11719416439523937 -4.8485838682889355 2.5
      vertex -0.293360940655136 -4.039361256250539 2.5
    endloop
  endfacet
  facet normal 0 0 1
    outer loop
      vertex -0.11719416439523937 -4.8485838682889355 2.5
      vertex 0.11719416439523937 -4.8485838682889355 2.5
      vertex -0.09786316820633391 -4.048817457024781 2.5
    endloop
  endfacet
  facet normal 0 0 1
    outer loop
      vertex -0.11719416439523937 -4.8485838682889355 2.5
      vertex -0.09786316820633391 -4.048817457024781 2.5
      vertex -0.293360940655136 -4.039361256250539 2.5
    endloop
  endfacet
  facet normal 0 0 -1
    outer loop
      vertex -4.844336300136783 -0.23431989069870962 -2.5
      vertex -4.85 0 -2.5
      vertex -4.844336300136783 0.23431989069870962 -2.5
    endloop
  endfacet
  facet normal 0 0 -1
    outer loop
      vertex -4.844336300136783 -0.23431989069870962 -2.5
      vertex -4.844336300136783 0.23431989069870962 -2.5
      vertex -4.827358428380595 0.46809251643539895 -2.5
    endloop
  endfacet
  facet normal 0 0 -1
    outer loop
      vertex -4.827358428380595 -0.46809251643539895 -2.5
      vertex -4.827358428380595 0.46809251643539895 -2.5
      vertex -4.799106037337598 0.7007718904107244 -2.5
    endloop
  endfacet
  facet normal 0 0 -1
    outer loop
      vertex -4.799106037337598 -0.7007718904107244 -2.5
      vertex -4.799106037337598 0.7007718904107244 -2.5
      vertex -4.7596451117761545 0.9318145791654847 -2.5
    endloop
  endfacet
  facet normal 0 0 -1
    outer loop
      vertex -4.7596451117761545 -0.9318145791654847 -2.5
      vertex -4.7596451117761545 0.9318145791654847 -2.5
      vertex -4.709067814516352 1.1606809717946545 -2.5
    endloop
  endfacet
  facet normal 0 0 -1
    outer loop
      vertex -4.709067814516352 -1.1606809717946545 -2.5
      vertex -4.709067814516352 1.1606809717946545 -2.5
      vertex -4.6474922711794555 1.3868365402336427 -2.5
    endloop
  endfacet
  facet normal 0 0 -1
    outer loop
      vertex -4.6474922711794555 -1.3868365402336427 -2.5
      vertex -4.6474922711794555 1.3868365402336427 -2.5
      vertex -4.575062294300054 1.609753087673363 -2.5
    endloop
  endfacet
  facet normal 0 0 -1
    outer loop
      vertex -4.575062294300054 -1.609753087673363 -2.5
      vertex -4.575062294300054 1.609753087673363 -2.5
      vertex -4.4919470474452154 1.8289099821883548 -2.5
    endloop
  endfacet
  facet normal 0 0 -1
    outer loop
      vertex -4.4919470474452154 -1.8289099821883548 -2.5
      vertex -4.4919470474452154 1.8289099821883548 -2.5
      vertex -4.398340650125145 2.0437953726967666 -2.5
    endloop
  endfacet
  facet normal 0 0 -1
    outer loop
      vertex -4.398340650125145 -2.0437953726967666 -2.5
      vertex -4.398340650125145 2.0437953726967666 -2.5
      vertex -4.294461724418069 2.253907384412276 -2.5
    endloop
  endfacet
  facet normal 0 0 -1
    outer loop
      vertex -4.294461724418069 -2.253907384412276 -2.5
      vertex -4.294461724418069 2.253907384412276 -2.5
      vertex -4.180552884368239 2.4587552909959123 -2.5
    endloop
  endfacet
  facet normal 0 0 -1
    outer loop
      vertex -4.180552884368239 -2.4587552909959123 -2.5
      vertex -4.180552884368239 2.4587552909959123 -2.5
      vertex -4.0568801693496 2.6578606606701487 -2.5
    endloop
  endfacet
  facet normal 0 0 -1
    outer loop
      vertex -4.0568801693496 -2.6578606606701487 -2.5
      vertex -4.0568801693496 2.6578606606701487 -2.5
      vertex -3.9237324227184947 2.8507584736184945 -2.5
    endloop
  endfacet
  facet normal 0 0 -1
    outer loop
      vertex -3.9237324227184947 -2.8507584736184945 -2.5
      vertex -3.9237324227184947 2.8507584736184945 -2.5
      vertex -3.781420617206628 3.0369982080608215 -2.5
    endloop
  endfacet
  facet normal 0 0 -1
    outer loop
      vertex -3.781420617206628 -3.0369982080608215 -2.5
      vertex -3.781420617206628 3.0369982080608215 -2.5
      vertex -3.6302771286298396 3.216144892467857 -2.5
    endloop
  endfacet
  facet normal 0 0 -1
    outer loop
      vertex -3.6302771286298396 -3.216144892467857 -2.5
      vertex -3.6302771286298396 3.216144892467857 -2.5
      vertex -3.470654959608986 3.3877801214573453 -2.5
    endloop
  endfacet
  facet normal 0 0 -1
    outer loop
      vertex -3.470654959608986 -3.3877801214573453 -2.5
      vertex -3.470654959608986 3.3877801214573453 -2.5
      vertex -3.3029269151159664 3.5515030329992006 -2.5
    endloop
  endfacet
  facet normal 0 0 -1
    outer loop
      vertex -3.3029269151159664 -3.5515030329992006 -2.5
      vertex -3.3029269151159664 3.5515030329992006 -2.5
      vertex -3.1274847317704277 3.706931244647364 -2.5
    endloop
  endfacet
  facet normal 0 0 -1
    outer loop
      vertex -3.1274847317704277 -3.706931244647364 -2.5
      vertex -3.1274847317704277 3.706931244647364 -2.5
      vertex -2.9447381629207494 3.853701746611708 -2.5
    endloop
  endfacet
  facet normal 0 0 -1
    outer loop
      vertex -2.9447381629207494 -3.853701746611708 -2.5
      vertex -2.9447381629207494 3.853701746611708 -2.5
      vertex -2.7551140216461047 3.9914717495842336 -2.5
    endloop
  endfacet
  facet normal 0 0 -1
    outer loop
      vertex -2.7551140216461047 -3.9914717495842336 -2.5
      vertex -2.7551140216461047 3.9914717495842336 -2.5
      vertex -2.5590551839147433 4.119919485339377 -2.5
    endloop
  endfacet
  facet normal 0 0 -1
    outer loop
      vertex -2.5590551839147433 -4.119919485339377 -2.5
      vertex -2.5590551839147433 4.119919485339377 -2.5
      vertex -2.35701955422664 4.238744958238612 -2.5
    endloop
  endfacet
  facet normal -0.9997080140801929 0.024163745236134036 3.907875355558964e-20
    outer loop
      vertex -4.85 0 -2.5
      vertex -4.844336300136783 0.23431989069870962 2.5
      vertex -4.844336300136783 0.23431989069870962 -2.5
    endloop
  endfacet
  facet normal -0.9973731496914912 0.07243480016176151 9.462474119898214e-20
    outer loop
      vertex -4.844336300136783 0.23431989069870962 -2.5
      vertex -4.827358428380595 0.46809251643539895 2.5
      vertex -4.827358428380595 0.46809251643539895 -2.5
    endloop
  endfacet
  facet normal -0.9927088740980543 0.12053668025531972 -2.7143308912543254e-19
    outer loop
      vertex -4.827358428380595 0.46809251643539895 -2.5
      vertex -4.799106037337598 0.7007718904107244 2.5
      vertex -4.799106037337598 0.7007718904107244 -2.5
    endloop
  endfacet
  facet normal -0.9857260809316499 0.1683570413470436 6.884087534797613e-19
    outer loop
      vertex -4.799106037337598 0.7007718904107244 -2.5
      vertex -4.7596451117761545 0.9318145791654847 2.5
      vertex -4.7596451117761545 0.9318145791654847 -2.5
    endloop
  endfacet
  facet normal -0.9764410788292727 0.21578419676780325 -9.642048926275793e-20
    outer loop
      vertex -4.7596451117761545 0.9318145791654847 -2.5
      vertex -4.709067814516352 1.1606809717946545 2.5
      vertex -4.709067814516352 1.1606809717946545 -2.5
    endloop
  endfacet
  facet normal -0.9648755533435509 0.2627073781985885 -3.4837112303523435e-19
    outer loop
      vertex -4.709067814516352 1.1606809717946545 -2.5
      vertex -4.6474922711794555 1.3868365402336427 2.5
      vertex -4.6474922711794555 1.3868365402336427 -2.5
    endloop
  endfacet
  facet normal -0.951056516295154 0.3090169943749463 1.333809437137094e-18
    outer loop
      vertex -4.6474922711794555 1.3868365402336427 -2.5
      vertex -4.575062294300054 1.609753087673363 2.5
      vertex -4.575062294300054 1.609753087673363 -2.5
    endloop
  endfacet
  facet normal -0.9350162426854147 0.3546048870425355 -4.940844848879255e-19
    outer loop
      vertex -4.575062294300054 1.609753087673363 -2.5
      vertex -4.4919470474452154 1.8289099821883548 2.5
      vertex -4.4919470474452154 1.8289099821883548 -2.5
    endloop
  endfacet
  facet normal -0.9167921953165825 0.3993645835656952 2.980700249876186e-19
    outer loop
      vertex -4.4919470474452154 1.8289099821883548 -2.5
      vertex -4.398340650125145 2.0437953726967666 2.5
      vertex -4.398340650125145 2.0437953726967666 -2.5
    endloop
  endfacet
  facet normal -0.8964269372957043 0.44319154559924034 1.8062284386463346e-19
    outer loop
      vertex -4.398340650125145 2.0437953726967666 -2.5
      vertex -4.294461724418069 2.253907384412276 2.5
      vertex -4.294461724418069 2.253907384412276 -2.5
    endloop
  endfacet
  facet normal -0.8739680326265166 0.48598341324260846 -1.4890340765126819e-19
    outer loop
      vertex -4.294461724418069 2.253907384412276 -2.5
      vertex -4.180552884368239 2.4587552909959123 2.5
      vertex -4.180552884368239 2.4587552909959123 -2.5
    endloop
  endfacet
  facet normal -0.8494679351215217 0.5276402441061315 -9.685735344064602e-19
    outer loop
      vertex -4.180552884368239 2.4587552909959123 -2.5
      vertex -4.0568801693496 2.6578606606701487 2.5
      vertex -4.0568801693496 2.6578606606701487 -2.5
    endloop
  endfacet
  facet normal -0.8229838658936564 0.5680647467311556 9.309435415984541e-19
    outer loop
      vertex -4.0568801693496 2.6578606606701487 -2.5
      vertex -3.9237324227184947 2.8507584736184945 2.5
      vertex -3.9237324227184947 2.8507584736184945 -2.5
    endloop
  endfacet
  facet normal -0.7945776797137538 0.6071625078187117 4.34999351416615e-19
    outer loop
      vertex -3.9237324227184947 2.8507584736184945 -2.5
      vertex -3.781420617206628 3.0369982080608215 2.5
      vertex -3.781420617206628 3.0369982080608215 -2.5
    endloop
  endfacet
  facet normal -0.7643157205458485 0.6448422127361706 -1.474316590104091e-18
    outer loop
      vertex -3.781420617206628 3.0369982080608215 -2.5
      vertex -3.6302771286298396 3.216144892467857 2.5
      vertex -3.6302771286298396 3.216144892467857 -2.5
    endloop
  endfacet
  facet normal -0.7322686665977743 0.6810158587867964 1.222341305799471e-18
    outer loop
      vertex -3.6302771286298396 3.216144892467857 -2.5
      vertex -3.470654959608986 3.3877801214573453 2.5
      vertex -3.470654959608986 3.3877801214573453 -2.5
    endloop
  endfacet
  facet normal -0.6985113652489358 0.7155989607441224 0
    outer loop
      vertex -3.470654959608986 3.3877801214573453 -2.5
      vertex -3.470654959608986 3.3877801214573453 2.5
      vertex -3.3029269151159664 3.5515030329992006 -2.5
    endloop
  endfacet
  facet normal -0.6631226582407972 0.7485107481710993 0
    outer loop
      vertex -3.3029269151159664 3.5515030329992006 -2.5
      vertex -3.3029269151159664 3.5515030329992006 2.5
      vertex -3.1274847317704277 3.706931244647364 -2.5
    endloop
  endfacet
  facet normal -0.6261851975383134 0.7796743540632226 0
    outer loop
      vertex -3.1274847317704277 3.706931244647364 -2.5
      vertex -3.1274847317704277 3.706931244647364 2.5
      vertex -2.9447381629207494 3.853701746611708 -2.5
    endloop
  endfacet
  facet normal -0.5877852522924717 0.8090169943749485 0
    outer loop
      vertex -2.9447381629207494 3.853701746611708 -2.5
      vertex -2.9447381629207494 3.853701746611708 2.5
      vertex -2.7551140216461047 3.9914717495842336 -2.5
    endloop
  endfacet
  facet normal -0.5480125073546708 0.8364701380102262 0
    outer loop
      vertex -2.7551140216461047 3.9914717495842336 -2.5
      vertex -2.7551140216461047 3.9914717495842336 2.5
      vertex -2.5590551839147433 4.119919485339377 -2.5
    endloop
  endfacet
  facet normal -0.5069598538135903 0.8619696668800492 0
    outer loop
      vertex -2.5590551839147433 4.119919485339377 -2.5
      vertex -2.5590551839147433 4.119919485339377 2.5
      vertex -2.35701955422664 4.238744958238612 -2.5
    endloop
  endfacet
  facet normal 0 0 -1
    outer loop
      vertex -2.149478996156321 -4.347670645884162 -2.5
      vertex -2.14947899615632 4.347670645884163 -2.5
      vertex -2.05 0 -2.5
    endloop
  endfacet
  facet normal 0 0 -1
    outer loop
      vertex -2.357019554226638 -4.2387449582386125 -2.5
      vertex -2.35701955422664 4.238744958238612 -2.5
      vertex -2.14947899615632 4.347670645884163 -2.5
    endloop
  endfacet
  facet normal 0 0 -1
    outer loop
      vertex -2.14947899615632 4.347670645884163 -2.5
      vertex -2.0476060650062693 0.09904242802728963 -2.5
      vertex -2.05 0 -2.5
    endloop
  endfacet
  facet normal 0 0 -1
    outer loop
      vertex -2.14947899615632 4.347670645884163 -2.5
      vertex -2.0404298511711794 0.19785353787475626 -2.5
      vertex -2.0476060650062693 0.09904242802728963 -2.5
    endloop
  endfacet
  facet normal 0 0 -1
    outer loop
      vertex -1.936918230293623 4.446442147285424 -2.5
      vertex -2.0284881188746544 0.2962025516169041 -2.5
      vertex -2.0404298511711794 0.19785353787475626 -2.5
    endloop
  endfacet
  facet normal 0 0 -1
    outer loop
      vertex -1.936918230293623 4.446442147285424 -2.5
      vertex -2.0118087585857976 0.3938597705751018 -2.5
      vertex -2.0284881188746544 0.2962025516169041 -2.5
    endloop
  endfacet
  facet normal 0 0 -1
    outer loop
      vertex -1.936918230293623 4.446442147285424 -2.5
      vertex -1.9904307257234064 0.4905971117894931 -2.5
      vertex -2.0118087585857976 0.3938597705751018 -2.5
    endloop
  endfacet
  facet normal 0 0 -1
    outer loop
      vertex -1.936918230293623 4.446442147285424 -2.5
      vertex -1.9644039496737906 0.5861886407173129 -2.5
      vertex -1.9904307257234064 0.4905971117894931 -2.5
    endloop
  endfacet
  facet normal 0 0 -1
    outer loop
      vertex -1.936918230293623 4.446442147285424 -2.5
      vertex -1.933789217178373 0.6804110989134834 -2.5
      vertex -1.9644039496737906 0.5861886407173129 -2.5
    endloop
  endfacet
  facet normal 0 0 -1
    outer loop
      vertex -1.936918230293623 4.446442147285424 -2.5
      vertex -1.8986580303634415 0.7730444254610571 -2.5
      vertex -1.933789217178373 0.6804110989134834 -2.5
    endloop
  endfacet
  facet normal 0 0 -1
    outer loop
      vertex -1.936918230293623 4.446442147285424 -2.5
      vertex -1.859092439743618 0.8638722709336849 -2.5
      vertex -1.8986580303634415 0.7730444254610571 -2.5
    endloop
  endfacet
  facet normal 0 0 -1
    outer loop
      vertex -1.936918230293623 4.446442147285424 -2.5
      vertex -1.8151848525890804 0.952682502689725 -2.5
      vertex -1.859092439743618 0.8638722709336849 -2.5
    endloop
  endfacet
  facet normal 0 0 -1
    outer loop
      vertex -1.719833702156298 4.534828777024262 -2.5
      vertex -1.7670378171041008 1.0392677003178599 -2.5
      vertex -1.8151848525890804 0.952682502689725 -2.5
    endloop
  endfacet
  facet normal 0 0 -1
    outer loop
      vertex -1.719833702156298 4.534828777024262 -2.5
      vertex -1.7147637829209648 1.1234256400770732 -2.5
      vertex -1.7670378171041008 1.0392677003178599 -2.5
    endloop
  endfacet
  facet normal 0 0 -1
    outer loop
      vertex -1.719833702156298 4.534828777024262 -2.5
      vertex -1.6584848384686421 1.2049597671995698 -2.5
      vertex -1.7147637829209648 1.1234256400770732 -2.5
    endloop
  endfacet
  facet normal 0 0 -1
    outer loop
      vertex -1.719833702156298 4.534828777024262 -2.5
      vertex -1.5983324258296054 1.2836796549535432 -2.5
      vertex -1.6584848384686421 1.2049597671995698 -2.5
    endloop
  endfacet
  facet normal 0 0 -1
    outer loop
      vertex -1.4987324227184948 4.612624104031494 -2.5
      vertex -1.5344470337507568 1.3594014493936302 -2.5
      vertex -1.5983324258296054 1.2836796549535432 -2.5
    endloop
  endfacet
  facet normal 0 0 -1
    outer loop
      vertex -2.14947899615632 4.347670645884163 -2.5
      vertex -1.936918230293623 4.446442147285424 -2.5
      vertex -2.0404298511711794 0.19785353787475626 -2.5
    endloop
  endfacet
  facet normal 0 0 -1
    outer loop
      vertex -1.936918230293623 4.446442147285424 -2.5
      vertex -1.719833702156298 4.534828777024262 -2.5
      vertex -1.8151848525890804 0.952682502689725 -2.5
    endloop
  endfacet
  facet normal 0 0 -1
    outer loop
      vertex -1.4987324227184948 4.612624104031494 -2.5
      vertex -1.4669778695254476 1.4319482987603211 -2.5
      vertex -1.5344470337507568 1.3594014493936302 -2.5
    endloop
  endfacet
  facet normal 0 0 -1
    outer loop
      vertex -1.4987324227184948 4.612624104031494 -2.5
      vertex -1.3960825105129342 1.5011507665254353 -2.5
      vertex -1.4669778695254476 1.4319482987603211 -2.5
    endloop
  endfacet
  facet normal 0 0 -1
    outer loop
      vertex -1.2741307842631462 4.679646433716225 -2.5
      vertex -1.32192653610915 1.5668472271189888 -2.5
      vertex -1.3960825105129342 1.5011507665254353 -2.5
    endloop
  endfacet
  facet normal 0 0 -1
    outer loop
      vertex -1.2741307842631462 4.679646433716225 -2.5
      vertex -1.244683141028358 1.628884243413196 -2.5
      vertex -1.32192653610915 1.5668472271189888 -2.5
    endloop
  endfacet
  facet normal 0 0 -1
    outer loop
      vertex -1.2741307842631462 4.679646433716225 -2.5
      vertex -1.164532730798869 1.6871169250819955 -2.5
      vertex -1.244683141028358 1.628884243413196 -2.5
    endloop
  endfacet
  facet normal 0 0 -1
    outer loop
      vertex -1.719833702156298 4.534828777024262 -2.5
      vertex -1.4987324227184948 4.612624104031494 -2.5
      vertex -1.5983324258296054 1.2836796549535432 -2.5
    endloop
  endfacet
  facet normal 0 0 -1
    outer loop
      vertex -1.4987324227184948 4.612624104031494 -2.5
      vertex -1.2741307842631462 4.679646433716225 -2.5
      vertex -1.3960825105129342 1.5011507665254353 -2.5
    endloop
  endfacet
  facet normal 0 0 -1
    outer loop
      vertex -1.04655335432386 4.735739232321969 -2.5
      vertex -1.0816625004175717 1.7414092669991181 -2.5
      vertex -1.164532730798869 1.6871169250819955 -2.5
    endloop
  endfacet
  facet normal 0 0 -1
    outer loop
      vertex -1.04655335432386 4.735739232321969 -2.5
      vertex -0.9962659971473427 1.7916344668843616 -2.5
      vertex -1.0816625004175717 1.7414092669991181 -2.5
    endloop
  endfacet
  facet normal 0 0 -1
    outer loop
      vertex -1.04655335432386 4.735739232321969 -2.5
      vertex -0.9085426684784446 1.8376752214561927 -2.5
      vertex -0.9962659971473427 1.7916344668843616 -2.5
    endloop
  endfacet
  facet normal 0 0 -1
    outer loop
      vertex -0.816531650533137 4.7807714925185065 -2.5
      vertex -0.8186973963096756 1.8794240003989937 -2.5
      vertex -0.9085426684784446 1.8376752214561927 -2.5
    endloop
  endfacet
  facet normal 0 0 -1
    outer loop
      vertex -0.816531650533137 4.7807714925185065 -2.5
      vertex -0.726940018437198 1.9167832975051002 -2.5
      vertex -0.8186973963096756 1.8794240003989937 -2.5
    endloop
  endfacet
  facet normal 0 0 -1
    outer loop
      vertex -0.5846028992383164 4.814638039375561 -2.5
      vertex -0.6334848384686421 1.9496658584050646 -2.5
      vertex -0.726940018437198 1.9167832975051002 -2.5
    endloop
  endfacet
  facet normal 0 0 -1
    outer loop
      vertex -0.5846028992383164 4.814638039375561 -2.5
      vertex -0.538550125307103 1.9779948843542803 -2.5
      vertex -0.6334848384686421 1.9496658584050646 -2.5
    endloop
  endfacet
  facet normal 0 0 -1
    outer loop
      vertex -0.5846028992383164 4.814638039375561 -2.5
      vertex -0.4423576033740027 2.0017042116000074 -2.5
      vertex -0.538550125307103 1.9779948843542803 -2.5
    endloop
  endfacet
  facet normal 0 0 -1
    outer loop
      vertex -0.351308780784548 4.837259776003732 -2.5
      vertex -0.34513193476142906 2.020738465909884 -2.5
      vertex -0.4423576033740027 2.0017042116000074 -2.5
    endloop
  endfacet
  facet normal 0 0 -1
    outer loop
      vertex -0.351308780784548 4.837259776003732 -2.5
      vertex -0.24710019452341211 2.0350531919010106 -2.5
      vertex -0.34513193476142906 2.020738465909884 -2.5
    endloop
  endfacet
  facet normal 0 0 -1
    outer loop
      vertex -0.11719416439524177 4.8485838682889355 -2.5
      vertex -0.14849134033161307 2.044614956867557 -2.5
      vertex -0.24710019452341211 2.0350531919010106 -2.5
    endloop
  endfacet
  facet normal 0 0 -1
    outer loop
      vertex -0.11719416439524177 4.8485838682889355 -2.5
      vertex -0.04953567773407126 2.049401428864395 -2.5
      vertex -0.14849134033161307 2.044614956867557 -2.5
    endloop
  endfacet
  facet normal 0 0 -1
    outer loop
      vertex -0.11719416439524177 4.8485838682889355 -2.5
      vertex 0.04953567773407126 2.049401428864395 -2.5
      vertex -0.04953567773407126 2.049401428864395 -2.5
    endloop
  endfacet
  facet normal 0 0 -1
    outer loop
      vertex -1.2741307842631462 4.679646433716225 -2.5
      vertex -1.04655335432386 4.735739232321969 -2.5
      vertex -1.164532730798869 1.6871169250819955 -2.5
    endloop
  endfacet
  facet normal 0 0 -1
    outer loop
      vertex -1.04655335432386 4.735739232321969 -2.5
      vertex -0.816531650533137 4.7807714925185065 -2.5
      vertex -0.9085426684784446 1.8376752214561927 -2.5
    endloop
  endfacet
  facet normal 0 0 -1
    outer loop
      vertex -0.816531650533137 4.7807714925185065 -2.5
      vertex -0.5846028992383164 4.814638039375561 -2.5
      vertex -0.726940018437198 1.9167832975051002 -2.5
    endloop
  endfacet
  facet normal 0 0 -1
    outer loop
      vertex -0.5846028992383164 4.814638039375561 -2.5
      vertex -0.351308780784548 4.837259776003732 -2.5
      vertex -0.4423576033740027 2.0017042116000074 -2.5
    endloop
  endfacet
  facet normal 0 0 -1
    outer loop
      vertex -0.351308780784548 4.837259776003732 -2.5
      vertex -0.11719416439524177 4.8485838682889355 -2.5
      vertex -0.24710019452341211 2.0350531919010106 -2.5
    endloop
  endfacet
  facet normal -0.4647231720437676 0.8854560256532104 0
    outer loop
      vertex -2.35701955422664 4.238744958238612 -2.5
      vertex -2.35701955422664 4.238744958238612 2.5
      vertex -2.14947899615632 4.347670645884163 -2.5
    endloop
  endfacet
  facet normal -0.42140110777252826 0.906874360850546 0
    outer loop
      vertex -2.14947899615632 4.347670645884163 -2.5
      vertex -2.14947899615632 4.347670645884163 2.5
      vertex -1.936918230293623 4.446442147285424 -2.5
    endloop
  endfacet
  facet normal -0.37709484168832347 0.9261746489577753 0
    outer loop
      vertex -1.936918230293623 4.446442147285424 -2.5
      vertex -1.936918230293623 4.446442147285424 2.5
      vertex -1.719833702156298 4.534828777024262 -2.5
    endloop
  endfacet
  facet normal -0.33190785312852455 0.9433118132577446 0
    outer loop
      vertex -1.719833702156298 4.534828777024262 -2.5
      vertex -1.719833702156298 4.534828777024262 2.5
      vertex -1.4987324227184948 4.612624104031494 -2.5
    endloop
  endfacet
  facet normal -0.285945678398693 0.9582458291091651 0
    outer loop
      vertex -1.4987324227184948 4.612624104031494 -2.5
      vertex -1.4987324227184948 4.612624104031494 2.5
      vertex -1.2741307842631462 4.679646433716225 -2.5
    endloop
  endfacet
  facet normal -0.2393156642875572 0.9709418174260522 0
    outer loop
      vertex -1.2741307842631462 4.679646433716225 -2.5
      vertex -1.2741307842631462 4.679646433716225 2.5
      vertex -1.04655335432386 4.735739232321969 -2.5
    endloop
  endfacet
  facet normal -0.19212671735370793 0.9813701261394137 0
    outer loop
      vertex -1.04655335432386 4.735739232321969 -2.5
      vertex -1.04655335432386 4.735739232321969 2.5
      vertex -0.816531650533137 4.7807714925185065 -2.5
    endloop
  endfacet
  facet normal -0.14448904956921857 0.9895063994510513 0
    outer loop
      vertex -0.816531650533137 4.7807714925185065 -2.5
      vertex -0.816531650533137 4.7807714925185065 2.5
      vertex -0.5846028992383164 4.814638039375561 -2.5
    endloop
  endfacet
  facet normal -0.09651392091451906 0.9953316347176481 0
    outer loop
      vertex -0.5846028992383164 4.814638039375561 -2.5
      vertex -0.5846028992383164 4.814638039375561 2.5
      vertex -0.351308780784548 4.837259776003732 -2.5
    endloop
  endfacet
  facet normal -0.04831337952550546 0.9988322268323268 0
    outer loop
      vertex -0.351308780784548 4.837259776003732 -2.5
      vertex -0.351308780784548 4.837259776003732 2.5
      vertex -0.11719416439524177 4.8485838682889355 -2.5
    endloop
  endfacet
  facet normal 0 1 0
    outer loop
      vertex -0.11719416439524177 4.8485838682889355 -2.5
      vertex -0.11719416439524177 4.8485838682889355 2.5
      vertex 0.11719416439524177 4.8485838682889355 -2.5
    endloop
  endfacet
  facet normal -0.9997080140801929 0.024163745236134036 0
    outer loop
      vertex -4.85 0 -2.5
      vertex -4.85 0 2.5
      vertex -4.844336300136783 0.23431989069870962 2.5
    endloop
  endfacet
  facet normal -0.9973731496914912 0.07243480016176151 0
    outer loop
      vertex -4.844336300136783 0.23431989069870962 -2.5
      vertex -4.844336300136783 0.23431989069870962 2.5
      vertex -4.827358428380595 0.46809251643539895 2.5
    endloop
  endfacet
  facet normal -0.9927088740980543 0.12053668025531972 0
    outer loop
      vertex -4.827358428380595 0.46809251643539895 -2.5
      vertex -4.827358428380595 0.46809251643539895 2.5
      vertex -4.799106037337598 0.7007718904107244 2.5
    endloop
  endfacet
  facet normal -0.9857260809316499 0.1683570413470436 0
    outer loop
      vertex -4.799106037337598 0.7007718904107244 -2.5
      vertex -4.799106037337598 0.7007718904107244 2.5
      vertex -4.7596451117761545 0.9318145791654847 2.5
    endloop
  endfacet
  facet normal -0.9764410788292727 0.21578419676780325 0
    outer loop
      vertex -4.7596451117761545 0.9318145791654847 -2.5
      vertex -4.7596451117761545 0.9318145791654847 2.5
      vertex -4.709067814516352 1.1606809717946545 2.5
    endloop
  endfacet
  facet normal -0.9648755533435509 0.2627073781985885 0
    outer loop
      vertex -4.709067814516352 1.1606809717946545 -2.5
      vertex -4.709067814516352 1.1606809717946545 2.5
      vertex -4.6474922711794555 1.3868365402336427 2.5
    endloop
  endfacet
  facet normal -0.951056516295154 0.3090169943749463 0
    outer loop
      vertex -4.6474922711794555 1.3868365402336427 -2.5
      vertex -4.6474922711794555 1.3868365402336427 2.5
      vertex -4.575062294300054 1.609753087673363 2.5
    endloop
  endfacet
  facet normal -0.9350162426854147 0.3546048870425355 0
    outer loop
      vertex -4.575062294300054 1.609753087673363 -2.5
      vertex -4.575062294300054 1.609753087673363 2.5
      vertex -4.4919470474452154 1.8289099821883548 2.5
    endloop
  endfacet
  facet normal -0.9167921953165825 0.3993645835656952 0
    outer loop
      vertex -4.4919470474452154 1.8289099821883548 -2.5
      vertex -4.4919470474452154 1.8289099821883548 2.5
      vertex -4.398340650125145 2.0437953726967666 2.5
    endloop
  endfacet
  facet normal -0.8964269372957043 0.44319154559924034 0
    outer loop
      vertex -4.398340650125145 2.0437953726967666 -2.5
      vertex -4.398340650125145 2.0437953726967666 2.5
      vertex -4.294461724418069 2.253907384412276 2.5
    endloop
  endfacet
  facet normal -0.8739680326265166 0.48598341324260846 0
    outer loop
      vertex -4.294461724418069 2.253907384412276 -2.5
      vertex -4.294461724418069 2.253907384412276 2.5
      vertex -4.180552884368239 2.4587552909959123 2.5
    endloop
  endfacet
  facet normal 0 0 1
    outer loop
      vertex -4.844336300136783 -0.23431989069870962 2.5
      vertex -4.844336300136783 0.23431989069870962 2.5
      vertex -4.85 0 2.5
    endloop
  endfacet
  facet normal 0 0 1
    outer loop
      vertex -4.827358428380595 -0.46809251643539895 2.5
      vertex -4.827358428380595 0.46809251643539895 2.5
      vertex -4.844336300136783 0.23431989069870962 2.5
    endloop
  endfacet
  facet normal 0 0 1
    outer loop
      vertex -4.799106037337598 -0.7007718904107244 2.5
      vertex -4.799106037337598 0.7007718904107244 2.5
      vertex -4.827358428380595 0.46809251643539895 2.5
    endloop
  endfacet
  facet normal 0 0 1
    outer loop
      vertex -4.7596451117761545 -0.9318145791654847 2.5
      vertex -4.7596451117761545 0.9318145791654847 2.5
      vertex -4.799106037337598 0.7007718904107244 2.5
    endloop
  endfacet
  facet normal 0 0 1
    outer loop
      vertex -4.709067814516352 -1.1606809717946545 2.5
      vertex -4.709067814516352 1.1606809717946545 2.5
      vertex -4.7596451117761545 0.9318145791654847 2.5
    endloop
  endfacet
  facet normal 0 0 1
    outer loop
      vertex -4.6474922711794555 -1.3868365402336427 2.5
      vertex -4.6474922711794555 1.3868365402336427 2.5
      vertex -4.709067814516352 1.1606809717946545 2.5
    endloop
  endfacet
  facet normal 0 0 1
    outer loop
      vertex -4.575062294300054 -1.609753087673363 2.5
      vertex -4.575062294300054 1.609753087673363 2.5
      vertex -4.6474922711794555 1.3868365402336427 2.5
    endloop
  endfacet
  facet normal 0 0 1
    outer loop
      vertex -4.4919470474452154 -1.8289099821883548 2.5
      vertex -4.4919470474452154 1.8289099821883548 2.5
      vertex -4.575062294300054 1.609753087673363 2.5
    endloop
  endfacet
  facet normal 0 0 1
    outer loop
      vertex -4.398340650125145 -2.0437953726967666 2.5
      vertex -4.398340650125145 2.0437953726967666 2.5
      vertex -4.4919470474452154 1.8289099821883548 2.5
    endloop
  endfacet
  facet normal 0 0 1
    outer loop
      vertex -4.294461724418069 -2.253907384412276 2.5
      vertex -4.294461724418069 2.253907384412276 2.5
      vertex -4.398340650125145 2.0437953726967666 2.5
    endloop
  endfacet
  facet normal 0 0 1
    outer loop
      vertex -4.0568801693496 -2.6578606606701487 2.5
      vertex -4.05 0 2.5
      vertex -4.0568801693496 2.6578606606701487 2.5
    endloop
  endfacet
  facet normal 0 0 1
    outer loop
      vertex -4.180552884368239 -2.4587552909959123 2.5
      vertex -4.180552884368239 2.4587552909959123 2.5
      vertex -4.294461724418069 2.253907384412276 2.5
    endloop
  endfacet
  facet normal 0 0 1
    outer loop
      vertex -4.0568801693496 -2.6578606606701487 2.5
      vertex -4.0568801693496 2.6578606606701487 2.5
      vertex -4.180552884368239 2.4587552909959123 2.5
    endloop
  endfacet
  facet normal 0 0 1
    outer loop
      vertex -4.0568801693496 2.6578606606701487 2.5
      vertex -4.05 0 2.5
      vertex -4.045270518670923 0.1956691870783039 2.5
    endloop
  endfacet
  facet normal 0 0 1
    outer loop
      vertex -4.0568801693496 2.6578606606701487 2.5
      vertex -4.045270518670923 0.1956691870783039 2.5
      vertex -4.031093120606477 0.3908813797037868 2.5
    endloop
  endfacet
  facet normal 0 0 1
    outer loop
      vertex -4.0568801693496 2.6578606606701487 2.5
      vertex -4.031093120606477 0.3908813797037868 2.5
      vertex -4.007500917776757 0.5851806507553472 2.5
    endloop
  endfacet
  facet normal 0 0 1
    outer loop
      vertex -4.0568801693496 2.6578606606701487 2.5
      vertex -4.007500917776757 0.5851806507553472 2.5
      vertex -3.9745490108646244 0.7781132052825181 2.5
    endloop
  endfacet
  facet normal 0 0 1
    outer loop
      vertex -4.0568801693496 2.6578606606701487 2.5
      vertex -3.9745490108646244 0.7781132052825181 2.5
      vertex -3.9323143605755106 0.9692284403646083 2.5
    endloop
  endfacet
  facet normal 0 0 1
    outer loop
      vertex -4.0568801693496 2.6578606606701487 2.5
      vertex -3.9323143605755106 0.9692284403646083 2.5
      vertex -3.880895607892123 1.1580799975146914 2.5
    endloop
  endfacet
  facet normal 0 0 1
    outer loop
      vertex -3.9237324227184947 2.8507584736184945 2.5
      vertex -3.880895607892123 1.1580799975146914 2.5
      vertex -3.8204128436938594 1.3442268051705404 2.5
    endloop
  endfacet
  facet normal 0 0 1
    outer loop
      vertex -4.0568801693496 2.6578606606701487 2.5
      vertex -3.880895607892123 1.1580799975146914 2.5
      vertex -3.9237324227184947 2.8507584736184945 2.5
    endloop
  endfacet
  facet normal 0 0 1
    outer loop
      vertex -3.9237324227184947 2.8507584736184945 2.5
      vertex -3.8204128436938594 1.3442268051705404 2.5
      vertex -3.7510073282789946 1.5272341088376984 2.5
    endloop
  endfacet
  facet normal 0 0 1
    outer loop
      vertex -3.781420617206628 3.0369982080608215 2.5
      vertex -3.7510073282789946 1.5272341088376984 2.5
      vertex -3.6728411614447087 1.7066744864787435 2.5
    endloop
  endfacet
  facet normal 0 0 1
    outer loop
      vertex -3.781420617206628 3.0369982080608215 2.5
      vertex -3.6728411614447087 1.7066744864787435 2.5
      vertex -3.5860969038955006 1.8821288467772617 2.5
    endloop
  endfacet
  facet normal 0 0 1
    outer loop
      vertex -3.6302771286298396 3.216144892467857 2.5
      vertex -3.5860969038955006 1.8821288467772617 2.5
      vertex -3.4909771508641994 2.0531874079450403 2.5
    endloop
  endfacet
  facet normal -0.8494679351215217 0.5276402441061315 0
    outer loop
      vertex -4.180552884368239 2.4587552909959123 -2.5
      vertex -4.180552884368239 2.4587552909959123 2.5
      vertex -4.0568801693496 2.6578606606701487 2.5
    endloop
  endfacet
  facet normal -0.8229838658936564 0.5680647467311556 0
    outer loop
      vertex -4.0568801693496 2.6578606606701487 -2.5
      vertex -4.0568801693496 2.6578606606701487 2.5
      vertex -3.9237324227184947 2.8507584736184945 2.5
    endloop
  endfacet
  facet normal -0.7945776797137538 0.6071625078187117 0
    outer loop
      vertex -3.9237324227184947 2.8507584736184945 -2.5
      vertex -3.9237324227184947 2.8507584736184945 2.5
      vertex -3.781420617206628 3.0369982080608215 2.5
    endloop
  endfacet
  facet normal -0.7643157205458485 0.6448422127361706 0
    outer loop
      vertex -3.781420617206628 3.0369982080608215 -2.5
      vertex -3.781420617206628 3.0369982080608215 2.5
      vertex -3.6302771286298396 3.216144892467857 2.5
    endloop
  endfacet
  facet normal -0.7322686665977743 0.6810158587867964 0
    outer loop
      vertex -3.6302771286298396 3.216144892467857 -2.5
      vertex -3.6302771286298396 3.216144892467857 2.5
      vertex -3.470654959608986 3.3877801214573453 2.5
    endloop
  endfacet
  facet normal -0.6985113652489358 0.7155989607441224 0
    outer loop
      vertex -3.3029269151159664 3.5515030329992006 -2.5
      vertex -3.470654959608986 3.3877801214573453 2.5
      vertex -3.3029269151159664 3.5515030329992006 2.5
    endloop
  endfacet
  facet normal -0.6631226582407972 0.7485107481710993 0
    outer loop
      vertex -3.1274847317704277 3.706931244647364 -2.5
      vertex -3.3029269151159664 3.5515030329992006 2.5
      vertex -3.1274847317704277 3.706931244647364 2.5
    endloop
  endfacet
  facet normal -0.6261851975383134 0.7796743540632226 0
    outer loop
      vertex -2.9447381629207494 3.853701746611708 -2.5
      vertex -3.1274847317704277 3.706931244647364 2.5
      vertex -2.9447381629207494 3.853701746611708 2.5
    endloop
  endfacet
  facet normal -0.5877852522924717 0.8090169943749485 0
    outer loop
      vertex -2.7551140216461047 3.9914717495842336 -2.5
      vertex -2.9447381629207494 3.853701746611708 2.5
      vertex -2.7551140216461047 3.9914717495842336 2.5
    endloop
  endfacet
  facet normal -0.5480125073546708 0.8364701380102262 0
    outer loop
      vertex -2.5590551839147433 4.119919485339377 -2.5
      vertex -2.7551140216461047 3.9914717495842336 2.5
      vertex -2.5590551839147433 4.119919485339377 2.5
    endloop
  endfacet
  facet normal 0 0 1
    outer loop
      vertex -3.9237324227184947 2.8507584736184945 2.5
      vertex -3.7510073282789946 1.5272341088376984 2.5
      vertex -3.781420617206628 3.0369982080608215 2.5
    endloop
  endfacet
  facet normal 0 0 1
    outer loop
      vertex -3.781420617206628 3.0369982080608215 2.5
      vertex -3.5860969038955006 1.8821288467772617 2.5
      vertex -3.6302771286298396 3.216144892467857 2.5
    endloop
  endfacet
  facet normal 0 0 1
    outer loop
      vertex -3.6302771286298396 3.216144892467857 2.5
      vertex -3.4909771508641994 2.0531874079450403 2.5
      vertex -3.3877040589414182 2.219450654786413 2.5
    endloop
  endfacet
  facet normal 0 0 1
    outer loop
      vertex -3.470654959608986 3.3877801214573453 2.5
      vertex -3.3877040589414182 2.219450654786413 2.5
      vertex -3.276518827218537 2.380530271784516 2.5
    endloop
  endfacet
  facet normal 0 0 1
    outer loop
      vertex -3.6302771286298396 3.216144892467857 2.5
      vertex -3.3877040589414182 2.219450654786413 2.5
      vertex -3.470654959608986 3.3877801214573453 2.5
    endloop
  endfacet
  facet normal 0 0 1
    outer loop
      vertex -3.3029269151159664 3.5515030329992006 2.5
      vertex -3.276518827218537 2.380530271784516 2.5
      vertex -3.15768113395605 2.536050050030171 2.5
    endloop
  endfacet
  facet normal 0 0 1
    outer loop
      vertex -3.3029269151159664 3.5515030329992006 2.5
      vertex -3.15768113395605 2.536050050030171 2.5
      vertex -3.0314685300929587 2.6856467658752208 2.5
    endloop
  endfacet
  facet normal 0 0 1
    outer loop
      vertex -3.470654959608986 3.3877801214573453 2.5
      vertex -3.276518827218537 2.380530271784516 2.5
      vertex -3.3029269151159664 3.5515030329992006 2.5
    endloop
  endfacet
  facet normal 0 0 1
    outer loop
      vertex -3.3029269151159664 3.5515030329992006 2.5
      vertex -3.0314685300929587 2.6856467658752208 2.5
      vertex -3.1274847317704277 3.706931244647364 2.5
    endloop
  endfacet
  facet normal 0 0 1
    outer loop
      vertex -3.1274847317704277 3.706931244647364 2.5
      vertex -3.0314685300929587 2.6856467658752208 2.5
      vertex -2.8981757910136894 2.8289710292581955 2.5
    endloop
  endfacet
  facet normal 0 0 1
    outer loop
      vertex -2.9447381629207494 3.853701746611708 2.5
      vertex -2.8981757910136894 2.8289710292581955 2.5
      vertex -2.7581142280865287 2.965688099720982 2.5
    endloop
  endfacet
  facet normal 0 0 1
    outer loop
      vertex -2.9447381629207494 3.853701746611708 2.5
      vertex -2.7581142280865287 2.965688099720982 2.5
      vertex -2.611610961581491 3.0954786682106854 2.5
    endloop
  endfacet
  facet normal 0 0 1
    outer loop
      vertex -3.1274847317704277 3.706931244647364 2.5
      vertex -2.8981757910136894 2.8289710292581955 2.5
      vertex -2.9447381629207494 3.853701746611708 2.5
    endloop
  endfacet
  facet normal 0 0 1
    outer loop
      vertex -2.7551140216461047 3.9914717495842336 2.5
      vertex -2.611610961581491 3.0954786682106854 2.5
      vertex -2.4590081566657807 3.2180396028407046 2.5
    endloop
  endfacet
  facet normal 0 0 1
    outer loop
      vertex -2.5590551839147433 4.119919485339377 2.5
      vertex -2.4590081566657807 3.2180396028407046 2.5
      vertex -2.3006622242611803 3.3330846568693087 2.5
    endloop
  endfacet
  facet normal 0 0 1
    outer loop
      vertex -2.9447381629207494 3.853701746611708 2.5
      vertex -2.611610961581491 3.0954786682106854 2.5
      vertex -2.7551140216461047 3.9914717495842336 2.5
    endloop
  endfacet
  facet normal 0 0 1
    outer loop
      vertex -2.7551140216461047 3.9914717495842336 2.5
      vertex -2.4590081566657807 3.2180396028407046 2.5
      vertex -2.5590551839147433 4.119919485339377 2.5
    endloop
  endfacet
  facet normal -0.5069598538135903 0.8619696668800492 0
    outer loop
      vertex -2.35701955422664 4.238744958238612 -2.5
      vertex -2.5590551839147433 4.119919485339377 2.5
      vertex -2.35701955422664 4.238744958238612 2.5
    endloop
  endfacet
  facet normal -0.4647231720437676 0.8854560256532104 0
    outer loop
      vertex -2.14947899615632 4.347670645884163 -2.5
      vertex -2.35701955422664 4.238744958238612 2.5
      vertex -2.14947899615632 4.347670645884163 2.5
    endloop
  endfacet
  facet normal -0.42140110777252826 0.906874360850546 0
    outer loop
      vertex -1.936918230293623 4.446442147285424 -2.5
      vertex -2.14947899615632 4.347670645884163 2.5
      vertex -1.936918230293623 4.446442147285424 2.5
    endloop
  endfacet
  facet normal -0.37709484168832347 0.9261746489577753 0
    outer loop
      vertex -1.719833702156298 4.534828777024262 -2.5
      vertex -1.936918230293623 4.446442147285424 2.5
      vertex -1.719833702156298 4.534828777024262 2.5
    endloop
  endfacet
  facet normal -0.33190785312852455 0.9433118132577446 0
    outer loop
      vertex -1.4987324227184948 4.612624104031494 -2.5
      vertex -1.719833702156298 4.534828777024262 2.5
      vertex -1.4987324227184948 4.612624104031494 2.5
    endloop
  endfacet
  facet normal -0.285945678398693 0.9582458291091651 0
    outer loop
      vertex -1.2741307842631462 4.679646433716225 -2.5
      vertex -1.4987324227184948 4.612624104031494 2.5
      vertex -1.2741307842631462 4.679646433716225 2.5
    endloop
  endfacet
  facet normal -0.2393156642875572 0.9709418174260522 0
    outer loop
      vertex -1.04655335432386 4.735739232321969 -2.5
      vertex -1.2741307842631462 4.679646433716225 2.5
      vertex -1.04655335432386 4.735739232321969 2.5
    endloop
  endfacet
  facet normal -0.19212671735370793 0.9813701261394137 0
    outer loop
      vertex -0.816531650533137 4.7807714925185065 -2.5
      vertex -1.04655335432386 4.735739232321969 2.5
      vertex -0.816531650533137 4.7807714925185065 2.5
    endloop
  endfacet
  facet normal -0.14448904956921857 0.9895063994510513 0
    outer loop
      vertex -0.5846028992383164 4.814638039375561 -2.5
      vertex -0.816531650533137 4.7807714925185065 2.5
      vertex -0.5846028992383164 4.814638039375561 2.5
    endloop
  endfacet
  facet normal -0.09651392091451906 0.9953316347176481 0
    outer loop
      vertex -0.351308780784548 4.837259776003732 -2.5
      vertex -0.5846028992383164 4.814638039375561 2.5
      vertex -0.351308780784548 4.837259776003732 2.5
    endloop
  endfacet
  facet normal -0.04831337952550546 0.9988322268323268 0
    outer loop
      vertex -0.11719416439524177 4.8485838682889355 -2.5
      vertex -0.351308780784548 4.837259776003732 2.5
      vertex -0.11719416439524177 4.8485838682889355 2.5
    endloop
  endfacet
  facet normal 0 0 1
    outer loop
      vertex -2.5590551839147433 4.119919485339377 2.5
      vertex -2.3006622242611803 3.3330846568693087 2.5
      vertex -2.35701955422664 4.238744958238612 2.5
    endloop
  endfacet
  facet normal 0 0 1
    outer loop
      vertex -2.35701955422664 4.238744958238612 2.5
      vertex -2.3006622242611803 3.3330846568693087 2.5
      vertex -2.136942988629837 3.44034513724216 2.5
    endloop
  endfacet
  facet normal 0 0 1
    outer loop
      vertex -2.35701955422664 4.238744958238612 2.5
      vertex -2.136942988629837 3.44034513724216 2.5
      vertex -2.14947899615632 4.347670645884163 2.5
    endloop
  endfacet
  facet normal 0 0 1
    outer loop
      vertex -2.14947899615632 4.347670645884163 2.5
      vertex -2.136942988629837 3.44034513724216 2.5
      vertex -1.968232823632555 3.539570532137397 2.5
    endloop
  endfacet
  facet normal 0 0 1
    outer loop
      vertex -2.14947899615632 4.347670645884163 2.5
      vertex -1.968232823632555 3.539570532137397 2.5
      vertex -1.7949257596769272 3.6305290960476 2.5
    endloop
  endfacet
  facet normal 0 0 1
    outer loop
      vertex -2.14947899615632 4.347670645884163 2.5
      vertex -1.7949257596769272 3.6305290960476 2.5
      vertex -1.936918230293623 4.446442147285424 2.5
    endloop
  endfacet
  facet normal 0 0 1
    outer loop
      vertex -1.936918230293623 4.446442147285424 2.5
      vertex -1.7949257596769272 3.6305290960476 2.5
      vertex -1.6174265634410667 3.7130083910321585 2.5
    endloop
  endfacet
  facet normal 0 0 1
    outer loop
      vertex -1.936918230293623 4.446442147285424 2.5
      vertex -1.6174265634410667 3.7130083910321585 2.5
      vertex -1.719833702156298 4.534828777024262 2.5
    endloop
  endfacet
  facet normal 0 0 1
    outer loop
      vertex -1.719833702156298 4.534828777024262 2.5
      vertex -1.6174265634410667 3.7130083910321585 2.5
      vertex -1.4361497925222695 3.78681578287593 2.5
    endloop
  endfacet
  facet normal 0 0 1
    outer loop
      vertex -1.4987324227184948 4.612624104031494 2.5
      vertex -1.4361497925222695 3.78681578287593 2.5
      vertex -1.251518827218537 3.8517788909953716 2.5
    endloop
  endfacet
  facet normal 0 0 1
    outer loop
      vertex -1.719833702156298 4.534828777024262 2.5
      vertex -1.4361497925222695 3.78681578287593 2.5
      vertex -1.4987324227184948 4.612624104031494 2.5
    endloop
  endfacet
  facet normal 0 0 1
    outer loop
      vertex -1.4987324227184948 4.612624104031494 2.5
      vertex -1.251518827218537 3.8517788909953716 2.5
      vertex -1.2741307842631462 4.679646433716225 2.5
    endloop
  endfacet
  facet normal 0 0 1
    outer loop
      vertex -1.2741307842631462 4.679646433716225 2.5
      vertex -1.251518827218537 3.8517788909953716 2.5
      vertex -1.0639648817042768 3.9077459910413834 2.5
    endloop
  endfacet
  facet normal 0 0 1
    outer loop
      vertex -1.2741307842631462 4.679646433716225 2.5
      vertex -1.0639648817042768 3.9077459910413834 2.5
      vertex -0.8739259969096151 3.9545863692585517 2.5
    endloop
  endfacet
  facet normal 0 0 1
    outer loop
      vertex -1.04655335432386 4.735739232321969 2.5
      vertex -0.8739259969096151 3.9545863692585517 2.5
      vertex -0.6818460174555062 3.9921906277731862 2.5
    endloop
  endfacet
  facet normal 0 0 1
    outer loop
      vertex -1.2741307842631462 4.679646433716225 2.5
      vertex -0.8739259969096151 3.9545863692585517 2.5
      vertex -1.04655335432386 4.735739232321969 2.5
    endloop
  endfacet
  facet normal 0 0 1
    outer loop
      vertex -1.04655335432386 4.735739232321969 2.5
      vertex -0.6818460174555062 3.9921906277731862 2.5
      vertex -0.816531650533137 4.7807714925185065 2.5
    endloop
  endfacet
  facet normal 0 0 1
    outer loop
      vertex -0.816531650533137 4.7807714925185065 2.5
      vertex -0.6818460174555062 3.9921906277731862 2.5
      vertex -0.48817355503405807 4.020470940097119 2.5
    endloop
  endfacet
  facet normal 0 0 1
    outer loop
      vertex -0.816531650533137 4.7807714925185065 2.5
      vertex -0.48817355503405807 4.020470940097119 2.5
      vertex -0.5846028992383164 4.814638039375561 2.5
    endloop
  endfacet
  facet normal 0 0 1
    outer loop
      vertex -0.5846028992383164 4.814638039375561 2.5
      vertex -0.48817355503405807 4.020470940097119 2.5
      vertex -0.29336094065513807 4.039361256250539 2.5
    endloop
  endfacet
  facet normal 0 0 1
    outer loop
      vertex -0.5846028992383164 4.814638039375561 2.5
      vertex -0.29336094065513807 4.039361256250539 2.5
      vertex -0.351308780784548 4.837259776003732 2.5
    endloop
  endfacet
  facet normal 0 0 1
    outer loop
      vertex -0.351308780784548 4.837259776003732 2.5
      vertex -0.29336094065513807 4.039361256250539 2.5
      vertex -0.09786316820633592 4.048817457024781 2.5
    endloop
  endfacet
  facet normal 0 0 1
    outer loop
      vertex -0.11719416439524177 4.8485838682889355 2.5
      vertex -0.09786316820633592 4.048817457024781 2.5
      vertex 0.09786316820633592 4.048817457024781 2.5
    endloop
  endfacet
  facet normal 0 0 1
    outer loop
      vertex -0.351308780784548 4.837259776003732 2.5
      vertex -0.09786316820633592 4.048817457024781 2.5
      vertex -0.11719416439524177 4.8485838682889355 2.5
    endloop
  endfacet
  facet normal 0 0 -1
    outer loop
      vertex 0.11719416439523937 -4.8485838682889355 -2.5
      vertex 0.24710019452341164 -2.0350531919010106 -2.5
      vertex 0.3513087807845456 -4.837259776003732 -2.5
    endloop
  endfacet
  facet normal 0 0 -1
    outer loop
      vertex 0.3513087807845456 -4.837259776003732 -2.5
      vertex 0.44235760337400226 -2.0017042116000074 -2.5
      vertex 0.5846028992383153 -4.814638039375562 -2.5
    endloop
  endfacet
  facet normal 0 0 -1
    outer loop
      vertex 0.5846028992383153 -4.814638039375562 -2.5
      vertex 0.726940018437198 -1.9167832975051002 -2.5
      vertex 0.8165316505331358 -4.7807714925185065 -2.5
    endloop
  endfacet
  facet normal 0 0 -1
    outer loop
      vertex 0.8165316505331358 -4.7807714925185065 -2.5
      vertex 0.908542668478445 -1.8376752214561924 -2.5
      vertex 1.046553354323859 -4.735739232321969 -2.5
    endloop
  endfacet
  facet normal 0 0 -1
    outer loop
      vertex 1.046553354323859 -4.735739232321969 -2.5
      vertex 1.16453273079887 -1.6871169250819948 -2.5
      vertex 1.2741307842631462 -4.679646433716225 -2.5
    endloop
  endfacet
  facet normal 0 0 -1
    outer loop
      vertex 0.11719416439523937 -4.8485838682889355 -2.5
      vertex -0.04953567773406955 -2.049401428864395 -2.5
      vertex 0.04953567773407025 -2.049401428864395 -2.5
    endloop
  endfacet
  facet normal 0 0 -1
    outer loop
      vertex 0.11719416439523937 -4.8485838682889355 -2.5
      vertex 0.04953567773407025 -2.049401428864395 -2.5
      vertex 0.14849134033161207 -2.044614956867557 -2.5
    endloop
  endfacet
  facet normal 0 0 -1
    outer loop
      vertex 0.11719416439523937 -4.8485838682889355 -2.5
      vertex 0.14849134033161207 -2.044614956867557 -2.5
      vertex 0.24710019452341164 -2.0350531919010106 -2.5
    endloop
  endfacet
  facet normal 0 0 -1
    outer loop
      vertex 0.3513087807845456 -4.837259776003732 -2.5
      vertex 0.24710019452341164 -2.0350531919010106 -2.5
      vertex 0.34513193476142856 -2.020738465909884 -2.5
    endloop
  endfacet
  facet normal 0 0 -1
    outer loop
      vertex 0.3513087807845456 -4.837259776003732 -2.5
      vertex 0.34513193476142856 -2.020738465909884 -2.5
      vertex 0.44235760337400226 -2.0017042116000074 -2.5
    endloop
  endfacet
  facet normal 0 0 -1
    outer loop
      vertex 0.5846028992383153 -4.814638039375562 -2.5
      vertex 0.44235760337400226 -2.0017042116000074 -2.5
      vertex 0.538550125307103 -1.9779948843542803 -2.5
    endloop
  endfacet
  facet normal 0 0 -1
    outer loop
      vertex 0.5846028992383153 -4.814638039375562 -2.5
      vertex 0.538550125307103 -1.9779948843542803 -2.5
      vertex 0.6334848384686421 -1.9496658584050646 -2.5
    endloop
  endfacet
  facet normal 0 0 -1
    outer loop
      vertex 0.5846028992383153 -4.814638039375562 -2.5
      vertex 0.6334848384686421 -1.9496658584050646 -2.5
      vertex 0.726940018437198 -1.9167832975051002 -2.5
    endloop
  endfacet
  facet normal 0 0 -1
    outer loop
      vertex 0.8165316505331358 -4.7807714925185065 -2.5
      vertex 0.726940018437198 -1.9167832975051002 -2.5
      vertex 0.8186973963096761 -1.8794240003989935 -2.5
    endloop
  endfacet
  facet normal 0 0 -1
    outer loop
      vertex 0.8165316505331358 -4.7807714925185065 -2.5
      vertex 0.8186973963096761 -1.8794240003989935 -2.5
      vertex 0.908542668478445 -1.8376752214561924 -2.5
    endloop
  endfacet
  facet normal 0 0 -1
    outer loop
      vertex 1.046553354323859 -4.735739232321969 -2.5
      vertex 0.908542668478445 -1.8376752214561924 -2.5
      vertex 0.996265997147343 -1.7916344668843613 -2.5
    endloop
  endfacet
  facet normal 0 0 -1
    outer loop
      vertex 1.046553354323859 -4.735739232321969 -2.5
      vertex 0.996265997147343 -1.7916344668843613 -2.5
      vertex 1.0816625004175724 -1.7414092669991177 -2.5
    endloop
  endfacet
  facet normal 0 0 -1
    outer loop
      vertex 1.046553354323859 -4.735739232321969 -2.5
      vertex 1.0816625004175724 -1.7414092669991177 -2.5
      vertex 1.16453273079887 -1.6871169250819948 -2.5
    endloop
  endfacet
  facet normal 0 0 -1
    outer loop
      vertex 1.2741307842631462 -4.679646433716225 -2.5
      vertex 1.3960825105129335 -1.5011507665254362 -2.5
      vertex 1.4987324227184948 -4.612624104031494 -2.5
    endloop
  endfacet
  facet normal 0 0 -1
    outer loop
      vertex 1.4987324227184948 -4.612624104031494 -2.5
      vertex 1.5983324258296054 -1.2836796549535432 -2.5
      vertex 1.719833702156298 -4.534828777024262 -2.5
    endloop
  endfacet
  facet normal 0 0 -1
    outer loop
      vertex 1.2741307842631462 -4.679646433716225 -2.5
      vertex 1.16453273079887 -1.6871169250819948 -2.5
      vertex 1.2446831410283572 -1.6288842434131967 -2.5
    endloop
  endfacet
  facet normal 0 0 -1
    outer loop
      vertex 1.2741307842631462 -4.679646433716225 -2.5
      vertex 1.2446831410283572 -1.6288842434131967 -2.5
      vertex 1.3219265361091492 -1.5668472271189895 -2.5
    endloop
  endfacet
  facet normal 0 0 -1
    outer loop
      vertex 1.2741307842631462 -4.679646433716225 -2.5
      vertex 1.3219265361091492 -1.5668472271189895 -2.5
      vertex 1.3960825105129335 -1.5011507665254362 -2.5
    endloop
  endfacet
  facet normal 0 0 -1
    outer loop
      vertex 1.4987324227184948 -4.612624104031494 -2.5
      vertex 1.3960825105129335 -1.5011507665254362 -2.5
      vertex 1.4669778695254476 -1.4319482987603211 -2.5
    endloop
  endfacet
  facet normal 0 0 -1
    outer loop
      vertex 1.4987324227184948 -4.612624104031494 -2.5
      vertex 1.4669778695254476 -1.4319482987603211 -2.5
      vertex 1.5344470337507568 -1.3594014493936302 -2.5
    endloop
  endfacet
  facet normal 0 0 -1
    outer loop
      vertex 1.719833702156298 -4.534828777024262 -2.5
      vertex 1.8151848525890804 -0.952682502689725 -2.5
      vertex 1.936918230293624 -4.446442147285424 -2.5
    endloop
  endfacet
  facet normal 0 0 -1
    outer loop
      vertex 1.936918230293624 -4.446442147285424 -2.5
      vertex 2.0404298511711794 -0.19785353787475626 -2.5
      vertex 2.149478996156321 -4.347670645884162 -2.5
    endloop
  endfacet
  facet normal 0 -1 0
    outer loop
      vertex -0.11719416439523937 -4.8485838682889355 -2.5
      vertex 0.11719416439523937 -4.8485838682889355 -2.5
      vertex 0.11719416439523937 -4.8485838682889355 2.5
    endloop
  endfacet
  facet normal 0.04831337952550546 -0.9988322268323265 9.898895009285961e-20
    outer loop
      vertex 0.11719416439523937 -4.8485838682889355 -2.5
      vertex 0.3513087807845456 -4.837259776003732 -2.5
      vertex 0.3513087807845456 -4.837259776003732 2.5
    endloop
  endfacet
  facet normal 0.09651392091451477 -0.9953316347176486 -8.174951587370307e-20
    outer loop
      vertex 0.3513087807845456 -4.837259776003732 -2.5
      vertex 0.5846028992383153 -4.814638039375562 -2.5
      vertex 0.5846028992383153 -4.814638039375562 2.5
    endloop
  endfacet
  facet normal 0.14448904956922237 -0.989506399451051 -2.5427091559714865e-19
    outer loop
      vertex 0.5846028992383153 -4.814638039375562 -2.5
      vertex 0.8165316505331358 -4.7807714925185065 -2.5
      vertex 0.8165316505331358 -4.7807714925185065 2.5
    endloop
  endfacet
  facet normal 0.19212671735370782 -0.9813701261394137 4.561142996449206e-19
    outer loop
      vertex 0.8165316505331358 -4.7807714925185065 -2.5
      vertex 1.046553354323859 -4.735739232321969 -2.5
      vertex 1.046553354323859 -4.735739232321969 2.5
    endloop
  endfacet
  facet normal 0.23931566428755613 -0.9709418174260526 -1.5529313424188582e-19
    outer loop
      vertex 1.046553354323859 -4.735739232321969 -2.5
      vertex 1.2741307842631462 -4.679646433716225 -2.5
      vertex 1.2741307842631462 -4.679646433716225 2.5
    endloop
  endfacet
  facet normal 0.285945678398693 -0.9582458291091651 -2.6076021337249507e-19
    outer loop
      vertex 1.2741307842631462 -4.679646433716225 -2.5
      vertex 1.4987324227184948 -4.612624104031494 -2.5
      vertex 1.4987324227184948 -4.612624104031494 2.5
    endloop
  endfacet
  facet normal 0.33190785312852455 -0.9433118132577446 -3.6062391762545217e-19
    outer loop
      vertex 1.4987324227184948 -4.612624104031494 -2.5
      vertex 1.719833702156298 -4.534828777024262 -2.5
      vertex 1.719833702156298 -4.534828777024262 2.5
    endloop
  endfacet
  facet normal 0.37709484168832175 -0.9261746489577759 9.862365171247453e-20
    outer loop
      vertex 1.719833702156298 -4.534828777024262 -2.5
      vertex 1.936918230293624 -4.446442147285424 -2.5
      vertex 1.936918230293624 -4.446442147285424 2.5
    endloop
  endfacet
  facet normal 0.421401107772531 -0.9068743608505446 6.2468110132931055e-19
    outer loop
      vertex 1.936918230293624 -4.446442147285424 -2.5
      vertex 2.149478996156321 -4.347670645884162 -2.5
      vertex 2.149478996156321 -4.347670645884162 2.5
    endloop
  endfacet
  facet normal 0.46472317204376845 -0.88545602565321 6.892823198412389e-19
    outer loop
      vertex 2.149478996156321 -4.347670645884162 -2.5
      vertex 2.357019554226641 -4.238744958238611 -2.5
      vertex 2.357019554226641 -4.238744958238611 2.5
    endloop
  endfacet
  facet normal 0 0 -1
    outer loop
      vertex 1.4987324227184948 -4.612624104031494 -2.5
      vertex 1.5344470337507568 -1.3594014493936302 -2.5
      vertex 1.5983324258296054 -1.2836796549535432 -2.5
    endloop
  endfacet
  facet normal 0 0 -1
    outer loop
      vertex 1.719833702156298 -4.534828777024262 -2.5
      vertex 1.5983324258296054 -1.2836796549535432 -2.5
      vertex 1.6584848384686421 -1.2049597671995698 -2.5
    endloop
  endfacet
  facet normal 0 0 -1
    outer loop
      vertex 1.719833702156298 -4.534828777024262 -2.5
      vertex 1.6584848384686421 -1.2049597671995698 -2.5
      vertex 1.7147637829209648 -1.1234256400770732 -2.5
    endloop
  endfacet
  facet normal 0 0 -1
    outer loop
      vertex 1.719833702156298 -4.534828777024262 -2.5
      vertex 1.7147637829209648 -1.1234256400770732 -2.5
      vertex 1.7670378171041008 -1.0392677003178599 -2.5
    endloop
  endfacet
  facet normal 0 0 -1
    outer loop
      vertex 1.719833702156298 -4.534828777024262 -2.5
      vertex 1.7670378171041008 -1.0392677003178599 -2.5
      vertex 1.8151848525890804 -0.952682502689725 -2.5
    endloop
  endfacet
  facet normal 0 0 -1
    outer loop
      vertex 1.936918230293624 -4.446442147285424 -2.5
      vertex 1.8151848525890804 -0.952682502689725 -2.5
      vertex 1.8590924397436182 -0.8638722709336841 -2.5
    endloop
  endfacet
  facet normal 0 0 -1
    outer loop
      vertex 1.936918230293624 -4.446442147285424 -2.5
      vertex 1.8590924397436182 -0.8638722709336841 -2.5
      vertex 1.898658030363442 -0.7730444254610561 -2.5
    endloop
  endfacet
  facet normal 0 0 -1
    outer loop
      vertex 1.936918230293624 -4.446442147285424 -2.5
      vertex 1.898658030363442 -0.7730444254610561 -2.5
      vertex 1.9337892171783735 -0.6804110989134823 -2.5
    endloop
  endfacet
  facet normal 0 0 -1
    outer loop
      vertex 1.936918230293624 -4.446442147285424 -2.5
      vertex 1.9337892171783735 -0.6804110989134823 -2.5
      vertex 1.9644039496737904 -0.5861886407173139 -2.5
    endloop
  endfacet
  facet normal 0 0 -1
    outer loop
      vertex 1.936918230293624 -4.446442147285424 -2.5
      vertex 1.9644039496737904 -0.5861886407173139 -2.5
      vertex 1.9904307257234062 -0.4905971117894941 -2.5
    endloop
  endfacet
  facet normal 0 0 -1
    outer loop
      vertex 1.936918230293624 -4.446442147285424 -2.5
      vertex 1.9904307257234062 -0.4905971117894941 -2.5
      vertex 2.0118087585857976 -0.3938597705751027 -2.5
    endloop
  endfacet
  facet normal 0 0 -1
    outer loop
      vertex 1.936918230293624 -4.446442147285424 -2.5
      vertex 2.0118087585857976 -0.3938597705751027 -2.5
      vertex 2.0284881188746544 -0.2962025516169041 -2.5
    endloop
  endfacet
  facet normal 0 0 -1
    outer loop
      vertex 1.936918230293624 -4.446442147285424 -2.5
      vertex 2.0284881188746544 -0.2962025516169041 -2.5
      vertex 2.0404298511711794 -0.19785353787475626 -2.5
    endloop
  endfacet
  facet normal 0 0 -1
    outer loop
      vertex 2.149478996156321 -4.347670645884162 -2.5
      vertex 2.0404298511711794 -0.19785353787475626 -2.5
      vertex 2.0476060650062693 -0.09904242802728963 -2.5
    endloop
  endfacet
  facet normal 0 0 -1
    outer loop
      vertex 2.149478996156321 -4.347670645884162 -2.5
      vertex 2.0476060650062693 -0.09904242802728963 -2.5
      vertex 2.05 0 -2.5
    endloop
  endfacet
  facet normal 0 0 -1
    outer loop
      vertex 2.149478996156321 -4.347670645884162 -2.5
      vertex 2.35701955422664 4.238744958238612 -2.5
      vertex 2.357019554226641 -4.238744958238611 -2.5
    endloop
  endfacet
  facet normal 0.5069598538135895 -0.8619696668800496 -1.114413395034179e-18
    outer loop
      vertex 2.357019554226641 -4.238744958238611 -2.5
      vertex 2.5590551839147446 -4.119919485339376 -2.5
      vertex 2.5590551839147446 -4.119919485339376 2.5
    endloop
  endfacet
  facet normal 0.5480125073546716 -0.8364701380102255 -1.4376839034027784e-18
    outer loop
      vertex 2.5590551839147446 -4.119919485339376 -2.5
      vertex 2.755114021646107 -3.991471749584232 -2.5
      vertex 2.755114021646107 -3.991471749584232 2.5
    endloop
  endfacet
  facet normal 0.587785252292472 -0.8090169943749482 -6.407907687305923e-19
    outer loop
      vertex 2.755114021646107 -3.991471749584232 -2.5
      vertex 2.944738162920747 -3.8537017466117094 -2.5
      vertex 2.944738162920747 -3.8537017466117094 2.5
    endloop
  endfacet
  facet normal 0.6261851975383124 -0.7796743540632233 6.588517600356944e-20
    outer loop
      vertex 2.944738162920747 -3.8537017466117094 -2.5
      vertex 3.127484731770426 -3.7069312446473655 -2.5
      vertex 3.127484731770426 -3.7069312446473655 2.5
    endloop
  endfacet
  facet normal 0.6631226582407941 -0.7485107481711021 -9.372055578449395e-19
    outer loop
      vertex 3.127484731770426 -3.7069312446473655 -2.5
      vertex 3.302926915115965 -3.551503032999203 -2.5
      vertex 3.302926915115965 -3.551503032999203 2.5
    endloop
  endfacet
  facet normal 0.6985113652489378 -0.7155989607441204 -4.883629526367013e-19
    outer loop
      vertex 3.302926915115965 -3.551503032999203 -2.5
      vertex 3.470654959608986 -3.3877801214573453 -2.5
      vertex 3.470654959608986 -3.3877801214573453 2.5
    endloop
  endfacet
  facet normal 0.7322686665977743 -0.6810158587867964 0
    outer loop
      vertex 3.470654959608986 -3.3877801214573453 -2.5
      vertex 3.6302771286298396 -3.216144892467857 -2.5
      vertex 3.470654959608986 -3.3877801214573453 2.5
    endloop
  endfacet
  facet normal 0.7643157205458485 -0.6448422127361706 0
    outer loop
      vertex 3.6302771286298396 -3.216144892467857 -2.5
      vertex 3.781420617206628 -3.0369982080608215 -2.5
      vertex 3.6302771286298396 -3.216144892467857 2.5
    endloop
  endfacet
  facet normal 0.7945776797137538 -0.6071625078187117 0
    outer loop
      vertex 3.781420617206628 -3.0369982080608215 -2.5
      vertex 3.9237324227184947 -2.8507584736184945 -2.5
      vertex 3.781420617206628 -3.0369982080608215 2.5
    endloop
  endfacet
  facet normal 0.8229838658936564 -0.5680647467311556 0
    outer loop
      vertex 3.9237324227184947 -2.8507584736184945 -2.5
      vertex 4.0568801693496 -2.6578606606701487 -2.5
      vertex 3.9237324227184947 -2.8507584736184945 2.5
    endloop
  endfacet
  facet normal 0.8494679351215217 -0.5276402441061315 0
    outer loop
      vertex 4.0568801693496 -2.6578606606701487 -2.5
      vertex 4.180552884368239 -2.4587552909959123 -2.5
      vertex 4.0568801693496 -2.6578606606701487 2.5
    endloop
  endfacet
  facet normal 0 0 -1
    outer loop
      vertex 2.357019554226641 -4.238744958238611 -2.5
      vertex 2.5590551839147437 4.119919485339377 -2.5
      vertex 2.5590551839147446 -4.119919485339376 -2.5
    endloop
  endfacet
  facet normal 0 0 -1
    outer loop
      vertex 2.5590551839147446 -4.119919485339376 -2.5
      vertex 2.7551140216461047 3.9914717495842336 -2.5
      vertex 2.755114021646107 -3.991471749584232 -2.5
    endloop
  endfacet
  facet normal 0 0 -1
    outer loop
      vertex 2.755114021646107 -3.991471749584232 -2.5
      vertex 2.9447381629207494 3.853701746611708 -2.5
      vertex 2.944738162920747 -3.8537017466117094 -2.5
    endloop
  endfacet
  facet normal 0 0 -1
    outer loop
      vertex 2.944738162920747 -3.8537017466117094 -2.5
      vertex 3.1274847317704273 3.706931244647364 -2.5
      vertex 3.127484731770426 -3.7069312446473655 -2.5
    endloop
  endfacet
  facet normal 0 0 -1
    outer loop
      vertex 3.127484731770426 -3.7069312446473655 -2.5
      vertex 3.302926915115966 3.5515030329992014 -2.5
      vertex 3.302926915115965 -3.551503032999203 -2.5
    endloop
  endfacet
  facet normal 0 0 -1
    outer loop
      vertex 3.302926915115965 -3.551503032999203 -2.5
      vertex 3.470654959608987 3.387780121457344 -2.5
      vertex 3.470654959608986 -3.3877801214573453 -2.5
    endloop
  endfacet
  facet normal 0 0 -1
    outer loop
      vertex 3.470654959608986 -3.3877801214573453 -2.5
      vertex 3.63027712862984 3.2161448924678564 -2.5
      vertex 3.6302771286298396 -3.216144892467857 -2.5
    endloop
  endfacet
  facet normal 0 0 -1
    outer loop
      vertex 3.6302771286298396 -3.216144892467857 -2.5
      vertex 3.7814206172066287 3.0369982080608207 -2.5
      vertex 3.781420617206628 -3.0369982080608215 -2.5
    endloop
  endfacet
  facet normal 0 0 -1
    outer loop
      vertex 3.781420617206628 -3.0369982080608215 -2.5
      vertex 3.9237324227184947 2.8507584736184945 -2.5
      vertex 3.9237324227184947 -2.8507584736184945 -2.5
    endloop
  endfacet
  facet normal 0 0 -1
    outer loop
      vertex 3.9237324227184947 -2.8507584736184945 -2.5
      vertex 4.0568801693496 2.657860660670149 -2.5
      vertex 4.0568801693496 -2.6578606606701487 -2.5
    endloop
  endfacet
  facet normal 0 0 -1
    outer loop
      vertex 4.0568801693496 -2.6578606606701487 -2.5
      vertex 4.180552884368239 2.4587552909959127 -2.5
      vertex 4.180552884368239 -2.4587552909959123 -2.5
    endloop
  endfacet
  facet normal 0 0 -1
    outer loop
      vertex 4.180552884368239 -2.4587552909959123 -2.5
      vertex 4.294461724418068 2.2539073844122774 -2.5
      vertex 4.294461724418069 -2.253907384412276 -2.5
    endloop
  endfacet
  facet normal 0 0 -1
    outer loop
      vertex 4.294461724418069 -2.253907384412276 -2.5
      vertex 4.398340650125145 2.043795372696766 -2.5
      vertex 4.398340650125146 -2.043795372696765 -2.5
    endloop
  endfacet
  facet normal 0 0 -1
    outer loop
      vertex 4.398340650125146 -2.043795372696765 -2.5
      vertex 4.4919470474452154 1.8289099821883539 -2.5
      vertex 4.491947047445216 -1.8289099821883523 -2.5
    endloop
  endfacet
  facet normal 0 0 -1
    outer loop
      vertex 4.491947047445216 -1.8289099821883523 -2.5
      vertex 4.575062294300054 1.6097530876733626 -2.5
      vertex 4.5750622943000545 -1.6097530876733606 -2.5
    endloop
  endfacet
  facet normal 0 0 -1
    outer loop
      vertex 4.5750622943000545 -1.6097530876733606 -2.5
      vertex 4.6474922711794555 1.386836540233643 -2.5
      vertex 4.6474922711794555 -1.386836540233645 -2.5
    endloop
  endfacet
  facet normal 0 0 -1
    outer loop
      vertex 4.6474922711794555 -1.386836540233645 -2.5
      vertex 4.709067814516352 1.1606809717946551 -2.5
      vertex 4.709067814516351 -1.160680971794657 -2.5
    endloop
  endfacet
  facet normal 0 0 -1
    outer loop
      vertex 4.709067814516351 -1.160680971794657 -2.5
      vertex 4.7596451117761545 0.9318145791654855 -2.5
      vertex 4.7596451117761545 -0.9318145791654868 -2.5
    endloop
  endfacet
  facet normal 0 0 -1
    outer loop
      vertex 4.7596451117761545 -0.9318145791654868 -2.5
      vertex 4.799106037337598 0.7007718904107235 -2.5
      vertex 4.799106037337598 -0.7007718904107244 -2.5
    endloop
  endfacet
  facet normal 0 0 -1
    outer loop
      vertex 4.799106037337598 -0.7007718904107244 -2.5
      vertex 4.827358428380595 0.46809251643539823 -2.5
      vertex 4.827358428380595 -0.46809251643539895 -2.5
    endloop
  endfacet
  facet normal 0 0 -1
    outer loop
      vertex 4.827358428380595 -0.46809251643539895 -2.5
      vertex 4.844336300136784 0.23431989069870926 -2.5
      vertex 4.844336300136783 -0.23431989069870962 -2.5
    endloop
  endfacet
  facet normal 0.8739680326265166 -0.48598341324260846 0
    outer loop
      vertex 4.180552884368239 -2.4587552909959123 -2.5
      vertex 4.294461724418069 -2.253907384412276 -2.5
      vertex 4.180552884368239 -2.4587552909959123 2.5
    endloop
  endfacet
  facet normal 0.8964269372957042 -0.44319154559924034 0
    outer loop
      vertex 4.294461724418069 -2.253907384412276 -2.5
      vertex 4.398340650125146 -2.043795372696765 -2.5
      vertex 4.294461724418069 -2.253907384412276 2.5
    endloop
  endfacet
  facet normal 0.916792195316583 -0.39936458356569415 0
    outer loop
      vertex 4.398340650125146 -2.043795372696765 -2.5
      vertex 4.491947047445216 -1.8289099821883523 -2.5
      vertex 4.398340650125146 -2.043795372696765 2.5
    endloop
  endfacet
  facet normal 0.9350162426854147 -0.3546048870425355 0
    outer loop
      vertex 4.491947047445216 -1.8289099821883523 -2.5
      vertex 4.5750622943000545 -1.6097530876733606 -2.5
      vertex 4.491947047445216 -1.8289099821883523 2.5
    endloop
  endfacet
  facet normal 0.9510565162951531 -0.309016994374949 0
    outer loop
      vertex 4.5750622943000545 -1.6097530876733606 -2.5
      vertex 4.6474922711794555 -1.386836540233645 -2.5
      vertex 4.5750622943000545 -1.6097530876733606 2.5
    endloop
  endfacet
  facet normal 0.964875553343552 -0.26270737819858503 0
    outer loop
      vertex 4.6474922711794555 -1.386836540233645 -2.5
      vertex 4.709067814516351 -1.160680971794657 -2.5
      vertex 4.6474922711794555 -1.386836540233645 2.5
    endloop
  endfacet
  facet normal 0.976441078829272 -0.21578419676780655 0
    outer loop
      vertex 4.709067814516351 -1.160680971794657 -2.5
      vertex 4.7596451117761545 -0.9318145791654868 -2.5
      vertex 4.709067814516351 -1.160680971794657 2.5
    endloop
  endfacet
  facet normal 0.9857260809316503 -0.1683570413470421 0
    outer loop
      vertex 4.7596451117761545 -0.9318145791654868 -2.5
      vertex 4.799106037337598 -0.7007718904107244 -2.5
      vertex 4.7596451117761545 -0.9318145791654868 2.5
    endloop
  endfacet
  facet normal 0.9927088740980543 -0.12053668025531972 0
    outer loop
      vertex 4.799106037337598 -0.7007718904107244 -2.5
      vertex 4.827358428380595 -0.46809251643539895 -2.5
      vertex 4.799106037337598 -0.7007718904107244 2.5
    endloop
  endfacet
  facet normal 0.9973731496914912 -0.07243480016176151 0
    outer loop
      vertex 4.827358428380595 -0.46809251643539895 -2.5
      vertex 4.844336300136783 -0.23431989069870962 -2.5
      vertex 4.827358428380595 -0.46809251643539895 2.5
    endloop
  endfacet
  facet normal 0.9997080140801929 -0.024163745236134036 0
    outer loop
      vertex 4.844336300136783 -0.23431989069870962 -2.5
      vertex 4.85 0 -2.5
      vertex 4.844336300136783 -0.23431989069870962 2.5
    endloop
  endfacet
  facet normal 0.04831337952550546 -0.9988322268323265 0
    outer loop
      vertex 0.11719416439523937 -4.8485838682889355 -2.5
      vertex 0.3513087807845456 -4.837259776003732 2.5
      vertex 0.11719416439523937 -4.8485838682889355 2.5
    endloop
  endfacet
  facet normal 0.09651392091451477 -0.9953316347176486 0
    outer loop
      vertex 0.3513087807845456 -4.837259776003732 -2.5
      vertex 0.5846028992383153 -4.814638039375562 2.5
      vertex 0.3513087807845456 -4.837259776003732 2.5
    endloop
  endfacet
  facet normal 0.14448904956922237 -0.989506399451051 0
    outer loop
      vertex 0.5846028992383153 -4.814638039375562 -2.5
      vertex 0.8165316505331358 -4.7807714925185065 2.5
      vertex 0.5846028992383153 -4.814638039375562 2.5
    endloop
  endfacet
  facet normal 0.19212671735370782 -0.9813701261394137 0
    outer loop
      vertex 0.8165316505331358 -4.7807714925185065 -2.5
      vertex 1.046553354323859 -4.735739232321969 2.5
      vertex 0.8165316505331358 -4.7807714925185065 2.5
    endloop
  endfacet
  facet normal 0.23931566428755613 -0.9709418174260526 0
    outer loop
      vertex 1.046553354323859 -4.735739232321969 -2.5
      vertex 1.2741307842631462 -4.679646433716225 2.5
      vertex 1.046553354323859 -4.735739232321969 2.5
    endloop
  endfacet
  facet normal 0.285945678398693 -0.9582458291091651 0
    outer loop
      vertex 1.2741307842631462 -4.679646433716225 -2.5
      vertex 1.4987324227184948 -4.612624104031494 2.5
      vertex 1.2741307842631462 -4.679646433716225 2.5
    endloop
  endfacet
  facet normal 0.33190785312852455 -0.9433118132577446 0
    outer loop
      vertex 1.4987324227184948 -4.612624104031494 -2.5
      vertex 1.719833702156298 -4.534828777024262 2.5
      vertex 1.4987324227184948 -4.612624104031494 2.5
    endloop
  endfacet
  facet normal 0.37709484168832175 -0.9261746489577759 0
    outer loop
      vertex 1.719833702156298 -4.534828777024262 -2.5
      vertex 1.936918230293624 -4.446442147285424 2.5
      vertex 1.719833702156298 -4.534828777024262 2.5
    endloop
  endfacet
  facet normal 0.421401107772531 -0.9068743608505446 0
    outer loop
      vertex 1.936918230293624 -4.446442147285424 -2.5
      vertex 2.149478996156321 -4.347670645884162 2.5
      vertex 1.936918230293624 -4.446442147285424 2.5
    endloop
  endfacet
  facet normal 0.46472317204376845 -0.88545602565321 0
    outer loop
      vertex 2.149478996156321 -4.347670645884162 -2.5
      vertex 2.357019554226641 -4.238744958238611 2.5
      vertex 2.149478996156321 -4.347670645884162 2.5
    endloop
  endfacet
  facet normal 0.5069598538135895 -0.8619696668800496 0
    outer loop
      vertex 2.357019554226641 -4.238744958238611 -2.5
      vertex 2.5590551839147446 -4.119919485339376 2.5
      vertex 2.357019554226641 -4.238744958238611 2.5
    endloop
  endfacet
  facet normal 0 0 1
    outer loop
      vertex 0.11719416439523937 -4.8485838682889355 2.5
      vertex 0.3513087807845456 -4.837259776003732 2.5
      vertex 0.09786316820633371 -4.048817457024781 2.5
    endloop
  endfacet
  facet normal 0 0 1
    outer loop
      vertex 0.11719416439523937 -4.8485838682889355 2.5
      vertex 0.09786316820633371 -4.048817457024781 2.5
      vertex -0.09786316820633391 -4.048817457024781 2.5
    endloop
  endfacet
  facet normal 0 0 1
    outer loop
      vertex 0.3513087807845456 -4.837259776003732 2.5
      vertex 0.293360940655136 -4.039361256250539 2.5
      vertex 0.09786316820633371 -4.048817457024781 2.5
    endloop
  endfacet
  facet normal 0 0 1
    outer loop
      vertex 0.3513087807845456 -4.837259776003732 2.5
      vertex 0.5846028992383153 -4.814638039375562 2.5
      vertex 0.293360940655136 -4.039361256250539 2.5
    endloop
  endfacet
  facet normal 0 0 1
    outer loop
      vertex 0.5846028992383153 -4.814638039375562 2.5
      vertex 0.4881735550340571 -4.020470940097119 2.5
      vertex 0.293360940655136 -4.039361256250539 2.5
    endloop
  endfacet
  facet normal 0 0 1
    outer loop
      vertex 0.5846028992383153 -4.814638039375562 2.5
      vertex 0.8165316505331358 -4.7807714925185065 2.5
      vertex 0.4881735550340571 -4.020470940097119 2.5
    endloop
  endfacet
  facet normal 0 0 1
    outer loop
      vertex 0.8165316505331358 -4.7807714925185065 2.5
      vertex 0.6818460174555052 -3.9921906277731862 2.5
      vertex 0.4881735550340571 -4.020470940097119 2.5
    endloop
  endfacet
  facet normal 0 0 1
    outer loop
      vertex 0.8165316505331358 -4.7807714925185065 2.5
      vertex 1.046553354323859 -4.735739232321969 2.5
      vertex 0.6818460174555052 -3.9921906277731862 2.5
    endloop
  endfacet
  facet normal 0 0 1
    outer loop
      vertex 1.046553354323859 -4.735739232321969 2.5
      vertex 1.2741307842631462 -4.679646433716225 2.5
      vertex 0.8739259969096143 -3.9545863692585517 2.5
    endloop
  endfacet
  facet normal 0 0 1
    outer loop
      vertex 1.046553354323859 -4.735739232321969 2.5
      vertex 0.8739259969096143 -3.9545863692585517 2.5
      vertex 0.6818460174555052 -3.9921906277731862 2.5
    endloop
  endfacet
  facet normal 0 0 1
    outer loop
      vertex 1.2741307842631462 -4.679646433716225 2.5
      vertex 1.0639648817042768 -3.9077459910413834 2.5
      vertex 0.8739259969096143 -3.9545863692585517 2.5
    endloop
  endfacet
  facet normal 0 0 1
    outer loop
      vertex 1.2741307842631462 -4.679646433716225 2.5
      vertex 1.251518827218537 -3.8517788909953716 2.5
      vertex 1.0639648817042768 -3.9077459910413834 2.5
    endloop
  endfacet
  facet normal 0 0 1
    outer loop
      vertex 1.2741307842631462 -4.679646433716225 2.5
      vertex 1.4987324227184948 -4.612624104031494 2.5
      vertex 1.251518827218537 -3.8517788909953716 2.5
    endloop
  endfacet
  facet normal 0 0 1
    outer loop
      vertex 1.4987324227184948 -4.612624104031494 2.5
      vertex 1.719833702156298 -4.534828777024262 2.5
      vertex 1.4361497925222695 -3.78681578287593 2.5
    endloop
  endfacet
  facet normal 0 0 1
    outer loop
      vertex 1.4987324227184948 -4.612624104031494 2.5
      vertex 1.4361497925222695 -3.78681578287593 2.5
      vertex 1.251518827218537 -3.8517788909953716 2.5
    endloop
  endfacet
  facet normal 0 0 1
    outer loop
      vertex 1.719833702156298 -4.534828777024262 2.5
      vertex 1.6174265634410676 -3.713008391032158 2.5
      vertex 1.4361497925222695 -3.78681578287593 2.5
    endloop
  endfacet
  facet normal 0 0 1
    outer loop
      vertex 1.719833702156298 -4.534828777024262 2.5
      vertex 1.936918230293624 -4.446442147285424 2.5
      vertex 1.6174265634410676 -3.713008391032158 2.5
    endloop
  endfacet
  facet normal 0 0 1
    outer loop
      vertex 1.936918230293624 -4.446442147285424 2.5
      vertex 1.7949257596769281 -3.6305290960475998 2.5
      vertex 1.6174265634410676 -3.713008391032158 2.5
    endloop
  endfacet
  facet normal 0 0 1
    outer loop
      vertex 1.936918230293624 -4.446442147285424 2.5
      vertex 2.149478996156321 -4.347670645884162 2.5
      vertex 1.7949257596769281 -3.6305290960475998 2.5
    endloop
  endfacet
  facet normal 0 0 1
    outer loop
      vertex 2.149478996156321 -4.347670645884162 2.5
      vertex 1.9682328236325557 -3.5395705321373967 2.5
      vertex 1.7949257596769281 -3.6305290960475998 2.5
    endloop
  endfacet
  facet normal 0 0 1
    outer loop
      vertex 2.149478996156321 -4.347670645884162 2.5
      vertex 2.1369429886298383 -3.440345137242159 2.5
      vertex 1.9682328236325557 -3.5395705321373967 2.5
    endloop
  endfacet
  facet normal 0 0 1
    outer loop
      vertex 2.149478996156321 -4.347670645884162 2.5
      vertex 2.357019554226641 -4.238744958238611 2.5
      vertex 2.1369429886298383 -3.440345137242159 2.5
    endloop
  endfacet
  facet normal 0 0 1
    outer loop
      vertex 2.357019554226641 -4.238744958238611 2.5
      vertex 2.3006622242611825 -3.3330846568693073 2.5
      vertex 2.1369429886298383 -3.440345137242159 2.5
    endloop
  endfacet
  facet normal 0 0 1
    outer loop
      vertex 2.357019554226641 -4.238744958238611 2.5
      vertex 2.5590551839147446 -4.119919485339376 2.5
      vertex 2.3006622242611825 -3.3330846568693073 2.5
    endloop
  endfacet
  facet normal 0.5480125073546716 -0.8364701380102255 0
    outer loop
      vertex 2.5590551839147446 -4.119919485339376 -2.5
      vertex 2.755114021646107 -3.991471749584232 2.5
      vertex 2.5590551839147446 -4.119919485339376 2.5
    endloop
  endfacet
  facet normal 0.587785252292472 -0.8090169943749482 0
    outer loop
      vertex 2.755114021646107 -3.991471749584232 -2.5
      vertex 2.944738162920747 -3.8537017466117094 2.5
      vertex 2.755114021646107 -3.991471749584232 2.5
    endloop
  endfacet
  facet normal 0.6261851975383124 -0.7796743540632233 0
    outer loop
      vertex 2.944738162920747 -3.8537017466117094 -2.5
      vertex 3.127484731770426 -3.7069312446473655 2.5
      vertex 2.944738162920747 -3.8537017466117094 2.5
    endloop
  endfacet
  facet normal 0.6631226582407941 -0.7485107481711021 0
    outer loop
      vertex 3.127484731770426 -3.7069312446473655 -2.5
      vertex 3.302926915115965 -3.551503032999203 2.5
      vertex 3.127484731770426 -3.7069312446473655 2.5
    endloop
  endfacet
  facet normal 0.6985113652489378 -0.7155989607441204 0
    outer loop
      vertex 3.302926915115965 -3.551503032999203 -2.5
      vertex 3.470654959608986 -3.3877801214573453 2.5
      vertex 3.302926915115965 -3.551503032999203 2.5
    endloop
  endfacet
  facet normal 0.7322686665977743 -0.6810158587867964 0
    outer loop
      vertex 3.6302771286298396 -3.216144892467857 -2.5
      vertex 3.6302771286298396 -3.216144892467857 2.5
      vertex 3.470654959608986 -3.3877801214573453 2.5
    endloop
  endfacet
  facet normal 0.7643157205458485 -0.6448422127361706 0
    outer loop
      vertex 3.781420617206628 -3.0369982080608215 -2.5
      vertex 3.781420617206628 -3.0369982080608215 2.5
      vertex 3.6302771286298396 -3.216144892467857 2.5
    endloop
  endfacet
  facet normal 0.7945776797137538 -0.6071625078187117 0
    outer loop
      vertex 3.9237324227184947 -2.8507584736184945 -2.5
      vertex 3.9237324227184947 -2.8507584736184945 2.5
      vertex 3.781420617206628 -3.0369982080608215 2.5
    endloop
  endfacet
  facet normal 0.8229838658936564 -0.5680647467311556 0
    outer loop
      vertex 4.0568801693496 -2.6578606606701487 -2.5
      vertex 4.0568801693496 -2.6578606606701487 2.5
      vertex 3.9237324227184947 -2.8507584736184945 2.5
    endloop
  endfacet
  facet normal 0.8494679351215217 -0.5276402441061315 0
    outer loop
      vertex 4.180552884368239 -2.4587552909959123 -2.5
      vertex 4.180552884368239 -2.4587552909959123 2.5
      vertex 4.0568801693496 -2.6578606606701487 2.5
    endloop
  endfacet
  facet normal 0 0 1
    outer loop
      vertex 2.5590551839147446 -4.119919485339376 2.5
      vertex 2.755114021646107 -3.991471749584232 2.5
      vertex 2.459008156665779 -3.218039602840706 2.5
    endloop
  endfacet
  facet normal 0 0 1
    outer loop
      vertex 2.755114021646107 -3.991471749584232 2.5
      vertex 2.944738162920747 -3.8537017466117094 2.5
      vertex 2.6116109615814898 -3.0954786682106867 2.5
    endloop
  endfacet
  facet normal 0 0 1
    outer loop
      vertex 2.5590551839147446 -4.119919485339376 2.5
      vertex 2.459008156665779 -3.218039602840706 2.5
      vertex 2.3006622242611825 -3.3330846568693073 2.5
    endloop
  endfacet
  facet normal 0 0 1
    outer loop
      vertex 2.755114021646107 -3.991471749584232 2.5
      vertex 2.6116109615814898 -3.0954786682106867 2.5
      vertex 2.459008156665779 -3.218039602840706 2.5
    endloop
  endfacet
  facet normal 0 0 1
    outer loop
      vertex 2.944738162920747 -3.8537017466117094 2.5
      vertex 3.127484731770426 -3.7069312446473655 2.5
      vertex 2.8981757910136894 -2.8289710292581955 2.5
    endloop
  endfacet
  facet normal 0 0 1
    outer loop
      vertex 2.944738162920747 -3.8537017466117094 2.5
      vertex 2.7581142280865274 -2.9656880997209836 2.5
      vertex 2.6116109615814898 -3.0954786682106867 2.5
    endloop
  endfacet
  facet normal 0 0 1
    outer loop
      vertex 2.944738162920747 -3.8537017466117094 2.5
      vertex 2.8981757910136894 -2.8289710292581955 2.5
      vertex 2.7581142280865274 -2.9656880997209836 2.5
    endloop
  endfacet
  facet normal 0 0 1
    outer loop
      vertex 3.127484731770426 -3.7069312446473655 2.5
      vertex 3.0314685300929587 -2.6856467658752208 2.5
      vertex 2.8981757910136894 -2.8289710292581955 2.5
    endloop
  endfacet
  facet normal 0 0 1
    outer loop
      vertex 3.127484731770426 -3.7069312446473655 2.5
      vertex 3.302926915115965 -3.551503032999203 2.5
      vertex 3.0314685300929587 -2.6856467658752208 2.5
    endloop
  endfacet
  facet normal 0 0 1
    outer loop
      vertex 3.302926915115965 -3.551503032999203 2.5
      vertex 3.470654959608986 -3.3877801214573453 2.5
      vertex 3.276518827218537 -2.380530271784516 2.5
    endloop
  endfacet
  facet normal 0 0 1
    outer loop
      vertex 3.302926915115965 -3.551503032999203 2.5
      vertex 3.15768113395605 -2.536050050030171 2.5
      vertex 3.0314685300929587 -2.6856467658752208 2.5
    endloop
  endfacet
  facet normal 0 0 1
    outer loop
      vertex 3.302926915115965 -3.551503032999203 2.5
      vertex 3.276518827218537 -2.380530271784516 2.5
      vertex 3.15768113395605 -2.536050050030171 2.5
    endloop
  endfacet
  facet normal 0 0 1
    outer loop
      vertex 3.470654959608986 -3.3877801214573453 2.5
      vertex 3.6302771286298396 -3.216144892467857 2.5
      vertex 3.3877040589414182 -2.219450654786413 2.5
    endloop
  endfacet
  facet normal 0 0 1
    outer loop
      vertex 3.470654959608986 -3.3877801214573453 2.5
      vertex 3.3877040589414182 -2.219450654786413 2.5
      vertex 3.276518827218537 -2.380530271784516 2.5
    endloop
  endfacet
  facet normal 0 0 1
    outer loop
      vertex 3.6302771286298396 -3.216144892467857 2.5
      vertex 3.4909771508641994 -2.0531874079450403 2.5
      vertex 3.3877040589414182 -2.219450654786413 2.5
    endloop
  endfacet
  facet normal 0 0 1
    outer loop
      vertex 3.6302771286298396 -3.216144892467857 2.5
      vertex 3.781420617206628 -3.0369982080608215 2.5
      vertex 3.5860969038955006 -1.8821288467772617 2.5
    endloop
  endfacet
  facet normal 0 0 1
    outer loop
      vertex 3.781420617206628 -3.0369982080608215 2.5
      vertex 3.9237324227184947 -2.8507584736184945 2.5
      vertex 3.7510073282789955 -1.5272341088376962 2.5
    endloop
  endfacet
  facet normal 0.8739680326265166 -0.48598341324260846 0
    outer loop
      vertex 4.294461724418069 -2.253907384412276 -2.5
      vertex 4.294461724418069 -2.253907384412276 2.5
      vertex 4.180552884368239 -2.4587552909959123 2.5
    endloop
  endfacet
  facet normal 0.8964269372957042 -0.44319154559924034 0
    outer loop
      vertex 4.398340650125146 -2.043795372696765 -2.5
      vertex 4.398340650125146 -2.043795372696765 2.5
      vertex 4.294461724418069 -2.253907384412276 2.5
    endloop
  endfacet
  facet normal 0.916792195316583 -0.39936458356569415 0
    outer loop
      vertex 4.491947047445216 -1.8289099821883523 -2.5
      vertex 4.491947047445216 -1.8289099821883523 2.5
      vertex 4.398340650125146 -2.043795372696765 2.5
    endloop
  endfacet
  facet normal 0.9350162426854147 -0.3546048870425355 0
    outer loop
      vertex 4.5750622943000545 -1.6097530876733606 -2.5
      vertex 4.5750622943000545 -1.6097530876733606 2.5
      vertex 4.491947047445216 -1.8289099821883523 2.5
    endloop
  endfacet
  facet normal 0.9510565162951531 -0.309016994374949 0
    outer loop
      vertex 4.6474922711794555 -1.386836540233645 -2.5
      vertex 4.6474922711794555 -1.386836540233645 2.5
      vertex 4.5750622943000545 -1.6097530876733606 2.5
    endloop
  endfacet
  facet normal 0.964875553343552 -0.26270737819858503 0
    outer loop
      vertex 4.709067814516351 -1.160680971794657 -2.5
      vertex 4.709067814516351 -1.160680971794657 2.5
      vertex 4.6474922711794555 -1.386836540233645 2.5
    endloop
  endfacet
  facet normal 0.976441078829272 -0.21578419676780655 0
    outer loop
      vertex 4.7596451117761545 -0.9318145791654868 -2.5
      vertex 4.7596451117761545 -0.9318145791654868 2.5
      vertex 4.709067814516351 -1.160680971794657 2.5
    endloop
  endfacet
  facet normal 0.9857260809316503 -0.1683570413470421 0
    outer loop
      vertex 4.799106037337598 -0.7007718904107244 -2.5
      vertex 4.799106037337598 -0.7007718904107244 2.5
      vertex 4.7596451117761545 -0.9318145791654868 2.5
    endloop
  endfacet
  facet normal 0.9927088740980543 -0.12053668025531972 0
    outer loop
      vertex 4.827358428380595 -0.46809251643539895 -2.5
      vertex 4.827358428380595 -0.46809251643539895 2.5
      vertex 4.799106037337598 -0.7007718904107244 2.5
    endloop
  endfacet
  facet normal 0.9973731496914912 -0.07243480016176151 0
    outer loop
      vertex 4.844336300136783 -0.23431989069870962 -2.5
      vertex 4.844336300136783 -0.23431989069870962 2.5
      vertex 4.827358428380595 -0.46809251643539895 2.5
    endloop
  endfacet
  facet normal 0.9997080140801929 -0.024163745236134036 3.907875355558964e-20
    outer loop
      vertex 4.844336300136783 -0.23431989069870962 2.5
      vertex 4.85 0 -2.5
      vertex 4.85 0 2.5
    endloop
  endfacet
  facet normal 0 0 1
    outer loop
      vertex 3.6302771286298396 -3.216144892467857 2.5
      vertex 3.5860969038955006 -1.8821288467772617 2.5
      vertex 3.4909771508641994 -2.0531874079450403 2.5
    endloop
  endfacet
  facet normal 0 0 1
    outer loop
      vertex 3.781420617206628 -3.0369982080608215 2.5
      vertex 3.672841161444709 -1.7066744864787418 2.5
      vertex 3.5860969038955006 -1.8821288467772617 2.5
    endloop
  endfacet
  facet normal 0 0 1
    outer loop
      vertex 3.781420617206628 -3.0369982080608215 2.5
      vertex 3.7510073282789955 -1.5272341088376962 2.5
      vertex 3.672841161444709 -1.7066744864787418 2.5
    endloop
  endfacet
  facet normal 0 0 1
    outer loop
      vertex 3.9237324227184947 -2.8507584736184945 2.5
      vertex 3.8204128436938602 -1.3442268051705384 2.5
      vertex 3.7510073282789955 -1.5272341088376962 2.5
    endloop
  endfacet
  facet normal 0 0 1
    outer loop
      vertex 3.9237324227184947 -2.8507584736184945 2.5
      vertex 4.0568801693496 -2.6578606606701487 2.5
      vertex 3.8808956078921226 -1.1580799975146934 2.5
    endloop
  endfacet
  facet normal 0 0 1
    outer loop
      vertex 3.9237324227184947 -2.8507584736184945 2.5
      vertex 3.8808956078921226 -1.1580799975146934 2.5
      vertex 3.8204128436938602 -1.3442268051705384 2.5
    endloop
  endfacet
  facet normal 0 0 1
    outer loop
      vertex 4.0568801693496 -2.6578606606701487 2.5
      vertex 3.93231436057551 -0.9692284403646104 2.5
      vertex 3.8808956078921226 -1.1580799975146934 2.5
    endloop
  endfacet
  facet normal 0 0 1
    outer loop
      vertex 4.0568801693496 -2.6578606606701487 2.5
      vertex 3.9745490108646244 -0.77811320528252 2.5
      vertex 3.93231436057551 -0.9692284403646104 2.5
    endloop
  endfacet
  facet normal 0 0 1
    outer loop
      vertex 4.0568801693496 -2.6578606606701487 2.5
      vertex 4.007500917776757 -0.5851806507553472 2.5
      vertex 3.9745490108646244 -0.77811320528252 2.5
    endloop
  endfacet
  facet normal 0 0 1
    outer loop
      vertex 4.0568801693496 -2.6578606606701487 2.5
      vertex 4.031093120606477 -0.3908813797037868 2.5
      vertex 4.007500917776757 -0.5851806507553472 2.5
    endloop
  endfacet
  facet normal 0 0 1
    outer loop
      vertex 4.0568801693496 -2.6578606606701487 2.5
      vertex 4.045270518670923 -0.1956691870783039 2.5
      vertex 4.031093120606477 -0.3908813797037868 2.5
    endloop
  endfacet
  facet normal 0 0 1
    outer loop
      vertex 4.0568801693496 -2.6578606606701487 2.5
      vertex 4.05 0 2.5
      vertex 4.045270518670923 -0.1956691870783039 2.5
    endloop
  endfacet
  facet normal 0 0 1
    outer loop
      vertex 4.0568801693496 -2.6578606606701487 2.5
      vertex 4.180552884368239 -2.4587552909959123 2.5
      vertex 4.0568801693496 2.657860660670149 2.5
    endloop
  endfacet
  facet normal 0 0 1
    outer loop
      vertex 4.180552884368239 -2.4587552909959123 2.5
      vertex 4.294461724418069 -2.253907384412276 2.5
      vertex 4.180552884368239 2.4587552909959127 2.5
    endloop
  endfacet
  facet normal 0 0 1
    outer loop
      vertex 4.294461724418069 -2.253907384412276 2.5
      vertex 4.398340650125146 -2.043795372696765 2.5
      vertex 4.294461724418068 2.2539073844122774 2.5
    endloop
  endfacet
  facet normal 0 0 1
    outer loop
      vertex 4.398340650125146 -2.043795372696765 2.5
      vertex 4.491947047445216 -1.8289099821883523 2.5
      vertex 4.398340650125145 2.043795372696766 2.5
    endloop
  endfacet
  facet normal 0 0 1
    outer loop
      vertex 4.491947047445216 -1.8289099821883523 2.5
      vertex 4.5750622943000545 -1.6097530876733606 2.5
      vertex 4.4919470474452154 1.8289099821883539 2.5
    endloop
  endfacet
  facet normal 0 0 1
    outer loop
      vertex 4.5750622943000545 -1.6097530876733606 2.5
      vertex 4.6474922711794555 -1.386836540233645 2.5
      vertex 4.575062294300054 1.6097530876733626 2.5
    endloop
  endfacet
  facet normal 0 0 1
    outer loop
      vertex 4.6474922711794555 -1.386836540233645 2.5
      vertex 4.709067814516351 -1.160680971794657 2.5
      vertex 4.6474922711794555 1.386836540233643 2.5
    endloop
  endfacet
  facet normal 0 0 1
    outer loop
      vertex 4.709067814516351 -1.160680971794657 2.5
      vertex 4.7596451117761545 -0.9318145791654868 2.5
      vertex 4.709067814516352 1.1606809717946551 2.5
    endloop
  endfacet
  facet normal 0 0 1
    outer loop
      vertex 4.7596451117761545 -0.9318145791654868 2.5
      vertex 4.799106037337598 -0.7007718904107244 2.5
      vertex 4.7596451117761545 0.9318145791654855 2.5
    endloop
  endfacet
  facet normal 0 0 1
    outer loop
      vertex 4.799106037337598 -0.7007718904107244 2.5
      vertex 4.827358428380595 -0.46809251643539895 2.5
      vertex 4.799106037337598 0.7007718904107235 2.5
    endloop
  endfacet
  facet normal 0 0 1
    outer loop
      vertex 4.827358428380595 -0.46809251643539895 2.5
      vertex 4.844336300136783 -0.23431989069870962 2.5
      vertex 4.827358428380595 0.46809251643539823 2.5
    endloop
  endfacet
  facet normal 0 0 -1
    outer loop
      vertex 2.149478996156321 -4.347670645884162 -2.5
      vertex 2.05 0 -2.5
      vertex 2.14947899615632 4.347670645884163 -2.5
    endloop
  endfacet
  facet normal 0 0 -1
    outer loop
      vertex 1.719833702156298 4.534828777024262 -2.5
      vertex 1.6584848384686421 1.2049597671995698 -2.5
      vertex 1.5983324258296059 1.2836796549535427 -2.5
    endloop
  endfacet
  facet normal 0 0 -1
    outer loop
      vertex 1.719833702156298 4.534828777024262 -2.5
      vertex 1.5983324258296059 1.2836796549535427 -2.5
      vertex 1.5344470337507572 1.35940144939363 -2.5
    endloop
  endfacet
  facet normal 0 0 -1
    outer loop
      vertex 1.936918230293623 4.446442147285424 -2.5
      vertex 1.7670378171041008 1.03926770031786 -2.5
      vertex 1.7147637829209648 1.1234256400770735 -2.5
    endloop
  endfacet
  facet normal 0 0 -1
    outer loop
      vertex 1.719833702156298 4.534828777024262 -2.5
      vertex 1.7147637829209648 1.1234256400770735 -2.5
      vertex 1.6584848384686421 1.2049597671995698 -2.5
    endloop
  endfacet
  facet normal 0 0 -1
    outer loop
      vertex 2.14947899615632 4.347670645884163 -2.5
      vertex 2.05 0 -2.5
      vertex 2.0476060650062693 0.09904242802728948 -2.5
    endloop
  endfacet
  facet normal 0 0 -1
    outer loop
      vertex 2.14947899615632 4.347670645884163 -2.5
      vertex 2.0476060650062693 0.09904242802728948 -2.5
      vertex 2.0404298511711794 0.19785353787475596 -2.5
    endloop
  endfacet
  facet normal 0 0 -1
    outer loop
      vertex 2.14947899615632 4.347670645884163 -2.5
      vertex 2.0404298511711794 0.19785353787475596 -2.5
      vertex 2.0284881188746544 0.29620255161690373 -2.5
    endloop
  endfacet
  facet normal 0 0 -1
    outer loop
      vertex 2.14947899615632 4.347670645884163 -2.5
      vertex 1.9904307257234064 0.4905971117894934 -2.5
      vertex 1.9644039496737906 0.586188640717313 -2.5
    endloop
  endfacet
  facet normal 0 0 -1
    outer loop
      vertex 2.14947899615632 4.347670645884163 -2.5
      vertex 2.0284881188746544 0.29620255161690373 -2.5
      vertex 2.0118087585857976 0.39385977057510213 -2.5
    endloop
  endfacet
  facet normal 0 0 -1
    outer loop
      vertex 2.14947899615632 4.347670645884163 -2.5
      vertex 2.0118087585857976 0.39385977057510213 -2.5
      vertex 1.9904307257234064 0.4905971117894934 -2.5
    endloop
  endfacet
  facet normal 0 0 -1
    outer loop
      vertex 2.149478996156321 -4.347670645884162 -2.5
      vertex 2.14947899615632 4.347670645884163 -2.5
      vertex 2.35701955422664 4.238744958238612 -2.5
    endloop
  endfacet
  facet normal 0 0 -1
    outer loop
      vertex 2.357019554226641 -4.238744958238611 -2.5
      vertex 2.35701955422664 4.238744958238612 -2.5
      vertex 2.5590551839147437 4.119919485339377 -2.5
    endloop
  endfacet
  facet normal 0 0 -1
    outer loop
      vertex 1.936918230293623 4.446442147285424 -2.5
      vertex 1.9337892171783733 0.6804110989134832 -2.5
      vertex 1.8986580303634415 0.7730444254610568 -2.5
    endloop
  endfacet
  facet normal 0 0 -1
    outer loop
      vertex 1.936918230293623 4.446442147285424 -2.5
      vertex 1.859092439743618 0.8638722709336846 -2.5
      vertex 1.8151848525890801 0.9526825026897254 -2.5
    endloop
  endfacet
  facet normal 0 0 -1
    outer loop
      vertex 1.936918230293623 4.446442147285424 -2.5
      vertex 1.8986580303634415 0.7730444254610568 -2.5
      vertex 1.859092439743618 0.8638722709336846 -2.5
    endloop
  endfacet
  facet normal 0 0 -1
    outer loop
      vertex 2.14947899615632 4.347670645884163 -2.5
      vertex 1.9644039496737906 0.586188640717313 -2.5
      vertex 1.9337892171783733 0.6804110989134832 -2.5
    endloop
  endfacet
  facet normal 0 0 -1
    outer loop
      vertex 1.936918230293623 4.446442147285424 -2.5
      vertex 1.8151848525890801 0.9526825026897254 -2.5
      vertex 1.7670378171041008 1.03926770031786 -2.5
    endloop
  endfacet
  facet normal 0 0 -1
    outer loop
      vertex 0.351308780784548 4.837259776003732 -2.5
      vertex 0.14849134033161307 2.044614956867557 -2.5
      vertex 0.04953567773407126 2.049401428864395 -2.5
    endloop
  endfacet
  facet normal 0 0 -1
    outer loop
      vertex 0.351308780784548 4.837259776003732 -2.5
      vertex 0.24710019452341211 2.0350531919010106 -2.5
      vertex 0.14849134033161307 2.044614956867557 -2.5
    endloop
  endfacet
  facet normal 0 0 -1
    outer loop
      vertex 0.351308780784548 4.837259776003732 -2.5
      vertex 0.34513193476142906 2.020738465909884 -2.5
      vertex 0.24710019452341211 2.0350531919010106 -2.5
    endloop
  endfacet
  facet normal 0 0 -1
    outer loop
      vertex 0.5846028992383164 4.814638039375561 -2.5
      vertex 0.4423576033740027 2.0017042116000074 -2.5
      vertex 0.34513193476142906 2.020738465909884 -2.5
    endloop
  endfacet
  facet normal 0 0 -1
    outer loop
      vertex 0.5846028992383164 4.814638039375561 -2.5
      vertex 0.538550125307103 1.9779948843542803 -2.5
      vertex 0.4423576033740027 2.0017042116000074 -2.5
    endloop
  endfacet
  facet normal 0 0 -1
    outer loop
      vertex 0.816531650533137 4.7807714925185065 -2.5
      vertex 0.6334848384686421 1.9496658584050646 -2.5
      vertex 0.538550125307103 1.9779948843542803 -2.5
    endloop
  endfacet
  facet normal 0 0 -1
    outer loop
      vertex 0.816531650533137 4.7807714925185065 -2.5
      vertex 0.726940018437198 1.9167832975051002 -2.5
      vertex 0.6334848384686421 1.9496658584050646 -2.5
    endloop
  endfacet
  facet normal 0 0 -1
    outer loop
      vertex 1.04655335432386 4.735739232321969 -2.5
      vertex 0.8186973963096756 1.8794240003989937 -2.5
      vertex 0.726940018437198 1.9167832975051002 -2.5
    endloop
  endfacet
  facet normal 0 0 -1
    outer loop
      vertex 1.2741307842631462 4.679646433716225 -2.5
      vertex 1.164532730798869 1.6871169250819955 -2.5
      vertex 1.081662500417572 1.7414092669991181 -2.5
    endloop
  endfacet
  facet normal 0 0 -1
    outer loop
      vertex 1.04655335432386 4.735739232321969 -2.5
      vertex 0.9962659971473427 1.7916344668843616 -2.5
      vertex 0.9085426684784446 1.8376752214561927 -2.5
    endloop
  endfacet
  facet normal 0 0 -1
    outer loop
      vertex 1.04655335432386 4.735739232321969 -2.5
      vertex 0.9085426684784446 1.8376752214561927 -2.5
      vertex 0.8186973963096756 1.8794240003989937 -2.5
    endloop
  endfacet
  facet normal 0 0 -1
    outer loop
      vertex 1.2741307842631462 4.679646433716225 -2.5
      vertex 1.081662500417572 1.7414092669991181 -2.5
      vertex 0.9962659971473427 1.7916344668843616 -2.5
    endloop
  endfacet
  facet normal 0 0 -1
    outer loop
      vertex -0.11719416439524177 4.8485838682889355 -2.5
      vertex 0.11719416439524177 4.8485838682889355 -2.5
      vertex 0.04953567773407126 2.049401428864395 -2.5
    endloop
  endfacet
  facet normal 0 0 -1
    outer loop
      vertex 0.11719416439524177 4.8485838682889355 -2.5
      vertex 0.351308780784548 4.837259776003732 -2.5
      vertex 0.04953567773407126 2.049401428864395 -2.5
    endloop
  endfacet
  facet normal 0 0 -1
    outer loop
      vertex 0.351308780784548 4.837259776003732 -2.5
      vertex 0.5846028992383164 4.814638039375561 -2.5
      vertex 0.34513193476142906 2.020738465909884 -2.5
    endloop
  endfacet
  facet normal 0 0 -1
    outer loop
      vertex 0.5846028992383164 4.814638039375561 -2.5
      vertex 0.816531650533137 4.7807714925185065 -2.5
      vertex 0.538550125307103 1.9779948843542803 -2.5
    endloop
  endfacet
  facet normal 0 0 -1
    outer loop
      vertex 0.816531650533137 4.7807714925185065 -2.5
      vertex 1.04655335432386 4.735739232321969 -2.5
      vertex 0.726940018437198 1.9167832975051002 -2.5
    endloop
  endfacet
  facet normal 0 0 -1
    outer loop
      vertex 1.04655335432386 4.735739232321969 -2.5
      vertex 1.2741307842631462 4.679646433716225 -2.5
      vertex 0.9962659971473427 1.7916344668843616 -2.5
    endloop
  endfacet
  facet normal 0 0 -1
    outer loop
      vertex 1.2741307842631462 4.679646433716225 -2.5
      vertex 1.244683141028358 1.628884243413196 -2.5
      vertex 1.164532730798869 1.6871169250819955 -2.5
    endloop
  endfacet
  facet normal 0 0 -1
    outer loop
      vertex 1.4987324227184948 4.612624104031494 -2.5
      vertex 1.3219265361091497 1.5668472271189888 -2.5
      vertex 1.244683141028358 1.628884243413196 -2.5
    endloop
  endfacet
  facet normal 0 0 -1
    outer loop
      vertex 1.4987324227184948 4.612624104031494 -2.5
      vertex 1.396082510512934 1.5011507665254358 -2.5
      vertex 1.3219265361091497 1.5668472271189888 -2.5
    endloop
  endfacet
  facet normal 0 0 -1
    outer loop
      vertex 1.4987324227184948 4.612624104031494 -2.5
      vertex 1.466977869525448 1.4319482987603207 -2.5
      vertex 1.396082510512934 1.5011507665254358 -2.5
    endloop
  endfacet
  facet normal 0 0 -1
    outer loop
      vertex 1.719833702156298 4.534828777024262 -2.5
      vertex 1.5344470337507572 1.35940144939363 -2.5
      vertex 1.466977869525448 1.4319482987603207 -2.5
    endloop
  endfacet
  facet normal 0 0 -1
    outer loop
      vertex 1.4987324227184948 4.612624104031494 -2.5
      vertex 1.719833702156298 4.534828777024262 -2.5
      vertex 1.466977869525448 1.4319482987603207 -2.5
    endloop
  endfacet
  facet normal 0 0 -1
    outer loop
      vertex 1.719833702156298 4.534828777024262 -2.5
      vertex 1.936918230293623 4.446442147285424 -2.5
      vertex 1.7147637829209648 1.1234256400770735 -2.5
    endloop
  endfacet
  facet normal 0 0 -1
    outer loop
      vertex 1.936918230293623 4.446442147285424 -2.5
      vertex 2.14947899615632 4.347670645884163 -2.5
      vertex 1.9337892171783733 0.6804110989134832 -2.5
    endloop
  endfacet
  facet normal 0 0 -1
    outer loop
      vertex 1.2741307842631462 4.679646433716225 -2.5
      vertex 1.4987324227184948 4.612624104031494 -2.5
      vertex 1.244683141028358 1.628884243413196 -2.5
    endloop
  endfacet
  facet normal 0.04831337952550546 0.9988322268323268 0
    outer loop
      vertex 0.11719416439524177 4.8485838682889355 -2.5
      vertex 0.11719416439524177 4.8485838682889355 2.5
      vertex 0.351308780784548 4.837259776003732 -2.5
    endloop
  endfacet
  facet normal 0.09651392091451906 0.9953316347176481 0
    outer loop
      vertex 0.351308780784548 4.837259776003732 -2.5
      vertex 0.351308780784548 4.837259776003732 2.5
      vertex 0.5846028992383164 4.814638039375561 -2.5
    endloop
  endfacet
  facet normal 0.14448904956921857 0.9895063994510513 0
    outer loop
      vertex 0.5846028992383164 4.814638039375561 -2.5
      vertex 0.5846028992383164 4.814638039375561 2.5
      vertex 0.816531650533137 4.7807714925185065 -2.5
    endloop
  endfacet
  facet normal 0.19212671735370793 0.9813701261394137 0
    outer loop
      vertex 0.816531650533137 4.7807714925185065 -2.5
      vertex 0.816531650533137 4.7807714925185065 2.5
      vertex 1.04655335432386 4.735739232321969 -2.5
    endloop
  endfacet
  facet normal 0.2393156642875572 0.9709418174260522 0
    outer loop
      vertex 1.04655335432386 4.735739232321969 -2.5
      vertex 1.04655335432386 4.735739232321969 2.5
      vertex 1.2741307842631462 4.679646433716225 -2.5
    endloop
  endfacet
  facet normal 0.285945678398693 0.9582458291091651 0
    outer loop
      vertex 1.2741307842631462 4.679646433716225 -2.5
      vertex 1.2741307842631462 4.679646433716225 2.5
      vertex 1.4987324227184948 4.612624104031494 -2.5
    endloop
  endfacet
  facet normal 0.37709484168832347 0.9261746489577753 0
    outer loop
      vertex 1.719833702156298 4.534828777024262 -2.5
      vertex 1.719833702156298 4.534828777024262 2.5
      vertex 1.936918230293623 4.446442147285424 -2.5
    endloop
  endfacet
  facet normal 0.33190785312852455 0.9433118132577446 0
    outer loop
      vertex 1.4987324227184948 4.612624104031494 -2.5
      vertex 1.4987324227184948 4.612624104031494 2.5
      vertex 1.719833702156298 4.534828777024262 -2.5
    endloop
  endfacet
  facet normal 0.5069598538135895 0.8619696668800496 0
    outer loop
      vertex 2.35701955422664 4.238744958238612 -2.5
      vertex 2.35701955422664 4.238744958238612 2.5
      vertex 2.5590551839147437 4.119919485339377 -2.5
    endloop
  endfacet
  facet normal 0.42140110777252826 0.906874360850546 0
    outer loop
      vertex 1.936918230293623 4.446442147285424 -2.5
      vertex 1.936918230293623 4.446442147285424 2.5
      vertex 2.14947899615632 4.347670645884163 -2.5
    endloop
  endfacet
  facet normal 0.4647231720437676 0.8854560256532104 -5.190223333541606e-19
    outer loop
      vertex 2.35701955422664 4.238744958238612 -2.5
      vertex 2.14947899615632 4.347670645884163 -2.5
      vertex 2.14947899615632 4.347670645884163 2.5
    endloop
  endfacet
  facet normal 0 0 -1
    outer loop
      vertex 3.127484731770426 -3.7069312446473655 -2.5
      vertex 3.1274847317704273 3.706931244647364 -2.5
      vertex 3.302926915115966 3.5515030329992014 -2.5
    endloop
  endfacet
  facet normal 0 0 -1
    outer loop
      vertex 3.302926915115965 -3.551503032999203 -2.5
      vertex 3.302926915115966 3.5515030329992014 -2.5
      vertex 3.470654959608987 3.387780121457344 -2.5
    endloop
  endfacet
  facet normal 0 0 -1
    outer loop
      vertex 3.470654959608986 -3.3877801214573453 -2.5
      vertex 3.470654959608987 3.387780121457344 -2.5
      vertex 3.63027712862984 3.2161448924678564 -2.5
    endloop
  endfacet
  facet normal 0 0 -1
    outer loop
      vertex 2.5590551839147446 -4.119919485339376 -2.5
      vertex 2.5590551839147437 4.119919485339377 -2.5
      vertex 2.7551140216461047 3.9914717495842336 -2.5
    endloop
  endfacet
  facet normal 0 0 -1
    outer loop
      vertex 2.755114021646107 -3.991471749584232 -2.5
      vertex 2.7551140216461047 3.9914717495842336 -2.5
      vertex 2.9447381629207494 3.853701746611708 -2.5
    endloop
  endfacet
  facet normal 0 0 -1
    outer loop
      vertex 2.944738162920747 -3.8537017466117094 -2.5
      vertex 2.9447381629207494 3.853701746611708 -2.5
      vertex 3.1274847317704273 3.706931244647364 -2.5
    endloop
  endfacet
  facet normal 0 0 -1
    outer loop
      vertex 3.6302771286298396 -3.216144892467857 -2.5
      vertex 3.63027712862984 3.2161448924678564 -2.5
      vertex 3.7814206172066287 3.0369982080608207 -2.5
    endloop
  endfacet
  facet normal 0 0 -1
    outer loop
      vertex 3.781420617206628 -3.0369982080608215 -2.5
      vertex 3.7814206172066287 3.0369982080608207 -2.5
      vertex 3.9237324227184947 2.8507584736184945 -2.5
    endloop
  endfacet
  facet normal 0 0 -1
    outer loop
      vertex 3.9237324227184947 -2.8507584736184945 -2.5
      vertex 3.9237324227184947 2.8507584736184945 -2.5
      vertex 4.0568801693496 2.657860660670149 -2.5
    endloop
  endfacet
  facet normal 0 0 -1
    outer loop
      vertex 4.180552884368239 -2.4587552909959123 -2.5
      vertex 4.180552884368239 2.4587552909959127 -2.5
      vertex 4.294461724418068 2.2539073844122774 -2.5
    endloop
  endfacet
  facet normal 0 0 -1
    outer loop
      vertex 4.0568801693496 -2.6578606606701487 -2.5
      vertex 4.0568801693496 2.657860660670149 -2.5
      vertex 4.180552884368239 2.4587552909959127 -2.5
    endloop
  endfacet
  facet normal 0 0 -1
    outer loop
      vertex 4.491947047445216 -1.8289099821883523 -2.5
      vertex 4.4919470474452154 1.8289099821883539 -2.5
      vertex 4.575062294300054 1.6097530876733626 -2.5
    endloop
  endfacet
  facet normal 0 0 -1
    outer loop
      vertex 4.844336300136783 -0.23431989069870962 -2.5
      vertex 4.844336300136784 0.23431989069870926 -2.5
      vertex 4.85 0 -2.5
    endloop
  endfacet
  facet normal 0 0 -1
    outer loop
      vertex 4.827358428380595 -0.46809251643539895 -2.5
      vertex 4.827358428380595 0.46809251643539823 -2.5
      vertex 4.844336300136784 0.23431989069870926 -2.5
    endloop
  endfacet
  facet normal 0 0 -1
    outer loop
      vertex 4.7596451117761545 -0.9318145791654868 -2.5
      vertex 4.7596451117761545 0.9318145791654855 -2.5
      vertex 4.799106037337598 0.7007718904107235 -2.5
    endloop
  endfacet
  facet normal 0 0 -1
    outer loop
      vertex 4.799106037337598 -0.7007718904107244 -2.5
      vertex 4.799106037337598 0.7007718904107235 -2.5
      vertex 4.827358428380595 0.46809251643539823 -2.5
    endloop
  endfacet
  facet normal 0 0 -1
    outer loop
      vertex 4.6474922711794555 -1.386836540233645 -2.5
      vertex 4.6474922711794555 1.386836540233643 -2.5
      vertex 4.709067814516352 1.1606809717946551 -2.5
    endloop
  endfacet
  facet normal 0 0 -1
    outer loop
      vertex 4.5750622943000545 -1.6097530876733606 -2.5
      vertex 4.575062294300054 1.6097530876733626 -2.5
      vertex 4.6474922711794555 1.386836540233643 -2.5
    endloop
  endfacet
  facet normal 0 0 -1
    outer loop
      vertex 4.709067814516351 -1.160680971794657 -2.5
      vertex 4.709067814516352 1.1606809717946551 -2.5
      vertex 4.7596451117761545 0.9318145791654855 -2.5
    endloop
  endfacet
  facet normal 0 0 -1
    outer loop
      vertex 4.294461724418069 -2.253907384412276 -2.5
      vertex 4.294461724418068 2.2539073844122774 -2.5
      vertex 4.398340650125145 2.043795372696766 -2.5
    endloop
  endfacet
  facet normal 0 0 -1
    outer loop
      vertex 4.398340650125146 -2.043795372696765 -2.5
      vertex 4.398340650125145 2.043795372696766 -2.5
      vertex 4.4919470474452154 1.8289099821883539 -2.5
    endloop
  endfacet
  facet normal 0.9997080140801932 0.024163745236130286 0
    outer loop
      vertex 4.85 0 -2.5
      vertex 4.844336300136784 0.23431989069870926 -2.5
      vertex 4.85 0 2.5
    endloop
  endfacet
  facet normal 0.9973731496914909 0.0724348001617654 0
    outer loop
      vertex 4.844336300136784 0.23431989069870926 -2.5
      vertex 4.827358428380595 0.46809251643539823 -2.5
      vertex 4.844336300136784 0.23431989069870926 2.5
    endloop
  endfacet
  facet normal 0.9927088740980545 0.12053668025531984 0
    outer loop
      vertex 4.827358428380595 0.46809251643539823 -2.5
      vertex 4.799106037337598 0.7007718904107235 -2.5
      vertex 4.827358428380595 0.46809251643539823 2.5
    endloop
  endfacet
  facet normal 0.9857260809316503 0.16835704134704244 0
    outer loop
      vertex 4.799106037337598 0.7007718904107235 -2.5
      vertex 4.7596451117761545 0.9318145791654855 -2.5
      vertex 4.799106037337598 0.7007718904107235 2.5
    endloop
  endfacet
  facet normal 0.9764410788292727 0.21578419676780333 0
    outer loop
      vertex 4.7596451117761545 0.9318145791654855 -2.5
      vertex 4.709067814516352 1.1606809717946551 -2.5
      vertex 4.7596451117761545 0.9318145791654855 2.5
    endloop
  endfacet
  facet normal 0.9648755533435508 0.262707378198589 0
    outer loop
      vertex 4.709067814516352 1.1606809717946551 -2.5
      vertex 4.6474922711794555 1.386836540233643 -2.5
      vertex 4.709067814516352 1.1606809717946551 2.5
    endloop
  endfacet
  facet normal 0.9510565162951536 0.3090169943749471 0
    outer loop
      vertex 4.6474922711794555 1.386836540233643 -2.5
      vertex 4.575062294300054 1.6097530876733626 -2.5
      vertex 4.6474922711794555 1.386836540233643 2.5
    endloop
  endfacet
  facet normal 0.9350162426854146 0.35460488704253623 0
    outer loop
      vertex 4.575062294300054 1.6097530876733626 -2.5
      vertex 4.4919470474452154 1.8289099821883539 -2.5
      vertex 4.575062294300054 1.6097530876733626 2.5
    endloop
  endfacet
  facet normal 0.8964269372957042 0.44319154559924034 0
    outer loop
      vertex 4.398340650125145 2.043795372696766 -2.5
      vertex 4.294461724418068 2.2539073844122774 -2.5
      vertex 4.398340650125145 2.043795372696766 2.5
    endloop
  endfacet
  facet normal 0.9167921953165828 0.39936458356569454 0
    outer loop
      vertex 4.4919470474452154 1.8289099821883539 -2.5
      vertex 4.398340650125145 2.043795372696766 -2.5
      vertex 4.4919470474452154 1.8289099821883539 2.5
    endloop
  endfacet
  facet normal 0.8739680326265172 0.4859834132426072 0
    outer loop
      vertex 4.294461724418068 2.2539073844122774 -2.5
      vertex 4.180552884368239 2.4587552909959127 -2.5
      vertex 4.294461724418068 2.2539073844122774 2.5
    endloop
  endfacet
  facet normal 0.7322686665977735 0.6810158587867972 0
    outer loop
      vertex 3.63027712862984 3.2161448924678564 -2.5
      vertex 3.470654959608987 3.387780121457344 -2.5
      vertex 3.63027712862984 3.2161448924678564 2.5
    endloop
  endfacet
  facet normal 0.6985113652489378 0.7155989607441204 0
    outer loop
      vertex 3.302926915115966 3.5515030329992014 -2.5
      vertex 3.302926915115966 3.5515030329992014 2.5
      vertex 3.470654959608987 3.387780121457344 -2.5
    endloop
  endfacet
  facet normal 0.5480125073546717 0.8364701380102257 0
    outer loop
      vertex 2.5590551839147437 4.119919485339377 -2.5
      vertex 2.5590551839147437 4.119919485339377 2.5
      vertex 2.7551140216461047 3.9914717495842336 -2.5
    endloop
  endfacet
  facet normal 0.6261851975383143 0.7796743540632218 0
    outer loop
      vertex 2.9447381629207494 3.853701746611708 -2.5
      vertex 2.9447381629207494 3.853701746611708 2.5
      vertex 3.1274847317704273 3.706931244647364 -2.5
    endloop
  endfacet
  facet normal 0.5877852522924717 0.8090169943749485 -9.586511312338167e-20
    outer loop
      vertex 2.9447381629207494 3.853701746611708 -2.5
      vertex 2.7551140216461047 3.9914717495842336 -2.5
      vertex 2.7551140216461047 3.9914717495842336 2.5
    endloop
  endfacet
  facet normal 0.6631226582407951 0.7485107481711013 6.258015372482961e-19
    outer loop
      vertex 3.302926915115966 3.5515030329992014 -2.5
      vertex 3.1274847317704273 3.706931244647364 -2.5
      vertex 3.1274847317704273 3.706931244647364 2.5
    endloop
  endfacet
  facet normal 0.7945776797137543 0.6071625078187112 0
    outer loop
      vertex 3.9237324227184947 2.8507584736184945 -2.5
      vertex 3.7814206172066287 3.0369982080608207 -2.5
      vertex 3.9237324227184947 2.8507584736184945 2.5
    endloop
  endfacet
  facet normal 0.8229838658936559 0.5680647467311566 -8.039070016132021e-19
    outer loop
      vertex 3.9237324227184947 2.8507584736184945 -2.5
      vertex 4.0568801693496 2.657860660670149 2.5
      vertex 4.0568801693496 2.657860660670149 -2.5
    endloop
  endfacet
  facet normal 0.8494679351215217 0.5276402441061315 9.685735344064602e-19
    outer loop
      vertex 4.0568801693496 2.657860660670149 -2.5
      vertex 4.180552884368239 2.4587552909959127 2.5
      vertex 4.180552884368239 2.4587552909959127 -2.5
    endloop
  endfacet
  facet normal 0.7643157205458483 0.6448422127361707 6.53857683692789e-19
    outer loop
      vertex 3.63027712862984 3.2161448924678564 -2.5
      vertex 3.7814206172066287 3.0369982080608207 2.5
      vertex 3.7814206172066287 3.0369982080608207 -2.5
    endloop
  endfacet
  facet normal 0 1 0
    outer loop
      vertex -0.11719416439524177 4.8485838682889355 2.5
      vertex 0.11719416439524177 4.8485838682889355 2.5
      vertex 0.11719416439524177 4.8485838682889355 -2.5
    endloop
  endfacet
  facet normal 0.04831337952550546 0.9988322268323268 0
    outer loop
      vertex 0.351308780784548 4.837259776003732 -2.5
      vertex 0.11719416439524177 4.8485838682889355 2.5
      vertex 0.351308780784548 4.837259776003732 2.5
    endloop
  endfacet
  facet normal 0.09651392091451906 0.9953316347176481 0
    outer loop
      vertex 0.5846028992383164 4.814638039375561 -2.5
      vertex 0.351308780784548 4.837259776003732 2.5
      vertex 0.5846028992383164 4.814638039375561 2.5
    endloop
  endfacet
  facet normal 0.14448904956921857 0.9895063994510513 0
    outer loop
      vertex 0.816531650533137 4.7807714925185065 -2.5
      vertex 0.5846028992383164 4.814638039375561 2.5
      vertex 0.816531650533137 4.7807714925185065 2.5
    endloop
  endfacet
  facet normal 0.19212671735370793 0.9813701261394137 0
    outer loop
      vertex 1.04655335432386 4.735739232321969 -2.5
      vertex 0.816531650533137 4.7807714925185065 2.5
      vertex 1.04655335432386 4.735739232321969 2.5
    endloop
  endfacet
  facet normal 0.2393156642875572 0.9709418174260522 0
    outer loop
      vertex 1.2741307842631462 4.679646433716225 -2.5
      vertex 1.04655335432386 4.735739232321969 2.5
      vertex 1.2741307842631462 4.679646433716225 2.5
    endloop
  endfacet
  facet normal 0.285945678398693 0.9582458291091651 0
    outer loop
      vertex 1.4987324227184948 4.612624104031494 -2.5
      vertex 1.2741307842631462 4.679646433716225 2.5
      vertex 1.4987324227184948 4.612624104031494 2.5
    endloop
  endfacet
  facet normal 0.33190785312852455 0.9433118132577446 0
    outer loop
      vertex 1.719833702156298 4.534828777024262 -2.5
      vertex 1.4987324227184948 4.612624104031494 2.5
      vertex 1.719833702156298 4.534828777024262 2.5
    endloop
  endfacet
  facet normal 0.37709484168832347 0.9261746489577753 0
    outer loop
      vertex 1.936918230293623 4.446442147285424 -2.5
      vertex 1.719833702156298 4.534828777024262 2.5
      vertex 1.936918230293623 4.446442147285424 2.5
    endloop
  endfacet
  facet normal 0.42140110777252826 0.906874360850546 0
    outer loop
      vertex 2.14947899615632 4.347670645884163 -2.5
      vertex 1.936918230293623 4.446442147285424 2.5
      vertex 2.14947899615632 4.347670645884163 2.5
    endloop
  endfacet
  facet normal 0.4647231720437676 0.8854560256532104 0
    outer loop
      vertex 2.35701955422664 4.238744958238612 -2.5
      vertex 2.14947899615632 4.347670645884163 2.5
      vertex 2.35701955422664 4.238744958238612 2.5
    endloop
  endfacet
  facet normal 0 0 1
    outer loop
      vertex 0.11719416439524177 4.8485838682889355 2.5
      vertex 0.09786316820633592 4.048817457024781 2.5
      vertex 0.29336094065513807 4.039361256250539 2.5
    endloop
  endfacet
  facet normal 0 0 1
    outer loop
      vertex -0.11719416439524177 4.8485838682889355 2.5
      vertex 0.09786316820633592 4.048817457024781 2.5
      vertex 0.11719416439524177 4.8485838682889355 2.5
    endloop
  endfacet
  facet normal 0 0 1
    outer loop
      vertex 0.11719416439524177 4.8485838682889355 2.5
      vertex 0.29336094065513807 4.039361256250539 2.5
      vertex 0.351308780784548 4.837259776003732 2.5
    endloop
  endfacet
  facet normal 0 0 1
    outer loop
      vertex 0.351308780784548 4.837259776003732 2.5
      vertex 0.29336094065513807 4.039361256250539 2.5
      vertex 0.48817355503405807 4.020470940097119 2.5
    endloop
  endfacet
  facet normal 0 0 1
    outer loop
      vertex 0.5846028992383164 4.814638039375561 2.5
      vertex 0.48817355503405807 4.020470940097119 2.5
      vertex 0.6818460174555062 3.9921906277731862 2.5
    endloop
  endfacet
  facet normal 0 0 1
    outer loop
      vertex 0.351308780784548 4.837259776003732 2.5
      vertex 0.48817355503405807 4.020470940097119 2.5
      vertex 0.5846028992383164 4.814638039375561 2.5
    endloop
  endfacet
  facet normal 0 0 1
    outer loop
      vertex 1.04655335432386 4.735739232321969 2.5
      vertex 0.8739259969096151 3.9545863692585517 2.5
      vertex 1.0639648817042768 3.9077459910413834 2.5
    endloop
  endfacet
  facet normal 0 0 1
    outer loop
      vertex 1.04655335432386 4.735739232321969 2.5
      vertex 1.0639648817042768 3.9077459910413834 2.5
      vertex 1.251518827218537 3.8517788909953716 2.5
    endloop
  endfacet
  facet normal 0 0 1
    outer loop
      vertex 0.5846028992383164 4.814638039375561 2.5
      vertex 0.6818460174555062 3.9921906277731862 2.5
      vertex 0.816531650533137 4.7807714925185065 2.5
    endloop
  endfacet
  facet normal 0 0 1
    outer loop
      vertex 0.816531650533137 4.7807714925185065 2.5
      vertex 0.6818460174555062 3.9921906277731862 2.5
      vertex 0.8739259969096151 3.9545863692585517 2.5
    endloop
  endfacet
  facet normal 0 0 1
    outer loop
      vertex 0.816531650533137 4.7807714925185065 2.5
      vertex 0.8739259969096151 3.9545863692585517 2.5
      vertex 1.04655335432386 4.735739232321969 2.5
    endloop
  endfacet
  facet normal 0 0 1
    outer loop
      vertex 1.04655335432386 4.735739232321969 2.5
      vertex 1.251518827218537 3.8517788909953716 2.5
      vertex 1.2741307842631462 4.679646433716225 2.5
    endloop
  endfacet
  facet normal 0 0 1
    outer loop
      vertex 2.35701955422664 4.238744958238612 2.5
      vertex 2.3006622242611803 3.3330846568693087 2.5
      vertex 2.4590081566657807 3.2180396028407046 2.5
    endloop
  endfacet
  facet normal 0 0 1
    outer loop
      vertex 1.2741307842631462 4.679646433716225 2.5
      vertex 1.251518827218537 3.8517788909953716 2.5
      vertex 1.4361497925222695 3.78681578287593 2.5
    endloop
  endfacet
  facet normal 0 0 1
    outer loop
      vertex 1.4987324227184948 4.612624104031494 2.5
      vertex 1.4361497925222695 3.78681578287593 2.5
      vertex 1.6174265634410667 3.7130083910321585 2.5
    endloop
  endfacet
  facet normal 0 0 1
    outer loop
      vertex 1.719833702156298 4.534828777024262 2.5
      vertex 1.6174265634410667 3.7130083910321585 2.5
      vertex 1.7949257596769272 3.6305290960476 2.5
    endloop
  endfacet
  facet normal 0 0 1
    outer loop
      vertex 1.719833702156298 4.534828777024262 2.5
      vertex 1.7949257596769272 3.6305290960476 2.5
      vertex 1.936918230293623 4.446442147285424 2.5
    endloop
  endfacet
  facet normal 0 0 1
    outer loop
      vertex 1.2741307842631462 4.679646433716225 2.5
      vertex 1.4361497925222695 3.78681578287593 2.5
      vertex 1.4987324227184948 4.612624104031494 2.5
    endloop
  endfacet
  facet normal 0 0 1
    outer loop
      vertex 1.4987324227184948 4.612624104031494 2.5
      vertex 1.6174265634410667 3.7130083910321585 2.5
      vertex 1.719833702156298 4.534828777024262 2.5
    endloop
  endfacet
  facet normal 0 0 1
    outer loop
      vertex 1.936918230293623 4.446442147285424 2.5
      vertex 1.7949257596769272 3.6305290960476 2.5
      vertex 1.968232823632555 3.539570532137397 2.5
    endloop
  endfacet
  facet normal 0 0 1
    outer loop
      vertex 2.14947899615632 4.347670645884163 2.5
      vertex 1.968232823632555 3.539570532137397 2.5
      vertex 2.1369429886298374 3.44034513724216 2.5
    endloop
  endfacet
  facet normal 0 0 1
    outer loop
      vertex 1.936918230293623 4.446442147285424 2.5
      vertex 1.968232823632555 3.539570532137397 2.5
      vertex 2.14947899615632 4.347670645884163 2.5
    endloop
  endfacet
  facet normal 0 0 1
    outer loop
      vertex 2.14947899615632 4.347670645884163 2.5
      vertex 2.1369429886298374 3.44034513724216 2.5
      vertex 2.3006622242611803 3.3330846568693087 2.5
    endloop
  endfacet
  facet normal 0 0 1
    outer loop
      vertex 2.35701955422664 4.238744958238612 2.5
      vertex 2.14947899615632 4.347670645884163 2.5
      vertex 2.3006622242611803 3.3330846568693087 2.5
    endloop
  endfacet
  facet normal 0.9997080140801932 0.024163745236130286 0
    outer loop
      vertex 4.844336300136784 0.23431989069870926 -2.5
      vertex 4.844336300136784 0.23431989069870926 2.5
      vertex 4.85 0 2.5
    endloop
  endfacet
  facet normal 0.9973731496914909 0.0724348001617654 0
    outer loop
      vertex 4.827358428380595 0.46809251643539823 -2.5
      vertex 4.827358428380595 0.46809251643539823 2.5
      vertex 4.844336300136784 0.23431989069870926 2.5
    endloop
  endfacet
  facet normal 0.9927088740980545 0.12053668025531984 0
    outer loop
      vertex 4.799106037337598 0.7007718904107235 -2.5
      vertex 4.799106037337598 0.7007718904107235 2.5
      vertex 4.827358428380595 0.46809251643539823 2.5
    endloop
  endfacet
  facet normal 0.9857260809316503 0.16835704134704244 0
    outer loop
      vertex 4.7596451117761545 0.9318145791654855 -2.5
      vertex 4.7596451117761545 0.9318145791654855 2.5
      vertex 4.799106037337598 0.7007718904107235 2.5
    endloop
  endfacet
  facet normal 0.9764410788292727 0.21578419676780333 0
    outer loop
      vertex 4.709067814516352 1.1606809717946551 -2.5
      vertex 4.709067814516352 1.1606809717946551 2.5
      vertex 4.7596451117761545 0.9318145791654855 2.5
    endloop
  endfacet
  facet normal 0.8739680326265172 0.4859834132426072 0
    outer loop
      vertex 4.180552884368239 2.4587552909959127 -2.5
      vertex 4.180552884368239 2.4587552909959127 2.5
      vertex 4.294461724418068 2.2539073844122774 2.5
    endloop
  endfacet
  facet normal 0.9350162426854146 0.35460488704253623 0
    outer loop
      vertex 4.4919470474452154 1.8289099821883539 -2.5
      vertex 4.4919470474452154 1.8289099821883539 2.5
      vertex 4.575062294300054 1.6097530876733626 2.5
    endloop
  endfacet
  facet normal 0.9648755533435508 0.262707378198589 0
    outer loop
      vertex 4.6474922711794555 1.386836540233643 -2.5
      vertex 4.6474922711794555 1.386836540233643 2.5
      vertex 4.709067814516352 1.1606809717946551 2.5
    endloop
  endfacet
  facet normal 0.9510565162951536 0.3090169943749471 0
    outer loop
      vertex 4.575062294300054 1.6097530876733626 -2.5
      vertex 4.575062294300054 1.6097530876733626 2.5
      vertex 4.6474922711794555 1.386836540233643 2.5
    endloop
  endfacet
  facet normal 0.9167921953165828 0.39936458356569454 0
    outer loop
      vertex 4.398340650125145 2.043795372696766 -2.5
      vertex 4.398340650125145 2.043795372696766 2.5
      vertex 4.4919470474452154 1.8289099821883539 2.5
    endloop
  endfacet
  facet normal 0.8964269372957042 0.44319154559924034 0
    outer loop
      vertex 4.294461724418068 2.2539073844122774 -2.5
      vertex 4.294461724418068 2.2539073844122774 2.5
      vertex 4.398340650125145 2.043795372696766 2.5
    endloop
  endfacet
  facet normal 0 0 1
    outer loop
      vertex 3.63027712862984 3.2161448924678564 2.5
      vertex 3.5860969038955 1.8821288467772626 2.5
      vertex 3.6728411614447087 1.7066744864787426 2.5
    endloop
  endfacet
  facet normal 0 0 1
    outer loop
      vertex 4.0568801693496 -2.6578606606701487 2.5
      vertex 4.0568801693496 2.657860660670149 2.5
      vertex 4.05 0 2.5
    endloop
  endfacet
  facet normal 0 0 1
    outer loop
      vertex 4.180552884368239 -2.4587552909959123 2.5
      vertex 4.180552884368239 2.4587552909959127 2.5
      vertex 4.0568801693496 2.657860660670149 2.5
    endloop
  endfacet
  facet normal 0 0 1
    outer loop
      vertex 4.0568801693496 2.657860660670149 2.5
      vertex 4.045270518670923 0.1956691870783036 2.5
      vertex 4.05 0 2.5
    endloop
  endfacet
  facet normal 0 0 1
    outer loop
      vertex 4.0568801693496 2.657860660670149 2.5
      vertex 4.031093120606477 0.39088137970378617 2.5
      vertex 4.045270518670923 0.1956691870783036 2.5
    endloop
  endfacet
  facet normal 0 0 1
    outer loop
      vertex 4.0568801693496 2.657860660670149 2.5
      vertex 4.007500917776757 0.5851806507553464 2.5
      vertex 4.031093120606477 0.39088137970378617 2.5
    endloop
  endfacet
  facet normal 0 0 1
    outer loop
      vertex 4.844336300136783 -0.23431989069870962 2.5
      vertex 4.85 0 2.5
      vertex 4.844336300136784 0.23431989069870926 2.5
    endloop
  endfacet
  facet normal 0 0 1
    outer loop
      vertex 4.844336300136783 -0.23431989069870962 2.5
      vertex 4.844336300136784 0.23431989069870926 2.5
      vertex 4.827358428380595 0.46809251643539823 2.5
    endloop
  endfacet
  facet normal 0 0 1
    outer loop
      vertex 4.827358428380595 -0.46809251643539895 2.5
      vertex 4.827358428380595 0.46809251643539823 2.5
      vertex 4.799106037337598 0.7007718904107235 2.5
    endloop
  endfacet
  facet normal 0 0 1
    outer loop
      vertex 4.709067814516351 -1.160680971794657 2.5
      vertex 4.709067814516352 1.1606809717946551 2.5
      vertex 4.6474922711794555 1.386836540233643 2.5
    endloop
  endfacet
  facet normal 0 0 1
    outer loop
      vertex 4.6474922711794555 -1.386836540233645 2.5
      vertex 4.6474922711794555 1.386836540233643 2.5
      vertex 4.575062294300054 1.6097530876733626 2.5
    endloop
  endfacet
  facet normal 0 0 1
    outer loop
      vertex 4.7596451117761545 -0.9318145791654868 2.5
      vertex 4.7596451117761545 0.9318145791654855 2.5
      vertex 4.709067814516352 1.1606809717946551 2.5
    endloop
  endfacet
  facet normal 0 0 1
    outer loop
      vertex 4.799106037337598 -0.7007718904107244 2.5
      vertex 4.799106037337598 0.7007718904107235 2.5
      vertex 4.7596451117761545 0.9318145791654855 2.5
    endloop
  endfacet
  facet normal 0 0 1
    outer loop
      vertex 4.398340650125146 -2.043795372696765 2.5
      vertex 4.398340650125145 2.043795372696766 2.5
      vertex 4.294461724418068 2.2539073844122774 2.5
    endloop
  endfacet
  facet normal 0 0 1
    outer loop
      vertex 4.294461724418069 -2.253907384412276 2.5
      vertex 4.294461724418068 2.2539073844122774 2.5
      vertex 4.180552884368239 2.4587552909959127 2.5
    endloop
  endfacet
  facet normal 0 0 1
    outer loop
      vertex 4.491947047445216 -1.8289099821883523 2.5
      vertex 4.4919470474452154 1.8289099821883539 2.5
      vertex 4.398340650125145 2.043795372696766 2.5
    endloop
  endfacet
  facet normal 0 0 1
    outer loop
      vertex 4.5750622943000545 -1.6097530876733606 2.5
      vertex 4.575062294300054 1.6097530876733626 2.5
      vertex 4.4919470474452154 1.8289099821883539 2.5
    endloop
  endfacet
  facet normal 0 0 1
    outer loop
      vertex 3.9237324227184947 2.8507584736184945 2.5
      vertex 3.880895607892123 1.1580799975146916 2.5
      vertex 3.9323143605755106 0.9692284403646089 2.5
    endloop
  endfacet
  facet normal 0 0 1
    outer loop
      vertex 4.0568801693496 2.657860660670149 2.5
      vertex 3.9745490108646244 0.7781132052825188 2.5
      vertex 4.007500917776757 0.5851806507553464 2.5
    endloop
  endfacet
  facet normal 0 0 1
    outer loop
      vertex 3.9237324227184947 2.8507584736184945 2.5
      vertex 3.9323143605755106 0.9692284403646089 2.5
      vertex 3.9745490108646244 0.7781132052825188 2.5
    endloop
  endfacet
  facet normal 0 0 1
    outer loop
      vertex 3.7814206172066287 3.0369982080608207 2.5
      vertex 3.7510073282789946 1.5272341088376975 2.5
      vertex 3.82041284369386 1.34422680517054 2.5
    endloop
  endfacet
  facet normal 0 0 1
    outer loop
      vertex 3.7814206172066287 3.0369982080608207 2.5
      vertex 3.6728411614447087 1.7066744864787426 2.5
      vertex 3.7510073282789946 1.5272341088376975 2.5
    endloop
  endfacet
  facet normal 0 0 1
    outer loop
      vertex 3.7814206172066287 3.0369982080608207 2.5
      vertex 3.82041284369386 1.34422680517054 2.5
      vertex 3.880895607892123 1.1580799975146916 2.5
    endloop
  endfacet
  facet normal 0 0 1
    outer loop
      vertex 3.9237324227184947 2.8507584736184945 2.5
      vertex 3.7814206172066287 3.0369982080608207 2.5
      vertex 3.880895607892123 1.1580799975146916 2.5
    endloop
  endfacet
  facet normal 0 0 1
    outer loop
      vertex 3.9237324227184947 2.8507584736184945 2.5
      vertex 3.9745490108646244 0.7781132052825188 2.5
      vertex 4.0568801693496 2.657860660670149 2.5
    endloop
  endfacet
  facet normal 0.6631226582407951 0.7485107481711013 0
    outer loop
      vertex 3.302926915115966 3.5515030329992014 -2.5
      vertex 3.1274847317704273 3.706931244647364 2.5
      vertex 3.302926915115966 3.5515030329992014 2.5
    endloop
  endfacet
  facet normal 0.7322686665977735 0.6810158587867972 0
    outer loop
      vertex 3.470654959608987 3.387780121457344 -2.5
      vertex 3.470654959608987 3.387780121457344 2.5
      vertex 3.63027712862984 3.2161448924678564 2.5
    endloop
  endfacet
  facet normal 0.6985113652489378 0.7155989607441204 0
    outer loop
      vertex 3.470654959608987 3.387780121457344 -2.5
      vertex 3.302926915115966 3.5515030329992014 2.5
      vertex 3.470654959608987 3.387780121457344 2.5
    endloop
  endfacet
  facet normal 0.5069598538135895 0.8619696668800496 0
    outer loop
      vertex 2.5590551839147437 4.119919485339377 -2.5
      vertex 2.35701955422664 4.238744958238612 2.5
      vertex 2.5590551839147437 4.119919485339377 2.5
    endloop
  endfacet
  facet normal 0.5480125073546717 0.8364701380102257 0
    outer loop
      vertex 2.7551140216461047 3.9914717495842336 -2.5
      vertex 2.5590551839147437 4.119919485339377 2.5
      vertex 2.7551140216461047 3.9914717495842336 2.5
    endloop
  endfacet
  facet normal 0.5877852522924717 0.8090169943749485 0
    outer loop
      vertex 2.9447381629207494 3.853701746611708 -2.5
      vertex 2.7551140216461047 3.9914717495842336 2.5
      vertex 2.9447381629207494 3.853701746611708 2.5
    endloop
  endfacet
  facet normal 0.6261851975383143 0.7796743540632218 0
    outer loop
      vertex 3.1274847317704273 3.706931244647364 -2.5
      vertex 2.9447381629207494 3.853701746611708 2.5
      vertex 3.1274847317704273 3.706931244647364 2.5
    endloop
  endfacet
  facet normal 0.7945776797137543 0.6071625078187112 0
    outer loop
      vertex 3.7814206172066287 3.0369982080608207 -2.5
      vertex 3.7814206172066287 3.0369982080608207 2.5
      vertex 3.9237324227184947 2.8507584736184945 2.5
    endloop
  endfacet
  facet normal 0.8494679351215217 0.5276402441061315 0
    outer loop
      vertex 4.0568801693496 2.657860660670149 -2.5
      vertex 4.0568801693496 2.657860660670149 2.5
      vertex 4.180552884368239 2.4587552909959127 2.5
    endloop
  endfacet
  facet normal 0.8229838658936559 0.5680647467311566 0
    outer loop
      vertex 3.9237324227184947 2.8507584736184945 -2.5
      vertex 3.9237324227184947 2.8507584736184945 2.5
      vertex 4.0568801693496 2.657860660670149 2.5
    endloop
  endfacet
  facet normal 0.7643157205458483 0.6448422127361707 0
    outer loop
      vertex 3.63027712862984 3.2161448924678564 -2.5
      vertex 3.63027712862984 3.2161448924678564 2.5
      vertex 3.7814206172066287 3.0369982080608207 2.5
    endloop
  endfacet
  facet normal 0 0 1
    outer loop
      vertex 2.5590551839147437 4.119919485339377 2.5
      vertex 2.4590081566657807 3.2180396028407046 2.5
      vertex 2.6116109615814906 3.0954786682106854 2.5
    endloop
  endfacet
  facet normal 0 0 1
    outer loop
      vertex 2.7551140216461047 3.9914717495842336 2.5
      vertex 2.6116109615814906 3.0954786682106854 2.5
      vertex 2.7581142280865283 2.9656880997209827 2.5
    endloop
  endfacet
  facet normal 0 0 1
    outer loop
      vertex 2.7551140216461047 3.9914717495842336 2.5
      vertex 2.7581142280865283 2.9656880997209827 2.5
      vertex 2.8981757910136903 2.8289710292581947 2.5
    endloop
  endfacet
  facet normal 0 0 1
    outer loop
      vertex 2.9447381629207494 3.853701746611708 2.5
      vertex 2.8981757910136903 2.8289710292581947 2.5
      vertex 3.031468530092959 2.6856467658752203 2.5
    endloop
  endfacet
  facet normal 0 0 1
    outer loop
      vertex 2.9447381629207494 3.853701746611708 2.5
      vertex 2.7551140216461047 3.9914717495842336 2.5
      vertex 2.8981757910136903 2.8289710292581947 2.5
    endloop
  endfacet
  facet normal 0 0 1
    outer loop
      vertex 3.302926915115966 3.5515030329992014 2.5
      vertex 3.276518827218537 2.380530271784516 2.5
      vertex 3.3877040589414182 2.2194506547864132 2.5
    endloop
  endfacet
  facet normal 0 0 1
    outer loop
      vertex 3.1274847317704273 3.706931244647364 2.5
      vertex 3.031468530092959 2.6856467658752203 2.5
      vertex 3.157681133956051 2.5360500500301697 2.5
    endloop
  endfacet
  facet normal 0 0 1
    outer loop
      vertex 3.302926915115966 3.5515030329992014 2.5
      vertex 3.157681133956051 2.5360500500301697 2.5
      vertex 3.276518827218537 2.380530271784516 2.5
    endloop
  endfacet
  facet normal 0 0 1
    outer loop
      vertex 3.470654959608987 3.387780121457344 2.5
      vertex 3.3877040589414182 2.2194506547864132 2.5
      vertex 3.4909771508641994 2.0531874079450407 2.5
    endloop
  endfacet
  facet normal 0 0 1
    outer loop
      vertex 3.470654959608987 3.387780121457344 2.5
      vertex 3.4909771508641994 2.0531874079450407 2.5
      vertex 3.5860969038955 1.8821288467772626 2.5
    endloop
  endfacet
  facet normal 0 0 1
    outer loop
      vertex 3.63027712862984 3.2161448924678564 2.5
      vertex 3.470654959608987 3.387780121457344 2.5
      vertex 3.5860969038955 1.8821288467772626 2.5
    endloop
  endfacet
  facet normal 0 0 1
    outer loop
      vertex 3.302926915115966 3.5515030329992014 2.5
      vertex 3.1274847317704273 3.706931244647364 2.5
      vertex 3.157681133956051 2.5360500500301697 2.5
    endloop
  endfacet
  facet normal 0 0 1
    outer loop
      vertex 2.9447381629207494 3.853701746611708 2.5
      vertex 3.031468530092959 2.6856467658752203 2.5
      vertex 3.1274847317704273 3.706931244647364 2.5
    endloop
  endfacet
  facet normal 0 0 1
    outer loop
      vertex 3.302926915115966 3.5515030329992014 2.5
      vertex 3.3877040589414182 2.2194506547864132 2.5
      vertex 3.470654959608987 3.387780121457344 2.5
    endloop
  endfacet
  facet normal 0 0 1
    outer loop
      vertex 2.35701955422664 4.238744958238612 2.5
      vertex 2.4590081566657807 3.2180396028407046 2.5
      vertex 2.5590551839147437 4.119919485339377 2.5
    endloop
  endfacet
  facet normal 0 0 1
    outer loop
      vertex 2.5590551839147437 4.119919485339377 2.5
      vertex 2.6116109615814906 3.0954786682106854 2.5
      vertex 2.7551140216461047 3.9914717495842336 2.5
    endloop
  endfacet
  facet normal 0 0 1
    outer loop
      vertex 3.63027712862984 3.2161448924678564 2.5
      vertex 3.6728411614447087 1.7066744864787426 2.5
      vertex 3.7814206172066287 3.0369982080608207 2.5
    endloop
  endfacet
endsolid OpenSCAD_Model
