solid OpenSCAD_Model
  facet normal 0 0 -1
    outer loop
      vertex -26 -6.098076211353316 -7
      vertex -25.746245039005657 -6.228895986063556 -7
      vertex -25.87467956518223 -6.16650634596477 -7
    endloop
  endfacet
  facet normal 0 0 -1
    outer loop
      vertex -26.240170728713593 -5.943727856151007 -7
      vertex -26.354476958661817 -5.858159284228362 -7
      vertex -26.121922452366793 -6.023760598493544 -7
    endloop
  endfacet
  facet normal 0 0 -1
    outer loop
      vertex -26 -6.098076211353316 -7
      vertex -26.354476958661817 -5.858159284228362 -7
      vertex -25.746245039005657 -6.228895986063556 -7
    endloop
  endfacet
  facet normal 0 0 -1
    outer loop
      vertex -26 -6.098076211353316 -7
      vertex -26.121922452366793 -6.023760598493544 -7
      vertex -26.354476958661817 -5.858159284228362 -7
    endloop
  endfacet
  facet normal 0 0 -1
    outer loop
      vertex -26.354476958661817 -5.858159284228362 -7
      vertex -26.464582201835857 -5.767248723062775 -7
      vertex -26.67120211431521 -5.570237034446336 -7
    endloop
  endfacet
  facet normal 0 0 -1
    outer loop
      vertex -26.354476958661817 -5.858159284228362 -7
      vertex -26.858159284228364 -5.354476958661816 -7
      vertex -25.067753733081233 -6.44578609178812 -7
    endloop
  endfacet
  facet normal 0 0 -1
    outer loop
      vertex -25.481203889952265 -6.3350024561440055 -7
      vertex -25.746245039005657 -6.228895986063556 -7
      vertex -25.067753733081233 -6.44578609178812 -7
    endloop
  endfacet
  facet normal 0 0 -1
    outer loop
      vertex -25.20727680652828 -6.415434704970625 -7
      vertex -25.34519767052429 -6.3784789208434916 -7
      vertex -25.067753733081233 -6.44578609178812 -7
    endloop
  endfacet
  facet normal 0 0 -1
    outer loop
      vertex -24.926944514819855 -6.469464325642798 -7
      vertex -25.067753733081233 -6.44578609178812 -7
      vertex -24.78516812991255 -6.4864157677192535 -7
    endloop
  endfacet
  facet normal 0 0 -1
    outer loop
      vertex -25.481203889952265 -6.3350024561440055 -7
      vertex -25.067753733081233 -6.44578609178812 -7
      vertex -25.34519767052429 -6.3784789208434916 -7
    endloop
  endfacet
  facet normal 0 0 -1
    outer loop
      vertex -25.481203889952265 -6.3350024561440055 -7
      vertex -25.614987366980984 -6.285103799048218 -7
      vertex -25.746245039005657 -6.228895986063556 -7
    endloop
  endfacet
  facet normal 0 0 -1
    outer loop
      vertex -26.354476958661817 -5.858159284228362 -7
      vertex -25.067753733081233 -6.44578609178812 -7
      vertex -25.746245039005657 -6.228895986063556 -7
    endloop
  endfacet
  facet normal 0 0 -1
    outer loop
      vertex -25.067753733081233 -6.44578609178812 -7
      vertex -24.5 -6.5 -7
      vertex -24.78516812991255 -6.4864157677192535 -7
    endloop
  endfacet
  facet normal 0 0 -1
    outer loop
      vertex -24.78516812991255 -6.4864157677192535 -7
      vertex -24.5 -6.5 -7
      vertex -24.642745747471228 -6.496602017549024 -7
    endloop
  endfacet
  facet normal 0 0 -1
    outer loop
      vertex -26.67120211431521 -5.570237034446336 -7
      vertex -26.767248723062774 -5.464582201835855 -7
      vertex -26.858159284228364 -5.354476958661816 -7
    endloop
  endfacet
  facet normal 0 0 -1
    outer loop
      vertex -26.464582201835857 -5.767248723062775 -7
      vertex -26.570237034446336 -5.671202114315211 -7
      vertex -26.67120211431521 -5.570237034446336 -7
    endloop
  endfacet
  facet normal 0 0 -1
    outer loop
      vertex -26.354476958661817 -5.858159284228362 -7
      vertex -26.67120211431521 -5.570237034446336 -7
      vertex -26.858159284228364 -5.354476958661816 -7
    endloop
  endfacet
  facet normal 0 0 -1
    outer loop
      vertex -26.858159284228364 -5.354476958661816 -7
      vertex -26.943727856151007 -5.240170728713595 -7
      vertex -27.023760598493546 -5.1219224523667926 -7
    endloop
  endfacet
  facet normal 0 0 -1
    outer loop
      vertex -26.858159284228364 -5.354476958661816 -7
      vertex -27.023760598493546 -5.1219224523667926 -7
      vertex -27.16650634596477 -4.874679565182232 -7
    endloop
  endfacet
  facet normal 0 0 -1
    outer loop
      vertex -27.023760598493546 -5.1219224523667926 -7
      vertex -27.098076211353316 -5 -7
      vertex -27.16650634596477 -4.874679565182232 -7
    endloop
  endfacet
  facet normal 0 0 -1
    outer loop
      vertex -26.858159284228364 -5.354476958661816 -7
      vertex -27.16650634596477 -4.874679565182232 -7
      vertex -27.335002456144004 -4.4812038899522655 -7
    endloop
  endfacet
  facet normal 0 0 -1
    outer loop
      vertex -25.067753733081233 -6.44578609178812 -7
      vertex -26.858159284228364 -5.354476958661816 -7
      vertex -27.5 -3.5 -7
    endloop
  endfacet
  facet normal 0 0 -1
    outer loop
      vertex -27.16650634596477 -4.874679565182232 -7
      vertex -27.228895986063556 -4.746245039005659 -7
      vertex -27.335002456144004 -4.4812038899522655 -7
    endloop
  endfacet
  facet normal 0 0 -1
    outer loop
      vertex -27.228895986063556 -4.746245039005659 -7
      vertex -27.28510379904822 -4.614987366980983 -7
      vertex -27.335002456144004 -4.4812038899522655 -7
    endloop
  endfacet
  facet normal 0 0 -1
    outer loop
      vertex -26.858159284228364 -5.354476958661816 -7
      vertex -27.335002456144004 -4.4812038899522655 -7
      vertex -27.5 -3.5 -7
    endloop
  endfacet
  facet normal 0 0 -1
    outer loop
      vertex -27.335002456144004 -4.4812038899522655 -7
      vertex -27.37847892084349 -4.345197670524289 -7
      vertex -27.445786091788122 -4.06775373308123 -7
    endloop
  endfacet
  facet normal 0 0 -1
    outer loop
      vertex -27.37847892084349 -4.345197670524289 -7
      vertex -27.415434704970625 -4.207276806528281 -7
      vertex -27.445786091788122 -4.06775373308123 -7
    endloop
  endfacet
  facet normal 0 0 -1
    outer loop
      vertex -27.335002456144004 -4.4812038899522655 -7
      vertex -27.445786091788122 -4.06775373308123 -7
      vertex -27.5 -3.5 -7
    endloop
  endfacet
  facet normal 0 0 -1
    outer loop
      vertex -27.445786091788122 -4.06775373308123 -7
      vertex -27.469464325642797 -3.926944514819856 -7
      vertex -27.486415767719254 -3.785168129912549 -7
    endloop
  endfacet
  facet normal 0 0 -1
    outer loop
      vertex -27.445786091788122 -4.06775373308123 -7
      vertex -27.486415767719254 -3.785168129912549 -7
      vertex -27.5 -3.5 -7
    endloop
  endfacet
  facet normal 0 0 -1
    outer loop
      vertex -27.486415767719254 -3.785168129912549 -7
      vertex -27.496602017549023 -3.6427457474712264 -7
      vertex -27.5 -3.5 -7
    endloop
  endfacet
  facet normal 0 0 -1
    outer loop
      vertex -25.067753733081233 -6.44578609178812 -7
      vertex -22.107978863998103 -2.2410673432392594 -7
      vertex -21.99841145891424 -2.291980488291456 -7
    endloop
  endfacet
  facet normal 0 0 -1
    outer loop
      vertex -25.067753733081233 -6.44578609178812 -7
      vertex -21.886512217606338 -2.337540606713537 -7
      vertex -21.772542485937368 -2.3776412907378837 -7
    endloop
  endfacet
  facet normal 0 0 -1
    outer loop
      vertex -25.067753733081233 -6.44578609178812 -7
      vertex -21.772542485937368 -2.3776412907378837 -7
      vertex -21.656768445496468 -2.4121888833588785 -7
    endloop
  endfacet
  facet normal 0 0 -1
    outer loop
      vertex -25.067753733081233 -6.44578609178812 -7
      vertex -21.99841145891424 -2.291980488291456 -7
      vertex -21.886512217606338 -2.337540606713537 -7
    endloop
  endfacet
  facet normal 0 0 -1
    outer loop
      vertex -25.067753733081233 -6.44578609178812 -7
      vertex -21.539460491919513 -2.4411026970731804 -7
      vertex -21.420892603367594 -2.4643152023291273 -7
    endloop
  endfacet
  facet normal 0 0 -1
    outer loop
      vertex -25.067753733081233 -6.44578609178812 -7
      vertex -21.656768445496468 -2.4121888833588785 -7
      vertex -21.539460491919513 -2.4411026970731804 -7
    endloop
  endfacet
  facet normal 0 0 -1
    outer loop
      vertex -25.067753733081233 -6.44578609178812 -7
      vertex -21.420892603367594 -2.4643152023291273 -7
      vertex -21.301341700638307 -2.481772185245135 -7
    endloop
  endfacet
  facet normal 0 0 -1
    outer loop
      vertex -25.067753733081233 -6.44578609178812 -7
      vertex -21.181087000404403 -2.493432874228728 -7
      vertex -21.06040936309033 -2.499270035200482 -7
    endloop
  endfacet
  facet normal 0 0 -1
    outer loop
      vertex -25.067753733081233 -6.44578609178812 -7
      vertex -21.301341700638307 -2.481772185245135 -7
      vertex -21.181087000404403 -2.493432874228728 -7
    endloop
  endfacet
  facet normal 0 0 -1
    outer loop
      vertex -25.067753733081233 -6.44578609178812 -7
      vertex -22.42016186682789 -2.057459664734141 -7
      vertex -22.31910061026533 -2.123669837803803 -7
    endloop
  endfacet
  facet normal 0 0 -1
    outer loop
      vertex -25.067753733081233 -6.44578609178812 -7
      vertex -22.517906269546778 -1.9864441992843855 -7
      vertex -22.42016186682789 -2.057459664734141 -7
    endloop
  endfacet
  facet normal 0 0 -1
    outer loop
      vertex -25.067753733081233 -6.44578609178812 -7
      vertex -22.702539646966994 -1.8306716664944334 -7
      vertex -22.612105531840427 -1.9107893013646207 -7
    endloop
  endfacet
  facet normal 0 0 -1
    outer loop
      vertex -25.067753733081233 -6.44578609178812 -7
      vertex -22.612105531840427 -1.9107893013646207 -7
      vertex -22.517906269546778 -1.9864441992843855 -7
    endloop
  endfacet
  facet normal 0 0 -1
    outer loop
      vertex -25.067753733081233 -6.44578609178812 -7
      vertex -22.788997401860303 -1.746278413122343 -7
      vertex -22.702539646966994 -1.8306716664944334 -7
    endloop
  endfacet
  facet normal 0 0 -1
    outer loop
      vertex -25.067753733081233 -6.44578609178812 -7
      vertex -22.871276870427753 -1.6578066456019882 -7
      vertex -22.788997401860303 -1.746278413122343 -7
    endloop
  endfacet
  facet normal 0 0 -1
    outer loop
      vertex -25.067753733081233 -6.44578609178812 -7
      vertex -22.214958533106515 -2.1849200815662955 -7
      vertex -22.107978863998103 -2.2410673432392594 -7
    endloop
  endfacet
  facet normal 0 0 -1
    outer loop
      vertex -25.067753733081233 -6.44578609178812 -7
      vertex -22.31910061026533 -2.123669837803803 -7
      vertex -22.214958533106515 -2.1849200815662955 -7
    endloop
  endfacet
  facet normal -0.43694451236936405 -0.899488461910601 9.748728188718241e-20
    outer loop
      vertex -25.87467956518223 -6.16650634596477 -7
      vertex -25.746245039005657 -6.228895986063556 -7
      vertex -25.746245039005657 -6.228895986063556 7
    endloop
  endfacet
  facet normal -0.4792489867200505 -0.8776789895672591 0
    outer loop
      vertex -26 -6.098076211353316 -7
      vertex -25.87467956518223 -6.16650634596477 -7
      vertex -26 -6.098076211353316 7
    endloop
  endfacet
  facet normal -0.5992776665113398 -0.8005412409243657 0
    outer loop
      vertex -26.240170728713593 -5.943727856151007 -7
      vertex -26.240170728713593 -5.943727856151007 7
      vertex -26.354476958661817 -5.858159284228362 -7
    endloop
  endfacet
  facet normal -0.5204678079730715 -0.8538812920211485 0
    outer loop
      vertex -26 -6.098076211353316 -7
      vertex -26 -6.098076211353316 7
      vertex -26.121922452366793 -6.023760598493544 -7
    endloop
  endfacet
  facet normal -0.5605076022408992 -0.8281492787113672 0
    outer loop
      vertex -26.240170728713593 -5.943727856151007 -7
      vertex -26.121922452366793 -6.023760598493544 -7
      vertex -26.240170728713593 -5.943727856151007 7
    endloop
  endfacet
  facet normal -0.6366901741190844 -0.7711197197453907 7.931323915016083e-20
    outer loop
      vertex -26.354476958661817 -5.858159284228362 -7
      vertex -26.464582201835857 -5.767248723062775 7
      vertex -26.464582201835857 -5.767248723062775 -7
    endloop
  endfacet
  facet normal -0.6726603737012578 -0.7399513643828791 0
    outer loop
      vertex -26.464582201835857 -5.767248723062775 -7
      vertex -26.464582201835857 -5.767248723062775 7
      vertex -26.570237034446336 -5.671202114315211 -7
    endloop
  endfacet
  facet normal -0.304486492269902 -0.952516653935862 0
    outer loop
      vertex -25.481203889952265 -6.3350024561440055 -7
      vertex -25.34519767052429 -6.3784789208434916 -7
      vertex -25.481203889952265 -6.3350024561440055 7
    endloop
  endfacet
  facet normal -0.34946417959909554 -0.9369497249997627 0
    outer loop
      vertex -25.481203889952265 -6.3350024561440055 -7
      vertex -25.481203889952265 -6.3350024561440055 7
      vertex -25.614987366980984 -6.285103799048218 -7
    endloop
  endfacet
  facet normal -0.2588190451025247 -0.9659258262890672 0
    outer loop
      vertex -25.20727680652828 -6.415434704970625 -7
      vertex -25.20727680652828 -6.415434704970625 7
      vertex -25.34519767052429 -6.3784789208434916 -7
    endloop
  endfacet
  facet normal -0.2125652895529804 -0.9771468659711587 0
    outer loop
      vertex -25.20727680652828 -6.415434704970625 -7
      vertex -25.067753733081233 -6.44578609178812 -7
      vertex -25.20727680652828 -6.415434704970625 7
    endloop
  endfacet
  facet normal -0.16583000525437153 -0.9861543537181869 0
    outer loop
      vertex -24.926944514819855 -6.469464325642798 -7
      vertex -24.926944514819855 -6.469464325642798 7
      vertex -25.067753733081233 -6.44578609178812 -7
    endloop
  endfacet
  facet normal -0.39365021816194656 -0.9192603035816634 2.0732026072832916e-19
    outer loop
      vertex -25.614987366980984 -6.285103799048218 -7
      vertex -25.746245039005657 -6.228895986063556 7
      vertex -25.746245039005657 -6.228895986063556 -7
    endloop
  endfacet
  facet normal -0.11871906265730309 -0.9929278846732886 0
    outer loop
      vertex -24.926944514819855 -6.469464325642798 -7
      vertex -24.78516812991255 -6.4864157677192535 -7
      vertex -24.926944514819855 -6.469464325642798 7
    endloop
  endfacet
  facet normal -0.07133918319923316 -0.9974521146102535 0
    outer loop
      vertex -24.78516812991255 -6.4864157677192535 -7
      vertex -24.642745747471228 -6.496602017549024 -7
      vertex -24.78516812991255 -6.4864157677192535 7
    endloop
  endfacet
  facet normal -0.02379769754610845 -0.9997167946931291 8.046328755233107e-21
    outer loop
      vertex -24.642745747471228 -6.496602017549024 -7
      vertex -24.5 -6.5 -7
      vertex -24.5 -6.5 7
    endloop
  endfacet
  facet normal -0.7399513643828878 -0.6726603737012482 3.130618655488232e-19
    outer loop
      vertex -26.67120211431521 -5.570237034446336 -7
      vertex -26.767248723062774 -5.464582201835855 7
      vertex -26.767248723062774 -5.464582201835855 -7
    endloop
  endfacet
  facet normal -0.7711197197453791 -0.6366901741190986 0
    outer loop
      vertex -26.767248723062774 -5.464582201835855 -7
      vertex -26.767248723062774 -5.464582201835855 7
      vertex -26.858159284228364 -5.354476958661816 -7
    endloop
  endfacet
  facet normal -0.7071067811865475 -0.7071067811865475 0
    outer loop
      vertex -26.67120211431521 -5.570237034446336 -7
      vertex -26.570237034446336 -5.671202114315211 -7
      vertex -26.67120211431521 -5.570237034446336 7
    endloop
  endfacet
  facet normal -0.800541240924365 -0.5992776665113408 3.400468748939285e-19
    outer loop
      vertex -26.858159284228364 -5.354476958661816 -7
      vertex -26.943727856151007 -5.240170728713595 7
      vertex -26.943727856151007 -5.240170728713595 -7
    endloop
  endfacet
  facet normal -0.8281492787113655 -0.560507602240902 0
    outer loop
      vertex -26.943727856151007 -5.240170728713595 -7
      vertex -26.943727856151007 -5.240170728713595 7
      vertex -27.023760598493546 -5.1219224523667926 -7
    endloop
  endfacet
  facet normal -0.853881292021154 -0.5204678079730625 0
    outer loop
      vertex -27.023760598493546 -5.1219224523667926 -7
      vertex -27.023760598493546 -5.1219224523667926 7
      vertex -27.098076211353316 -5 -7
    endloop
  endfacet
  facet normal -0.8776789895672562 -0.4792489867200557 3.885995733253373e-19
    outer loop
      vertex -27.098076211353316 -5 -7
      vertex -27.16650634596477 -4.874679565182232 7
      vertex -27.16650634596477 -4.874679565182232 -7
    endloop
  endfacet
  facet normal -0.899488461910601 -0.43694451236936405 0
    outer loop
      vertex -27.16650634596477 -4.874679565182232 -7
      vertex -27.16650634596477 -4.874679565182232 7
      vertex -27.228895986063556 -4.746245039005659 -7
    endloop
  endfacet
  facet normal -0.9369497249997681 -0.3494641795990812 0
    outer loop
      vertex -27.28510379904822 -4.614987366980983 -7
      vertex -27.28510379904822 -4.614987366980983 6.99
      vertex -27.335002456144004 -4.4812038899522655 -7
    endloop
  endfacet
  facet normal -0.919260303581664 -0.393650218161945 1.7348847290811544e-19
    outer loop
      vertex -27.228895986063556 -4.746245039005659 -7
      vertex -27.28510379904822 -4.614987366980983 6.99
      vertex -27.28510379904822 -4.614987366980983 -7
    endloop
  endfacet
  facet normal -0.9525166539358585 -0.30448649226991326 0
    outer loop
      vertex -27.335002456144004 -4.4812038899522655 -7
      vertex -27.335002456144004 -4.4812038899522655 7
      vertex -27.37847892084349 -4.345197670524289 -7
    endloop
  endfacet
  facet normal -0.9659258262890672 -0.2588190451025246 1.5882002257337538e-19
    outer loop
      vertex -27.37847892084349 -4.345197670524289 -7
      vertex -27.415434704970625 -4.207276806528281 6.99
      vertex -27.415434704970625 -4.207276806528281 -7
    endloop
  endfacet
  facet normal -0.977146865971157 -0.2125652895529884 0
    outer loop
      vertex -27.415434704970625 -4.207276806528281 -7
      vertex -27.415434704970625 -4.207276806528281 6.99
      vertex -27.445786091788122 -4.06775373308123 -7
    endloop
  endfacet
  facet normal -0.9861543537181905 -0.1658300052543514 0
    outer loop
      vertex -27.445786091788122 -4.06775373308123 -7
      vertex -27.445786091788122 -4.06775373308123 6.99
      vertex -27.469464325642797 -3.926944514819856 -7
    endloop
  endfacet
  facet normal -0.9929278846732863 -0.11871906265732074 9.995217634644362e-20
    outer loop
      vertex -27.469464325642797 -3.926944514819856 -7
      vertex -27.486415767719254 -3.785168129912549 7
      vertex -27.486415767719254 -3.785168129912549 -7
    endloop
  endfacet
  facet normal -0.9974521146102544 -0.0713391831992201 -1.7650892019356627e-20
    outer loop
      vertex -27.486415767719254 -3.785168129912549 -7
      vertex -27.496602017549023 -3.6427457474712264 6.99
      vertex -27.496602017549023 -3.6427457474712264 -7
    endloop
  endfacet
  facet normal -0.9997167946931289 -0.023797697546114886 0
    outer loop
      vertex -27.496602017549023 -3.6427457474712264 -7
      vertex -27.496602017549023 -3.6427457474712264 6.99
      vertex -27.5 -3.5 -7
    endloop
  endfacet
  facet normal 0 0 -1
    outer loop
      vertex -25.067753733081233 -6.44578609178812 -7
      vertex -23.022542485937368 -1.469463130731183 -7
      vertex -22.949185885158055 -1.5654629938457845 -7
    endloop
  endfacet
  facet normal 0 0 -1
    outer loop
      vertex -25.067753733081233 -6.44578609178812 -7
      vertex -23.09117534502557 -1.3700312683866747 -7
      vertex -23.022542485937368 -1.469463130731183 -7
    endloop
  endfacet
  facet normal 0 0 -1
    outer loop
      vertex -25.067753733081233 -6.44578609178812 -7
      vertex -22.949185885158055 -1.5654629938457845 -7
      vertex -22.871276870427753 -1.6578066456019882 -7
    endloop
  endfacet
  facet normal 0 0 -1
    outer loop
      vertex -25.067753733081233 -6.44578609178812 -7
      vertex -23.15492416720012 -1.2673996345339755 -7
      vertex -23.09117534502557 -1.3700312683866747 -7
    endloop
  endfacet
  facet normal 0 0 -1
    outer loop
      vertex -25.067753733081233 -6.44578609178812 -7
      vertex -23.213640064133024 -1.1618079301094208 -7
      vertex -23.15492416720012 -1.2673996345339755 -7
    endloop
  endfacet
  facet normal 0 0 -1
    outer loop
      vertex -25.067753733081233 -6.44578609178812 -7
      vertex -23.267185902126364 -1.053502769431323 -7
      vertex -23.213640064133024 -1.1618079301094208 -7
    endloop
  endfacet
  facet normal 0 0 -1
    outer loop
      vertex -25.067753733081233 -6.44578609178812 -7
      vertex -23.31543662239444 -0.9427371042208015 -7
      vertex -23.267185902126364 -1.053502769431323 -7
    endloop
  endfacet
  facet normal 0 0 -1
    outer loop
      vertex -25.067753733081233 -6.44578609178812 -7
      vertex -23.35827953314436 -0.8297696328213212 -7
      vertex -23.31543662239444 -0.9427371042208015 -7
    endloop
  endfacet
  facet normal 0 0 -1
    outer loop
      vertex -25.067753733081233 -6.44578609178812 -7
      vertex -23.395614572772914 -0.714864195996723 -7
      vertex -23.35827953314436 -0.8297696328213212 -7
    endloop
  endfacet
  facet normal 0 0 -1
    outer loop
      vertex -25.067753733081233 -6.44578609178812 -7
      vertex -23.42735454356513 -0.598289160718894 -7
      vertex -23.395614572772914 -0.714864195996723 -7
    endloop
  endfacet
  facet normal 0 0 -1
    outer loop
      vertex -25.067753733081233 -6.44578609178812 -7
      vertex -23.453425315348532 -0.4803167933842705 -7
      vertex -23.42735454356513 -0.598289160718894 -7
    endloop
  endfacet
  facet normal 0 0 -1
    outer loop
      vertex -25.067753733081233 -6.44578609178812 -7
      vertex -23.473765998627627 -0.3612226239230538 -7
      vertex -23.453425315348532 -0.4803167933842705 -7
    endloop
  endfacet
  facet normal 0 0 -1
    outer loop
      vertex -25.067753733081233 -6.44578609178812 -7
      vertex -23.48832908679412 -0.24128480228628815 -7
      vertex -23.473765998627627 -0.3612226239230538 -7
    endloop
  endfacet
  facet normal 0 0 -1
    outer loop
      vertex -25.067753733081233 -6.44578609178812 -7
      vertex -23.497080567080815 -0.12078344881376785 -7
      vertex -23.48832908679412 -0.24128480228628815 -7
    endloop
  endfacet
  facet normal 0 0 -1
    outer loop
      vertex -25.067753733081233 -6.44578609178812 -7
      vertex -23.5 0 -7
      vertex -23.497080567080815 -0.12078344881376785 -7
    endloop
  endfacet
  facet normal 0 0 -1
    outer loop
      vertex -25.067753733081233 -6.44578609178812 -7
      vertex -27.5 -3.5 -7
      vertex -25.34519767052429 6.3784789208434916 -7
    endloop
  endfacet
  facet normal 0 0 -1
    outer loop
      vertex -25.067753733081233 -6.44578609178812 -7
      vertex -25.34519767052429 6.3784789208434916 -7
      vertex -23.5 0 -7
    endloop
  endfacet
  facet normal 0 0 -1
    outer loop
      vertex -25.067753733081233 -6.44578609178812 -7
      vertex 24.642745747471228 -6.496602017549024 -7
      vertex -24.5 -6.5 -7
    endloop
  endfacet
  facet normal 0 0 -1
    outer loop
      vertex -25.067753733081233 -6.44578609178812 -7
      vertex -21.06040936309033 -2.499270035200482 -7
      vertex 27.5 -3.5 -7
    endloop
  endfacet
  facet normal 0 0 -1
    outer loop
      vertex 27.5 -3.5 -7
      vertex -21.06040936309033 -2.499270035200482 -7
      vertex -20.93959063690967 -2.499270035200482 -7
    endloop
  endfacet
  facet normal 0 0 -1
    outer loop
      vertex 27.5 -3.5 -7
      vertex -20.93959063690967 -2.499270035200482 -7
      vertex -20.818912999595597 -2.493432874228728 -7
    endloop
  endfacet
  facet normal 0 0 -1
    outer loop
      vertex 27.5 -3.5 -7
      vertex -20.818912999595597 -2.493432874228728 -7
      vertex -20.698658299361693 -2.481772185245135 -7
    endloop
  endfacet
  facet normal 0 0 -1
    outer loop
      vertex 27.5 -3.5 -7
      vertex -20.698658299361693 -2.481772185245135 -7
      vertex -20.579107396632406 -2.4643152023291273 -7
    endloop
  endfacet
  facet normal 0 0 -1
    outer loop
      vertex 27.5 -3.5 -7
      vertex -20.579107396632406 -2.4643152023291273 -7
      vertex -20.460539508080487 -2.4411026970731804 -7
    endloop
  endfacet
  facet normal 0 0 -1
    outer loop
      vertex 27.5 -3.5 -7
      vertex -20.460539508080487 -2.4411026970731804 -7
      vertex -20.343231554503532 -2.4121888833588785 -7
    endloop
  endfacet
  facet normal 0 0 -1
    outer loop
      vertex 27.5 -3.5 -7
      vertex -20.343231554503532 -2.4121888833588785 -7
      vertex -20.227457514062632 -2.3776412907378837 -7
    endloop
  endfacet
  facet normal 0 0 -1
    outer loop
      vertex 27.5 -3.5 -7
      vertex -20.227457514062632 -2.3776412907378837 -7
      vertex -20.113487782393662 -2.337540606713537 -7
    endloop
  endfacet
  facet normal 0 0 -1
    outer loop
      vertex 27.5 -3.5 -7
      vertex -20.113487782393662 -2.337540606713537 -7
      vertex -20.00158854108576 -2.291980488291456 -7
    endloop
  endfacet
  facet normal 0 0 -1
    outer loop
      vertex 27.5 -3.5 -7
      vertex -20.00158854108576 -2.291980488291456 -7
      vertex -19.892021136001897 -2.2410673432392594 -7
    endloop
  endfacet
  facet normal 0 0 -1
    outer loop
      vertex 27.5 -3.5 -7
      vertex -19.892021136001897 -2.2410673432392594 -7
      vertex -19.785041466893485 -2.1849200815662946 -7
    endloop
  endfacet
  facet normal 0 0 -1
    outer loop
      vertex 27.5 -3.5 -7
      vertex -19.785041466893485 -2.1849200815662946 -7
      vertex -19.680899389734666 -2.123669837803802 -7
    endloop
  endfacet
  facet normal 0 0 -1
    outer loop
      vertex 27.5 -3.5 -7
      vertex -19.680899389734666 -2.123669837803802 -7
      vertex -19.57983813317211 -2.0574596647341403 -7
    endloop
  endfacet
  facet normal 0 0 -1
    outer loop
      vertex 27.5 -3.5 -7
      vertex -19.57983813317211 -2.0574596647341403 -7
      vertex -19.482093730453222 -1.9864441992843864 -7
    endloop
  endfacet
  facet normal 0 0 -1
    outer loop
      vertex 27.5 -3.5 -7
      vertex -19.482093730453222 -1.9864441992843864 -7
      vertex -19.387894468159573 -1.9107893013646216 -7
    endloop
  endfacet
  facet normal 0 0 -1
    outer loop
      vertex 27.5 -3.5 -7
      vertex -19.387894468159573 -1.9107893013646216 -7
      vertex -19.297460353033006 -1.8306716664944345 -7
    endloop
  endfacet
  facet normal 0 0 -1
    outer loop
      vertex 27.5 -3.5 -7
      vertex -19.297460353033006 -1.8306716664944345 -7
      vertex -19.211002598139697 -1.746278413122343 -7
    endloop
  endfacet
  facet normal 0 0 -1
    outer loop
      vertex 27.5 -3.5 -7
      vertex -19.211002598139697 -1.746278413122343 -7
      vertex -19.128723129572247 -1.6578066456019882 -7
    endloop
  endfacet
  facet normal 0 0 -1
    outer loop
      vertex 27.5 -3.5 -7
      vertex -19.128723129572247 -1.6578066456019882 -7
      vertex -19.050814114841945 -1.5654629938457845 -7
    endloop
  endfacet
  facet normal 0 0 -1
    outer loop
      vertex 27.5 -3.5 -7
      vertex -19.050814114841945 -1.5654629938457845 -7
      vertex -18.977457514062632 -1.469463130731183 -7
    endloop
  endfacet
  facet normal 0 0 -1
    outer loop
      vertex 27.5 -3.5 -7
      vertex -18.977457514062632 -1.469463130731183 -7
      vertex -18.90882465497443 -1.3700312683866747 -7
    endloop
  endfacet
  facet normal 0 0 -1
    outer loop
      vertex 27.5 -3.5 -7
      vertex -18.90882465497443 -1.3700312683866747 -7
      vertex -18.84507583279988 -1.2673996345339755 -7
    endloop
  endfacet
  facet normal 0 0 -1
    outer loop
      vertex 27.5 -3.5 -7
      vertex -18.84507583279988 -1.2673996345339755 -7
      vertex -18.786359935866976 -1.1618079301094208 -7
    endloop
  endfacet
  facet normal 0 0 -1
    outer loop
      vertex 27.5 -3.5 -7
      vertex -18.786359935866976 -1.1618079301094208 -7
      vertex -18.732814097873636 -1.0535027694313222 -7
    endloop
  endfacet
  facet normal 0 0 -1
    outer loop
      vertex 27.5 -3.5 -7
      vertex -18.732814097873636 -1.0535027694313222 -7
      vertex -18.684563377605556 -0.9427371042208001 -7
    endloop
  endfacet
  facet normal 0 0 -1
    outer loop
      vertex 27.5 -3.5 -7
      vertex -18.684563377605556 -0.9427371042208001 -7
      vertex -18.64172046685564 -0.82976963282132 -7
    endloop
  endfacet
  facet normal 0 0 -1
    outer loop
      vertex 27.5 -3.5 -7
      vertex -18.64172046685564 -0.82976963282132 -7
      vertex -18.604385427227086 -0.7148641959967243 -7
    endloop
  endfacet
  facet normal 0 0 -1
    outer loop
      vertex 27.5 -3.5 -7
      vertex -18.90882465497443 1.370031268386675 -7
      vertex -18.977457514062632 1.469463130731183 -7
    endloop
  endfacet
  facet normal 0 0 -1
    outer loop
      vertex 27.5 -3.5 -7
      vertex -18.977457514062632 1.469463130731183 -7
      vertex -19.050814114841945 1.565462993845784 -7
    endloop
  endfacet
  facet normal 0 0 -1
    outer loop
      vertex 27.5 -3.5 -7
      vertex -19.050814114841945 1.565462993845784 -7
      vertex -19.128723129572247 1.657806645601988 -7
    endloop
  endfacet
  facet normal 0 0 -1
    outer loop
      vertex 27.5 -3.5 -7
      vertex -19.128723129572247 1.657806645601988 -7
      vertex -19.211002598139697 1.7462784131223423 -7
    endloop
  endfacet
  facet normal 0 0 -1
    outer loop
      vertex 27.5 -3.5 -7
      vertex -18.604385427227086 -0.7148641959967243 -7
      vertex -18.57264545643487 -0.5982891607188954 -7
    endloop
  endfacet
  facet normal 0 0 -1
    outer loop
      vertex 27.5 -3.5 -7
      vertex -18.57264545643487 -0.5982891607188954 -7
      vertex -18.546574684651468 -0.48031679338427163 -7
    endloop
  endfacet
  facet normal 0 0 -1
    outer loop
      vertex 27.5 -3.5 -7
      vertex -18.546574684651468 -0.48031679338427163 -7
      vertex -18.526234001372373 -0.3612226239230538 -7
    endloop
  endfacet
  facet normal 0 0 -1
    outer loop
      vertex 27.5 -3.5 -7
      vertex -18.526234001372373 -0.3612226239230538 -7
      vertex -18.51167091320588 -0.24128480228628815 -7
    endloop
  endfacet
  facet normal 0 0 -1
    outer loop
      vertex 27.5 -3.5 -7
      vertex -18.51167091320588 -0.24128480228628815 -7
      vertex -18.502919432919185 -0.12078344881376785 -7
    endloop
  endfacet
  facet normal 0 0 -1
    outer loop
      vertex 27.5 -3.5 -7
      vertex -18.502919432919185 -0.12078344881376785 -7
      vertex -18.5 0 -7
    endloop
  endfacet
  facet normal 0 0 -1
    outer loop
      vertex 27.5 -3.5 -7
      vertex -18.5 0 -7
      vertex -18.502919432919185 0.12078344881376767 -7
    endloop
  endfacet
  facet normal 0 0 -1
    outer loop
      vertex 27.5 -3.5 -7
      vertex -18.502919432919185 0.12078344881376767 -7
      vertex -18.51167091320588 0.24128480228628776 -7
    endloop
  endfacet
  facet normal 0 0 -1
    outer loop
      vertex 27.5 -3.5 -7
      vertex -18.51167091320588 0.24128480228628776 -7
      vertex -18.526234001372373 0.3612226239230534 -7
    endloop
  endfacet
  facet normal 0 0 -1
    outer loop
      vertex 27.5 -3.5 -7
      vertex -18.526234001372373 0.3612226239230534 -7
      vertex -18.546574684651468 0.4803167933842709 -7
    endloop
  endfacet
  facet normal 0 0 -1
    outer loop
      vertex 27.5 -3.5 -7
      vertex -18.57264545643487 0.5982891607188944 -7
      vertex -18.604385427227086 0.7148641959967232 -7
    endloop
  endfacet
  facet normal 0 0 -1
    outer loop
      vertex 27.5 -3.5 -7
      vertex -18.546574684651468 0.4803167933842709 -7
      vertex -18.57264545643487 0.5982891607188944 -7
    endloop
  endfacet
  facet normal 0 0 -1
    outer loop
      vertex 27.5 -3.5 -7
      vertex -18.604385427227086 0.7148641959967232 -7
      vertex -18.64172046685564 0.829769632821321 -7
    endloop
  endfacet
  facet normal 0 0 -1
    outer loop
      vertex 27.5 -3.5 -7
      vertex -18.64172046685564 0.829769632821321 -7
      vertex -18.68456337760556 0.942737104220801 -7
    endloop
  endfacet
  facet normal 0 0 -1
    outer loop
      vertex 27.5 -3.5 -7
      vertex -18.68456337760556 0.942737104220801 -7
      vertex -18.732814097873636 1.0535027694313228 -7
    endloop
  endfacet
  facet normal 0 0 -1
    outer loop
      vertex 27.5 -3.5 -7
      vertex -18.732814097873636 1.0535027694313228 -7
      vertex -18.786359935866976 1.1618079301094215 -7
    endloop
  endfacet
  facet normal 0 0 -1
    outer loop
      vertex 27.5 -3.5 -7
      vertex -18.786359935866976 1.1618079301094215 -7
      vertex -18.84507583279988 1.2673996345339757 -7
    endloop
  endfacet
  facet normal 0 0 -1
    outer loop
      vertex 27.5 -3.5 -7
      vertex -18.84507583279988 1.2673996345339757 -7
      vertex -18.90882465497443 1.370031268386675 -7
    endloop
  endfacet
  facet normal -0.43694451236936405 -0.899488461910601 0
    outer loop
      vertex -25.87467956518223 -6.16650634596477 -7
      vertex -25.746245039005657 -6.228895986063556 7
      vertex -25.87467956518223 -6.16650634596477 7
    endloop
  endfacet
  facet normal -0.4792489867200505 -0.8776789895672591 0
    outer loop
      vertex -25.87467956518223 -6.16650634596477 -7
      vertex -25.87467956518223 -6.16650634596477 7
      vertex -26 -6.098076211353316 7
    endloop
  endfacet
  facet normal -0.5204678079730715 -0.8538812920211485 0
    outer loop
      vertex -26.121922452366793 -6.023760598493544 -7
      vertex -26 -6.098076211353316 7
      vertex -26.121922452366793 -6.023760598493544 7
    endloop
  endfacet
  facet normal -0.5605076022408992 -0.8281492787113672 0
    outer loop
      vertex -26.121922452366793 -6.023760598493544 -7
      vertex -26.121922452366793 -6.023760598493544 7
      vertex -26.240170728713593 -5.943727856151007 7
    endloop
  endfacet
  facet normal -0.5992776665113398 -0.8005412409243657 0
    outer loop
      vertex -26.354476958661817 -5.858159284228362 -7
      vertex -26.240170728713593 -5.943727856151007 7
      vertex -26.354476958661817 -5.858159284228362 7
    endloop
  endfacet
  facet normal -0.6366901741190844 -0.7711197197453907 0
    outer loop
      vertex -26.354476958661817 -5.858159284228362 -7
      vertex -26.354476958661817 -5.858159284228362 7
      vertex -26.464582201835857 -5.767248723062775 7
    endloop
  endfacet
  facet normal -0.6726603737012578 -0.7399513643828791 0
    outer loop
      vertex -26.570237034446336 -5.671202114315211 -7
      vertex -26.464582201835857 -5.767248723062775 7
      vertex -26.570237034446336 -5.671202114315211 7
    endloop
  endfacet
  facet normal -0.34946417959909554 -0.9369497249997627 0
    outer loop
      vertex -25.614987366980984 -6.285103799048218 -7
      vertex -25.481203889952265 -6.3350024561440055 7
      vertex -25.614987366980984 -6.285103799048218 7
    endloop
  endfacet
  facet normal -0.304486492269902 -0.952516653935862 0
    outer loop
      vertex -25.34519767052429 -6.3784789208434916 -7
      vertex -25.34519767052429 -6.3784789208434916 7
      vertex -25.481203889952265 -6.3350024561440055 7
    endloop
  endfacet
  facet normal -0.16583000525437153 -0.9861543537181869 0
    outer loop
      vertex -25.067753733081233 -6.44578609178812 -7
      vertex -24.926944514819855 -6.469464325642798 7
      vertex -25.067753733081233 -6.44578609178812 7
    endloop
  endfacet
  facet normal -0.2125652895529804 -0.9771468659711587 0
    outer loop
      vertex -25.067753733081233 -6.44578609178812 -7
      vertex -25.067753733081233 -6.44578609178812 7
      vertex -25.20727680652828 -6.415434704970625 7
    endloop
  endfacet
  facet normal -0.2588190451025247 -0.9659258262890672 0
    outer loop
      vertex -25.34519767052429 -6.3784789208434916 -7
      vertex -25.20727680652828 -6.415434704970625 7
      vertex -25.34519767052429 -6.3784789208434916 7
    endloop
  endfacet
  facet normal -0.39365021816194656 -0.9192603035816634 0
    outer loop
      vertex -25.614987366980984 -6.285103799048218 -7
      vertex -25.614987366980984 -6.285103799048218 7
      vertex -25.746245039005657 -6.228895986063556 7
    endloop
  endfacet
  facet normal -0.11871906265730309 -0.9929278846732886 0
    outer loop
      vertex -24.78516812991255 -6.4864157677192535 -7
      vertex -24.78516812991255 -6.4864157677192535 7
      vertex -24.926944514819855 -6.469464325642798 7
    endloop
  endfacet
  facet normal -0.07133918319923316 -0.9974521146102535 0
    outer loop
      vertex -24.642745747471228 -6.496602017549024 -7
      vertex -24.642745747471228 -6.496602017549024 7
      vertex -24.78516812991255 -6.4864157677192535 7
    endloop
  endfacet
  facet normal -0.02379769754610845 -0.9997167946931291 0
    outer loop
      vertex -24.642745747471228 -6.496602017549024 -7
      vertex -24.5 -6.5 7
      vertex -24.642745747471228 -6.496602017549024 7
    endloop
  endfacet
  facet normal -0.7399513643828878 -0.6726603737012482 0
    outer loop
      vertex -26.67120211431521 -5.570237034446336 -7
      vertex -26.67120211431521 -5.570237034446336 7
      vertex -26.767248723062774 -5.464582201835855 7
    endloop
  endfacet
  facet normal -0.7711197197453791 -0.6366901741190986 0
    outer loop
      vertex -26.858159284228364 -5.354476958661816 -7
      vertex -26.767248723062774 -5.464582201835855 7
      vertex -26.858159284228364 -5.354476958661816 7
    endloop
  endfacet
  facet normal -0.800541240924365 -0.5992776665113408 0
    outer loop
      vertex -26.858159284228364 -5.354476958661816 -7
      vertex -26.858159284228364 -5.354476958661816 7
      vertex -26.943727856151007 -5.240170728713595 7
    endloop
  endfacet
  facet normal -0.7071067811865475 -0.7071067811865475 0
    outer loop
      vertex -26.570237034446336 -5.671202114315211 -7
      vertex -26.570237034446336 -5.671202114315211 7
      vertex -26.67120211431521 -5.570237034446336 7
    endloop
  endfacet
  facet normal -0.8281492787113655 -0.560507602240902 0
    outer loop
      vertex -27.023760598493546 -5.1219224523667926 -7
      vertex -26.943727856151007 -5.240170728713595 7
      vertex -27.023760598493546 -5.1219224523667926 7
    endloop
  endfacet
  facet normal -0.853881292021154 -0.5204678079730625 0
    outer loop
      vertex -27.098076211353316 -5 -7
      vertex -27.023760598493546 -5.1219224523667926 7
      vertex -27.098076211353316 -5 7
    endloop
  endfacet
  facet normal -0.8776789895672562 -0.4792489867200557 0
    outer loop
      vertex -27.098076211353316 -5 -7
      vertex -27.098076211353316 -5 7
      vertex -27.16650634596477 -4.874679565182232 7
    endloop
  endfacet
  facet normal -0.899488461910601 -0.43694451236936405 0
    outer loop
      vertex -27.228895986063556 -4.746245039005659 -7
      vertex -27.16650634596477 -4.874679565182232 7
      vertex -27.228895986063556 -4.746245039005659 7
    endloop
  endfacet
  facet normal -0.919260303581664 -0.39365021816194506 0
    outer loop
      vertex -27.228895986063556 -4.746245039005659 -7
      vertex -27.228895986063556 -4.746245039005659 7
      vertex -27.28510379904822 -4.614987366980983 6.99
    endloop
  endfacet
  facet normal -0.9369497249997681 -0.3494641795990812 0
    outer loop
      vertex -27.335002456144004 -4.4812038899522655 -7
      vertex -27.28510379904822 -4.614987366980983 6.99
      vertex -27.335002456144004 -4.4812038899522655 7
    endloop
  endfacet
  facet normal -0.9525166539358585 -0.30448649226991326 0
    outer loop
      vertex -27.37847892084349 -4.345197670524289 -7
      vertex -27.335002456144004 -4.4812038899522655 7
      vertex -27.37847892084349 -4.345197670524289 7
    endloop
  endfacet
  facet normal -0.9659258262890672 -0.2588190451025247 0
    outer loop
      vertex -27.37847892084349 -4.345197670524289 -7
      vertex -27.37847892084349 -4.345197670524289 7
      vertex -27.415434704970625 -4.207276806528281 7
    endloop
  endfacet
  facet normal -0.9659258262890634 -0.2588190451025385 2.2218921158015605e-16
    outer loop
      vertex -27.37847892084349 -4.345197670524289 -7
      vertex -27.415434704970625 -4.207276806528281 7
      vertex -27.415434704970625 -4.207276806528281 6.99
    endloop
  endfacet
  facet normal -0.977146865971157 -0.2125652895529884 0
    outer loop
      vertex -27.445786091788122 -4.06775373308123 -7
      vertex -27.415434704970625 -4.207276806528281 6.99
      vertex -27.445786091788122 -4.06775373308123 6.99
    endloop
  endfacet
  facet normal -0.9861543537181886 -0.1658300052543622 1.413267763718427e-16
    outer loop
      vertex -27.469464325642797 -3.926944514819856 -7
      vertex -27.445786091788122 -4.06775373308123 6.99
      vertex -27.445786091788122 -4.06775373308123 7
    endloop
  endfacet
  facet normal -0.9861543537181905 -0.1658300052543514 0
    outer loop
      vertex -27.469464325642797 -3.926944514819856 -7
      vertex -27.445786091788122 -4.06775373308123 7
      vertex -27.469464325642797 -3.926944514819856 7
    endloop
  endfacet
  facet normal -0.9929278846732863 -0.11871906265732074 0
    outer loop
      vertex -27.469464325642797 -3.926944514819856 -7
      vertex -27.469464325642797 -3.926944514819856 7
      vertex -27.486415767719254 -3.785168129912549 7
    endloop
  endfacet
  facet normal -0.9974521146102544 -0.07133918319922011 0
    outer loop
      vertex -27.486415767719254 -3.785168129912549 -7
      vertex -27.486415767719254 -3.785168129912549 7
      vertex -27.496602017549023 -3.6427457474712264 6.99
    endloop
  endfacet
  facet normal -0.9997167946931289 -0.023797697546114886 0
    outer loop
      vertex -27.5 -3.5 -7
      vertex -27.496602017549023 -3.6427457474712264 6.99
      vertex -27.5 -3.5 7
    endloop
  endfacet
  facet normal 0 0 1
    outer loop
      vertex -26 -6.098076211353316 7
      vertex -25.87467956518223 -6.16650634596477 7
      vertex -25.746245039005657 -6.228895986063556 7
    endloop
  endfacet
  facet normal 0 0 1
    outer loop
      vertex -26 -6.098076211353316 7
      vertex -26.240170728713593 -5.943727856151007 7
      vertex -26.121922452366793 -6.023760598493544 7
    endloop
  endfacet
  facet normal 0 0 1
    outer loop
      vertex -26 -6.098076211353316 7
      vertex -25.746245039005657 -6.228895986063556 7
      vertex -26.240170728713593 -5.943727856151007 7
    endloop
  endfacet
  facet normal 0 0 1
    outer loop
      vertex -26.240170728713593 -5.943727856151007 7
      vertex -26.464582201835857 -5.767248723062775 7
      vertex -26.354476958661817 -5.858159284228362 7
    endloop
  endfacet
  facet normal 0 0 1
    outer loop
      vertex -26.240170728713593 -5.943727856151007 7
      vertex -25.746245039005657 -6.228895986063556 7
      vertex -26.767248723062774 -5.464582201835855 7
    endloop
  endfacet
  facet normal 0 0 1
    outer loop
      vertex -26.240170728713593 -5.943727856151007 7
      vertex -26.767248723062774 -5.464582201835855 7
      vertex -26.464582201835857 -5.767248723062775 7
    endloop
  endfacet
  facet normal 0 0 1
    outer loop
      vertex -25.481203889952265 -6.3350024561440055 7
      vertex -25.20727680652828 -6.415434704970625 7
      vertex -25.746245039005657 -6.228895986063556 7
    endloop
  endfacet
  facet normal 0 0 1
    outer loop
      vertex -25.20727680652828 -6.415434704970625 7
      vertex -25.067753733081233 -6.44578609178812 7
      vertex -24.926944514819855 -6.469464325642798 7
    endloop
  endfacet
  facet normal 0 0 1
    outer loop
      vertex -25.481203889952265 -6.3350024561440055 7
      vertex -25.34519767052429 -6.3784789208434916 7
      vertex -25.20727680652828 -6.415434704970625 7
    endloop
  endfacet
  facet normal 0 0 1
    outer loop
      vertex -25.20727680652828 -6.415434704970625 7
      vertex -24.5 -6.5 7
      vertex -25.746245039005657 -6.228895986063556 7
    endloop
  endfacet
  facet normal 0 0 1
    outer loop
      vertex -25.481203889952265 -6.3350024561440055 7
      vertex -25.746245039005657 -6.228895986063556 7
      vertex -25.614987366980984 -6.285103799048218 7
    endloop
  endfacet
  facet normal 0 0 1
    outer loop
      vertex -25.20727680652828 -6.415434704970625 7
      vertex -24.926944514819855 -6.469464325642798 7
      vertex -24.5 -6.5 7
    endloop
  endfacet
  facet normal 0 0 1
    outer loop
      vertex -24.926944514819855 -6.469464325642798 7
      vertex -24.78516812991255 -6.4864157677192535 7
      vertex -24.5 -6.5 7
    endloop
  endfacet
  facet normal 0 0 1
    outer loop
      vertex -24.78516812991255 -6.4864157677192535 7
      vertex -24.642745747471228 -6.496602017549024 7
      vertex -24.5 -6.5 7
    endloop
  endfacet
  facet normal 0 0 1
    outer loop
      vertex -25.746245039005657 -6.228895986063556 7
      vertex -24.5 -6.5 7
      vertex -26.767248723062774 -5.464582201835855 7
    endloop
  endfacet
  facet normal 0 0 1
    outer loop
      vertex -26.767248723062774 -5.464582201835855 7
      vertex -26.943727856151007 -5.240170728713595 7
      vertex -26.858159284228364 -5.354476958661816 7
    endloop
  endfacet
  facet normal 0 0 1
    outer loop
      vertex -26.464582201835857 -5.767248723062775 7
      vertex -26.67120211431521 -5.570237034446336 7
      vertex -26.570237034446336 -5.671202114315211 7
    endloop
  endfacet
  facet normal 0 0 1
    outer loop
      vertex -26.464582201835857 -5.767248723062775 7
      vertex -26.767248723062774 -5.464582201835855 7
      vertex -26.67120211431521 -5.570237034446336 7
    endloop
  endfacet
  facet normal 0 0 1
    outer loop
      vertex -26.767248723062774 -5.464582201835855 7
      vertex -27.16650634596477 -4.874679565182232 7
      vertex -26.943727856151007 -5.240170728713595 7
    endloop
  endfacet
  facet normal 0 0 1
    outer loop
      vertex -26.943727856151007 -5.240170728713595 7
      vertex -27.16650634596477 -4.874679565182232 7
      vertex -27.023760598493546 -5.1219224523667926 7
    endloop
  endfacet
  facet normal 0 0 1
    outer loop
      vertex -27.023760598493546 -5.1219224523667926 7
      vertex -27.16650634596477 -4.874679565182232 7
      vertex -27.098076211353316 -5 7
    endloop
  endfacet
  facet normal 0 0 1
    outer loop
      vertex -27.16650634596477 -4.874679565182232 7
      vertex -27.335002456144004 -4.4812038899522655 7
      vertex -27.228895986063556 -4.746245039005659 7
    endloop
  endfacet
  facet normal 0 0 1
    outer loop
      vertex -26.767248723062774 -5.464582201835855 7
      vertex -27.486415767719254 -3.785168129912549 7
      vertex -27.16650634596477 -4.874679565182232 7
    endloop
  endfacet
  facet normal -0.9369497249997681 -0.3494641795990812 0
    outer loop
      vertex -27.28510379904822 -4.614987366980983 6.99
      vertex -27.28510379904822 -4.614987366980983 7
      vertex -27.335002456144004 -4.4812038899522655 7
    endloop
  endfacet
  facet normal -0.9192603035816641 -0.3936502181619451 2.427103735984587e-16
    outer loop
      vertex -27.228895986063556 -4.746245039005659 7
      vertex -27.28510379904822 -4.614987366980983 7
      vertex -27.28510379904822 -4.614987366980983 6.99
    endloop
  endfacet
  facet normal 0 0 1
    outer loop
      vertex -27.228895986063556 -4.746245039005659 7
      vertex -27.335002456144004 -4.4812038899522655 7
      vertex -27.28510379904822 -4.614987366980983 7
    endloop
  endfacet
  facet normal 0 0 1
    outer loop
      vertex -27.16650634596477 -4.874679565182232 7
      vertex -27.486415767719254 -3.785168129912549 7
      vertex -27.335002456144004 -4.4812038899522655 7
    endloop
  endfacet
  facet normal 0 0 1
    outer loop
      vertex -27.335002456144004 -4.4812038899522655 7
      vertex -27.415434704970625 -4.207276806528281 7
      vertex -27.37847892084349 -4.345197670524289 7
    endloop
  endfacet
  facet normal 0 0 1
    outer loop
      vertex -27.335002456144004 -4.4812038899522655 7
      vertex -27.486415767719254 -3.785168129912549 7
      vertex -27.415434704970625 -4.207276806528281 7
    endloop
  endfacet
  facet normal -0.977146865971157 -0.21256528955298837 0
    outer loop
      vertex -27.415434704970625 -4.207276806528281 6.99
      vertex -27.415434704970625 -4.207276806528281 7
      vertex -27.445786091788122 -4.06775373308123 6.99
    endloop
  endfacet
  facet normal -0.977146865971157 -0.21256528955298837 -1.752671682439159e-16
    outer loop
      vertex -27.415434704970625 -4.207276806528281 7
      vertex -27.445786091788122 -4.06775373308123 7
      vertex -27.445786091788122 -4.06775373308123 6.99
    endloop
  endfacet
  facet normal 0 0 1
    outer loop
      vertex -27.415434704970625 -4.207276806528281 7
      vertex -27.486415767719254 -3.785168129912549 7
      vertex -27.445786091788122 -4.06775373308123 7
    endloop
  endfacet
  facet normal 0 0 1
    outer loop
      vertex -27.445786091788122 -4.06775373308123 7
      vertex -27.486415767719254 -3.785168129912549 7
      vertex -27.469464325642797 -3.926944514819856 7
    endloop
  endfacet
  facet normal -0.9974521146102544 -0.07133918319922011 -2.469359793508045e-17
    outer loop
      vertex -27.486415767719254 -3.785168129912549 7
      vertex -27.496602017549023 -3.6427457474712264 7
      vertex -27.496602017549023 -3.6427457474712264 6.99
    endloop
  endfacet
  facet normal 0 0 1
    outer loop
      vertex -27.486415767719254 -3.785168129912549 7
      vertex -27.5 -3.5 7
      vertex -27.496602017549023 -3.6427457474712264 7
    endloop
  endfacet
  facet normal -0.9997167946931289 -0.023797697546114886 0
    outer loop
      vertex -27.496602017549023 -3.6427457474712264 6.99
      vertex -27.496602017549023 -3.6427457474712264 7
      vertex -27.5 -3.5 7
    endloop
  endfacet
  facet normal 0 0 1
    outer loop
      vertex -26.767248723062774 -5.464582201835855 7
      vertex -21.420892603367594 -2.4643152023291273 7
      vertex -21.539460491919513 -2.4411026970731804 7
    endloop
  endfacet
  facet normal 0 0 1
    outer loop
      vertex -26.767248723062774 -5.464582201835855 7
      vertex -22.214958533106515 -2.1849200815662955 7
      vertex -22.31910061026533 -2.123669837803803 7
    endloop
  endfacet
  facet normal 0 0 1
    outer loop
      vertex -26.767248723062774 -5.464582201835855 7
      vertex -22.107978863998103 -2.2410673432392594 7
      vertex -22.214958533106515 -2.1849200815662955 7
    endloop
  endfacet
  facet normal 0 0 1
    outer loop
      vertex -26.767248723062774 -5.464582201835855 7
      vertex -21.886512217606338 -2.337540606713537 7
      vertex -21.99841145891424 -2.291980488291456 7
    endloop
  endfacet
  facet normal 0 0 1
    outer loop
      vertex -26.767248723062774 -5.464582201835855 7
      vertex -21.772542485937368 -2.3776412907378837 7
      vertex -21.886512217606338 -2.337540606713537 7
    endloop
  endfacet
  facet normal 0 0 1
    outer loop
      vertex -26.767248723062774 -5.464582201835855 7
      vertex -21.539460491919513 -2.4411026970731804 7
      vertex -21.656768445496468 -2.4121888833588785 7
    endloop
  endfacet
  facet normal 0 0 1
    outer loop
      vertex -26.767248723062774 -5.464582201835855 7
      vertex -21.656768445496468 -2.4121888833588785 7
      vertex -21.772542485937368 -2.3776412907378837 7
    endloop
  endfacet
  facet normal 0 0 1
    outer loop
      vertex -26.767248723062774 -5.464582201835855 7
      vertex -21.99841145891424 -2.291980488291456 7
      vertex -22.107978863998103 -2.2410673432392594 7
    endloop
  endfacet
  facet normal 0 0 1
    outer loop
      vertex -26.767248723062774 -5.464582201835855 7
      vertex -21.301341700638307 -2.481772185245135 7
      vertex -21.420892603367594 -2.4643152023291273 7
    endloop
  endfacet
  facet normal 0 0 1
    outer loop
      vertex -26.767248723062774 -5.464582201835855 7
      vertex -21.181087000404403 -2.493432874228728 7
      vertex -21.301341700638307 -2.481772185245135 7
    endloop
  endfacet
  facet normal 0 0 1
    outer loop
      vertex -26.767248723062774 -5.464582201835855 7
      vertex -21.06040936309033 -2.499270035200482 7
      vertex -21.181087000404403 -2.493432874228728 7
    endloop
  endfacet
  facet normal 0 0 1
    outer loop
      vertex -26.767248723062774 -5.464582201835855 7
      vertex -20.93959063690967 -2.499270035200482 7
      vertex -21.06040936309033 -2.499270035200482 7
    endloop
  endfacet
  facet normal 0 0 1
    outer loop
      vertex -26.767248723062774 -5.464582201835855 7
      vertex -20.818912999595597 -2.493432874228728 7
      vertex -20.93959063690967 -2.499270035200482 7
    endloop
  endfacet
  facet normal 0 0 1
    outer loop
      vertex -26.767248723062774 -5.464582201835855 7
      vertex -20.698658299361693 -2.481772185245135 7
      vertex -20.818912999595597 -2.493432874228728 7
    endloop
  endfacet
  facet normal 0 0 1
    outer loop
      vertex -26.767248723062774 -5.464582201835855 7
      vertex -20.579107396632406 -2.4643152023291273 7
      vertex -20.698658299361693 -2.481772185245135 7
    endloop
  endfacet
  facet normal -1 0 0
    outer loop
      vertex -27.5 -3.5 -7
      vertex -27.5 -3.5 7
      vertex -27.5 3.5 7
    endloop
  endfacet
  facet normal 0 0 1
    outer loop
      vertex -26.767248723062774 -5.464582201835855 7
      vertex -22.702539646966994 -1.8306716664944334 7
      vertex -22.788997401860303 -1.746278413122343 7
    endloop
  endfacet
  facet normal 0 0 1
    outer loop
      vertex -26.767248723062774 -5.464582201835855 7
      vertex -22.788997401860303 -1.746278413122343 7
      vertex -22.871276870427753 -1.6578066456019882 7
    endloop
  endfacet
  facet normal 0 0 1
    outer loop
      vertex -26.767248723062774 -5.464582201835855 7
      vertex -22.871276870427753 -1.6578066456019882 7
      vertex -22.949185885158055 -1.5654629938457845 7
    endloop
  endfacet
  facet normal 0 0 1
    outer loop
      vertex -26.767248723062774 -5.464582201835855 7
      vertex -23.022542485937368 -1.469463130731183 7
      vertex -23.09117534502557 -1.3700312683866747 7
    endloop
  endfacet
  facet normal 0 0 1
    outer loop
      vertex -26.767248723062774 -5.464582201835855 7
      vertex -22.949185885158055 -1.5654629938457845 7
      vertex -23.022542485937368 -1.469463130731183 7
    endloop
  endfacet
  facet normal 0 0 1
    outer loop
      vertex -26.767248723062774 -5.464582201835855 7
      vertex -23.09117534502557 -1.3700312683866747 7
      vertex -23.15492416720012 -1.2673996345339755 7
    endloop
  endfacet
  facet normal 0 0 1
    outer loop
      vertex -26.767248723062774 -5.464582201835855 7
      vertex -23.15492416720012 -1.2673996345339755 7
      vertex -23.213640064133024 -1.1618079301094208 7
    endloop
  endfacet
  facet normal 0 0 1
    outer loop
      vertex -26.767248723062774 -5.464582201835855 7
      vertex -23.213640064133024 -1.1618079301094208 7
      vertex -23.267185902126364 -1.053502769431323 7
    endloop
  endfacet
  facet normal 0 0 1
    outer loop
      vertex -26.767248723062774 -5.464582201835855 7
      vertex -23.267185902126364 -1.053502769431323 7
      vertex -23.31543662239444 -0.9427371042208015 7
    endloop
  endfacet
  facet normal 0 0 1
    outer loop
      vertex -26.767248723062774 -5.464582201835855 7
      vertex -27.469464325642797 3.926944514819856 7
      vertex -27.486415767719254 -3.785168129912549 7
    endloop
  endfacet
  facet normal 0 0 1
    outer loop
      vertex -26.767248723062774 -5.464582201835855 7
      vertex -23.35827953314436 -0.8297696328213212 7
      vertex -23.395614572772914 -0.714864195996723 7
    endloop
  endfacet
  facet normal 0 0 1
    outer loop
      vertex -26.767248723062774 -5.464582201835855 7
      vertex -23.395614572772914 -0.714864195996723 7
      vertex -23.42735454356513 -0.598289160718894 7
    endloop
  endfacet
  facet normal 0 0 1
    outer loop
      vertex -26.767248723062774 -5.464582201835855 7
      vertex -23.31543662239444 -0.9427371042208015 7
      vertex -23.35827953314436 -0.8297696328213212 7
    endloop
  endfacet
  facet normal 0 0 1
    outer loop
      vertex -26.767248723062774 -5.464582201835855 7
      vertex -23.42735454356513 -0.598289160718894 7
      vertex -23.453425315348532 -0.4803167933842705 7
    endloop
  endfacet
  facet normal 0 0 1
    outer loop
      vertex -26.767248723062774 -5.464582201835855 7
      vertex -23.453425315348532 -0.4803167933842705 7
      vertex -23.473765998627627 -0.3612226239230538 7
    endloop
  endfacet
  facet normal 0 0 1
    outer loop
      vertex -26.767248723062774 -5.464582201835855 7
      vertex -23.473765998627627 -0.3612226239230538 7
      vertex -23.48832908679412 -0.24128480228628815 7
    endloop
  endfacet
  facet normal 0 0 1
    outer loop
      vertex -26.767248723062774 -5.464582201835855 7
      vertex -23.48832908679412 -0.24128480228628815 7
      vertex -23.497080567080815 -0.12078344881376785 7
    endloop
  endfacet
  facet normal 0 0 1
    outer loop
      vertex -26.767248723062774 -5.464582201835855 7
      vertex -23.497080567080815 -0.12078344881376785 7
      vertex -23.5 0 7
    endloop
  endfacet
  facet normal 0 0 1
    outer loop
      vertex -26.767248723062774 -5.464582201835855 7
      vertex -23.5 0 7
      vertex -23.497080567080815 0.12078344881376785 7
    endloop
  endfacet
  facet normal 0 0 1
    outer loop
      vertex -26.767248723062774 -5.464582201835855 7
      vertex -23.497080567080815 0.12078344881376785 7
      vertex -23.48832908679412 0.24128480228628815 7
    endloop
  endfacet
  facet normal 0 0 1
    outer loop
      vertex -26.767248723062774 -5.464582201835855 7
      vertex -22.42016186682789 -2.057459664734141 7
      vertex -22.517906269546778 -1.9864441992843855 7
    endloop
  endfacet
  facet normal 0 0 1
    outer loop
      vertex -26.767248723062774 -5.464582201835855 7
      vertex -22.31910061026533 -2.123669837803803 7
      vertex -22.42016186682789 -2.057459664734141 7
    endloop
  endfacet
  facet normal 0 0 1
    outer loop
      vertex -26.767248723062774 -5.464582201835855 7
      vertex -22.517906269546778 -1.9864441992843855 7
      vertex -22.612105531840427 -1.9107893013646207 7
    endloop
  endfacet
  facet normal 0 0 1
    outer loop
      vertex -26.767248723062774 -5.464582201835855 7
      vertex -22.612105531840427 -1.9107893013646207 7
      vertex -22.702539646966994 -1.8306716664944334 7
    endloop
  endfacet
  facet normal 0 0 1
    outer loop
      vertex -27.486415767719254 -3.785168129912549 7
      vertex -27.5 3.5 7
      vertex -27.5 -3.5 7
    endloop
  endfacet
  facet normal 0 0 1
    outer loop
      vertex -26.767248723062774 -5.464582201835855 7
      vertex -23.48832908679412 0.24128480228628815 7
      vertex -23.473765998627627 0.3612226239230538 7
    endloop
  endfacet
  facet normal 0 0 1
    outer loop
      vertex -26.767248723062774 -5.464582201835855 7
      vertex -23.473765998627627 0.3612226239230538 7
      vertex -23.453425315348532 0.4803167933842705 7
    endloop
  endfacet
  facet normal 0 0 1
    outer loop
      vertex -26.767248723062774 -5.464582201835855 7
      vertex -23.453425315348532 0.4803167933842705 7
      vertex -23.42735454356513 0.598289160718894 7
    endloop
  endfacet
  facet normal 0 0 1
    outer loop
      vertex -26.767248723062774 -5.464582201835855 7
      vertex -23.42735454356513 0.598289160718894 7
      vertex -23.395614572772914 0.714864195996723 7
    endloop
  endfacet
  facet normal 0 0 1
    outer loop
      vertex -26.767248723062774 -5.464582201835855 7
      vertex -23.395614572772914 0.714864195996723 7
      vertex -23.35827953314436 0.8297696328213212 7
    endloop
  endfacet
  facet normal 0 0 1
    outer loop
      vertex -26.767248723062774 -5.464582201835855 7
      vertex -23.35827953314436 0.8297696328213212 7
      vertex -23.31543662239444 0.9427371042208015 7
    endloop
  endfacet
  facet normal 0 0 1
    outer loop
      vertex -26.767248723062774 -5.464582201835855 7
      vertex -23.31543662239444 0.9427371042208015 7
      vertex -23.267185902126364 1.053502769431323 7
    endloop
  endfacet
  facet normal 0 -1 0
    outer loop
      vertex -24.5 -6.5 -7
      vertex 24.5 -6.5 7
      vertex -24.5 -6.5 7
    endloop
  endfacet
  facet normal 0 0 1
    outer loop
      vertex -24.5 -6.5 7
      vertex 25.20727680652828 -6.415434704970625 7
      vertex -26.767248723062774 -5.464582201835855 7
    endloop
  endfacet
  facet normal 0 0 1
    outer loop
      vertex -26.767248723062774 -5.464582201835855 7
      vertex 25.06775373308123 6.44578609178812 7
      vertex -20.579107396632406 -2.4643152023291273 7
    endloop
  endfacet
  facet normal 0 0 -1
    outer loop
      vertex -27.5 -3.5 -7
      vertex -27.5 3.5 -7
      vertex -27.445786091788122 4.06775373308123 -7
    endloop
  endfacet
  facet normal 0 0 -1
    outer loop
      vertex -27.5 -3.5 -7
      vertex -27.445786091788122 4.06775373308123 -7
      vertex -25.34519767052429 6.3784789208434916 -7
    endloop
  endfacet
  facet normal 0 0 -1
    outer loop
      vertex -25.34519767052429 6.3784789208434916 -7
      vertex -23.497080567080815 0.12078344881376785 -7
      vertex -23.5 0 -7
    endloop
  endfacet
  facet normal 0 0 -1
    outer loop
      vertex -25.34519767052429 6.3784789208434916 -7
      vertex -23.48832908679412 0.24128480228628815 -7
      vertex -23.497080567080815 0.12078344881376785 -7
    endloop
  endfacet
  facet normal 0 0 -1
    outer loop
      vertex -25.34519767052429 6.3784789208434916 -7
      vertex -23.473765998627627 0.3612226239230538 -7
      vertex -23.48832908679412 0.24128480228628815 -7
    endloop
  endfacet
  facet normal 0 0 -1
    outer loop
      vertex -25.34519767052429 6.3784789208434916 -7
      vertex -23.453425315348532 0.4803167933842705 -7
      vertex -23.473765998627627 0.3612226239230538 -7
    endloop
  endfacet
  facet normal 0 0 -1
    outer loop
      vertex -25.34519767052429 6.3784789208434916 -7
      vertex -23.42735454356513 0.598289160718894 -7
      vertex -23.453425315348532 0.4803167933842705 -7
    endloop
  endfacet
  facet normal 0 0 -1
    outer loop
      vertex -25.34519767052429 6.3784789208434916 -7
      vertex -23.395614572772914 0.714864195996723 -7
      vertex -23.42735454356513 0.598289160718894 -7
    endloop
  endfacet
  facet normal 0 0 -1
    outer loop
      vertex -25.34519767052429 6.3784789208434916 -7
      vertex -23.35827953314436 0.8297696328213212 -7
      vertex -23.395614572772914 0.714864195996723 -7
    endloop
  endfacet
  facet normal 0 0 -1
    outer loop
      vertex -25.34519767052429 6.3784789208434916 -7
      vertex -23.31543662239444 0.9427371042208015 -7
      vertex -23.35827953314436 0.8297696328213212 -7
    endloop
  endfacet
  facet normal 0 0 -1
    outer loop
      vertex -25.34519767052429 6.3784789208434916 -7
      vertex -23.267185902126364 1.053502769431323 -7
      vertex -23.31543662239444 0.9427371042208015 -7
    endloop
  endfacet
  facet normal 0 0 -1
    outer loop
      vertex -25.34519767052429 6.3784789208434916 -7
      vertex -23.213640064133024 1.1618079301094208 -7
      vertex -23.267185902126364 1.053502769431323 -7
    endloop
  endfacet
  facet normal 0 0 -1
    outer loop
      vertex -25.34519767052429 6.3784789208434916 -7
      vertex -23.15492416720012 1.2673996345339755 -7
      vertex -23.213640064133024 1.1618079301094208 -7
    endloop
  endfacet
  facet normal 0 0 -1
    outer loop
      vertex -25.34519767052429 6.3784789208434916 -7
      vertex -23.09117534502557 1.3700312683866747 -7
      vertex -23.15492416720012 1.2673996345339755 -7
    endloop
  endfacet
  facet normal 0 0 -1
    outer loop
      vertex -25.34519767052429 6.3784789208434916 -7
      vertex -23.022542485937368 1.469463130731183 -7
      vertex -23.09117534502557 1.3700312683866747 -7
    endloop
  endfacet
  facet normal 0 0 -1
    outer loop
      vertex -25.34519767052429 6.3784789208434916 -7
      vertex -22.949185885158055 1.5654629938457845 -7
      vertex -23.022542485937368 1.469463130731183 -7
    endloop
  endfacet
  facet normal 0 0 -1
    outer loop
      vertex -25.34519767052429 6.3784789208434916 -7
      vertex -22.871276870427753 1.6578066456019882 -7
      vertex -22.949185885158055 1.5654629938457845 -7
    endloop
  endfacet
  facet normal -1 0 0
    outer loop
      vertex -27.5 -3.5 -7
      vertex -27.5 3.5 7
      vertex -27.5 3.5 -7
    endloop
  endfacet
  facet normal 0 0 -1
    outer loop
      vertex -27.5 3.5 -7
      vertex -27.496602017549023 3.6427457474712264 -7
      vertex -27.445786091788122 4.06775373308123 -7
    endloop
  endfacet
  facet normal 0 0 -1
    outer loop
      vertex -27.496602017549023 3.6427457474712264 -7
      vertex -27.486415767719254 3.785168129912549 -7
      vertex -27.445786091788122 4.06775373308123 -7
    endloop
  endfacet
  facet normal 0 0 -1
    outer loop
      vertex -27.486415767719254 3.785168129912549 -7
      vertex -27.469464325642797 3.926944514819856 -7
      vertex -27.445786091788122 4.06775373308123 -7
    endloop
  endfacet
  facet normal 0 0 -1
    outer loop
      vertex -27.445786091788122 4.06775373308123 -7
      vertex -27.415434704970625 4.207276806528281 -7
      vertex -27.37847892084349 4.345197670524289 -7
    endloop
  endfacet
  facet normal 0 0 -1
    outer loop
      vertex -27.445786091788122 4.06775373308123 -7
      vertex -27.37847892084349 4.345197670524289 -7
      vertex -27.228895986063556 4.746245039005659 -7
    endloop
  endfacet
  facet normal 0 0 -1
    outer loop
      vertex -27.37847892084349 4.345197670524289 -7
      vertex -27.335002456144004 4.4812038899522655 -7
      vertex -27.228895986063556 4.746245039005659 -7
    endloop
  endfacet
  facet normal 0 0 -1
    outer loop
      vertex -27.335002456144004 4.4812038899522655 -7
      vertex -27.28510379904822 4.614987366980983 -7
      vertex -27.228895986063556 4.746245039005659 -7
    endloop
  endfacet
  facet normal 0 0 -1
    outer loop
      vertex -27.445786091788122 4.06775373308123 -7
      vertex -27.228895986063556 4.746245039005659 -7
      vertex -26.767248723062774 5.464582201835855 -7
    endloop
  endfacet
  facet normal 0 0 -1
    outer loop
      vertex -25.34519767052429 6.3784789208434916 -7
      vertex -22.788997401860303 1.746278413122343 -7
      vertex -22.871276870427753 1.6578066456019882 -7
    endloop
  endfacet
  facet normal 0 0 -1
    outer loop
      vertex -25.34519767052429 6.3784789208434916 -7
      vertex -22.702539646966994 1.8306716664944334 -7
      vertex -22.788997401860303 1.746278413122343 -7
    endloop
  endfacet
  facet normal 0 0 -1
    outer loop
      vertex -25.34519767052429 6.3784789208434916 -7
      vertex -22.612105531840427 1.9107893013646207 -7
      vertex -22.702539646966994 1.8306716664944334 -7
    endloop
  endfacet
  facet normal 0 0 -1
    outer loop
      vertex -25.34519767052429 6.3784789208434916 -7
      vertex -22.517906269546778 1.9864441992843855 -7
      vertex -22.612105531840427 1.9107893013646207 -7
    endloop
  endfacet
  facet normal 0 0 -1
    outer loop
      vertex -25.34519767052429 6.3784789208434916 -7
      vertex -22.42016186682789 2.057459664734141 -7
      vertex -22.517906269546778 1.9864441992843855 -7
    endloop
  endfacet
  facet normal 0 0 -1
    outer loop
      vertex -25.34519767052429 6.3784789208434916 -7
      vertex -22.31910061026533 2.123669837803803 -7
      vertex -22.42016186682789 2.057459664734141 -7
    endloop
  endfacet
  facet normal 0 0 -1
    outer loop
      vertex -25.34519767052429 6.3784789208434916 -7
      vertex -22.214958533106515 2.1849200815662946 -7
      vertex -22.31910061026533 2.123669837803803 -7
    endloop
  endfacet
  facet normal 0 0 -1
    outer loop
      vertex -25.34519767052429 6.3784789208434916 -7
      vertex -22.107978863998103 2.2410673432392594 -7
      vertex -22.214958533106515 2.1849200815662946 -7
    endloop
  endfacet
  facet normal 0 0 -1
    outer loop
      vertex -25.34519767052429 6.3784789208434916 -7
      vertex -21.998411458914237 2.291980488291456 -7
      vertex -22.107978863998103 2.2410673432392594 -7
    endloop
  endfacet
  facet normal 0 0 -1
    outer loop
      vertex -25.34519767052429 6.3784789208434916 -7
      vertex -21.886512217606338 2.337540606713537 -7
      vertex -21.998411458914237 2.291980488291456 -7
    endloop
  endfacet
  facet normal 0 0 -1
    outer loop
      vertex -25.34519767052429 6.3784789208434916 -7
      vertex -21.772542485937368 2.3776412907378837 -7
      vertex -21.886512217606338 2.337540606713537 -7
    endloop
  endfacet
  facet normal 0 0 -1
    outer loop
      vertex -25.34519767052429 6.3784789208434916 -7
      vertex -21.656768445496468 2.4121888833588785 -7
      vertex -21.772542485937368 2.3776412907378837 -7
    endloop
  endfacet
  facet normal 0 0 -1
    outer loop
      vertex -25.34519767052429 6.3784789208434916 -7
      vertex -21.539460491919517 2.4411026970731804 -7
      vertex -21.656768445496468 2.4121888833588785 -7
    endloop
  endfacet
  facet normal 0 0 -1
    outer loop
      vertex -25.34519767052429 6.3784789208434916 -7
      vertex -21.420892603367598 2.4643152023291273 -7
      vertex -21.539460491919517 2.4411026970731804 -7
    endloop
  endfacet
  facet normal 0 0 -1
    outer loop
      vertex -25.34519767052429 6.3784789208434916 -7
      vertex -21.301341700638307 2.481772185245135 -7
      vertex -21.420892603367598 2.4643152023291273 -7
    endloop
  endfacet
  facet normal 0 0 -1
    outer loop
      vertex -25.34519767052429 6.3784789208434916 -7
      vertex -21.181087000404407 2.493432874228728 -7
      vertex -21.301341700638307 2.481772185245135 -7
    endloop
  endfacet
  facet normal 0 0 -1
    outer loop
      vertex -25.34519767052429 6.3784789208434916 -7
      vertex -21.06040936309033 2.499270035200482 -7
      vertex -21.181087000404407 2.493432874228728 -7
    endloop
  endfacet
  facet normal 0 0 -1
    outer loop
      vertex -25.34519767052429 6.3784789208434916 -7
      vertex -20.93959063690967 2.499270035200482 -7
      vertex -21.06040936309033 2.499270035200482 -7
    endloop
  endfacet
  facet normal 0 0 -1
    outer loop
      vertex -25.34519767052429 6.3784789208434916 -7
      vertex -20.818912999595593 2.493432874228728 -7
      vertex -20.93959063690967 2.499270035200482 -7
    endloop
  endfacet
  facet normal 0 0 -1
    outer loop
      vertex -25.34519767052429 6.3784789208434916 -7
      vertex -20.698658299361693 2.481772185245135 -7
      vertex -20.818912999595593 2.493432874228728 -7
    endloop
  endfacet
  facet normal 0 0 -1
    outer loop
      vertex -27.228895986063556 4.746245039005659 -7
      vertex -27.16650634596477 4.874679565182232 -7
      vertex -27.023760598493546 5.1219224523667926 -7
    endloop
  endfacet
  facet normal 0 0 -1
    outer loop
      vertex -27.16650634596477 4.874679565182232 -7
      vertex -27.098076211353316 5 -7
      vertex -27.023760598493546 5.1219224523667926 -7
    endloop
  endfacet
  facet normal 0 0 -1
    outer loop
      vertex -27.228895986063556 4.746245039005659 -7
      vertex -27.023760598493546 5.1219224523667926 -7
      vertex -26.767248723062774 5.464582201835855 -7
    endloop
  endfacet
  facet normal 0 0 -1
    outer loop
      vertex -27.023760598493546 5.1219224523667926 -7
      vertex -26.943727856151007 5.240170728713595 -7
      vertex -26.767248723062774 5.464582201835855 -7
    endloop
  endfacet
  facet normal 0 0 -1
    outer loop
      vertex -26.943727856151007 5.240170728713595 -7
      vertex -26.858159284228364 5.354476958661816 -7
      vertex -26.767248723062774 5.464582201835855 -7
    endloop
  endfacet
  facet normal 0 0 -1
    outer loop
      vertex -26.767248723062774 5.464582201835855 -7
      vertex -26.67120211431521 5.570237034446336 -7
      vertex -26.570237034446336 5.671202114315211 -7
    endloop
  endfacet
  facet normal 0 0 -1
    outer loop
      vertex -27.445786091788122 4.06775373308123 -7
      vertex -26.767248723062774 5.464582201835855 -7
      vertex -25.34519767052429 6.3784789208434916 -7
    endloop
  endfacet
  facet normal 0 0 -1
    outer loop
      vertex -26.767248723062774 5.464582201835855 -7
      vertex -26.570237034446336 5.671202114315211 -7
      vertex -26.464582201835857 5.767248723062775 -7
    endloop
  endfacet
  facet normal 0 0 -1
    outer loop
      vertex -26.767248723062774 5.464582201835855 -7
      vertex -26.464582201835857 5.767248723062775 -7
      vertex -26.121922452366793 6.023760598493544 -7
    endloop
  endfacet
  facet normal 0 0 -1
    outer loop
      vertex -26.464582201835857 5.767248723062775 -7
      vertex -26.354476958661817 5.858159284228362 -7
      vertex -26.121922452366793 6.023760598493544 -7
    endloop
  endfacet
  facet normal 0 0 -1
    outer loop
      vertex -26.354476958661817 5.858159284228362 -7
      vertex -26.240170728713593 5.943727856151007 -7
      vertex -26.121922452366793 6.023760598493544 -7
    endloop
  endfacet
  facet normal 0 0 -1
    outer loop
      vertex -26.767248723062774 5.464582201835855 -7
      vertex -26.121922452366793 6.023760598493544 -7
      vertex -25.34519767052429 6.3784789208434916 -7
    endloop
  endfacet
  facet normal 0 0 -1
    outer loop
      vertex -26.121922452366793 6.023760598493544 -7
      vertex -26 6.098076211353316 -7
      vertex -25.746245039005657 6.228895986063555 -7
    endloop
  endfacet
  facet normal 0 0 -1
    outer loop
      vertex -26 6.098076211353316 -7
      vertex -25.87467956518223 6.166506345964771 -7
      vertex -25.746245039005657 6.228895986063555 -7
    endloop
  endfacet
  facet normal 0 0 -1
    outer loop
      vertex -26.121922452366793 6.023760598493544 -7
      vertex -25.746245039005657 6.228895986063555 -7
      vertex -25.34519767052429 6.3784789208434916 -7
    endloop
  endfacet
  facet normal 0 0 -1
    outer loop
      vertex -25.746245039005657 6.228895986063555 -7
      vertex -25.614987366980984 6.285103799048218 -7
      vertex -25.34519767052429 6.3784789208434916 -7
    endloop
  endfacet
  facet normal -0.34946417959909554 0.9369497249997628 -2.6366490461522686e-16
    outer loop
      vertex -25.614987366980984 6.285103799048218 -7
      vertex -25.481203889952265 6.3350024561440055 -6.99
      vertex -25.481203889952265 6.3350024561440055 -7
    endloop
  endfacet
  facet normal 0 0 -1
    outer loop
      vertex -25.614987366980984 6.285103799048218 -7
      vertex -25.481203889952265 6.3350024561440055 -7
      vertex -25.34519767052429 6.3784789208434916 -7
    endloop
  endfacet
  facet normal -0.304486492269902 0.9525166539358622 0
    outer loop
      vertex -25.481203889952265 6.3350024561440055 -7
      vertex -25.481203889952265 6.3350024561440055 -6.99
      vertex -25.34519767052429 6.3784789208434916 -7
    endloop
  endfacet
  facet normal 0 0 -1
    outer loop
      vertex -25.34519767052429 6.3784789208434916 -7
      vertex -25.20727680652828 6.415434704970625 -7
      vertex -24.926944514819855 6.469464325642798 -7
    endloop
  endfacet
  facet normal 0 0 -1
    outer loop
      vertex -25.20727680652828 6.415434704970625 -7
      vertex -25.06775373308123 6.44578609178812 -7
      vertex -24.926944514819855 6.469464325642798 -7
    endloop
  endfacet
  facet normal 0 0 -1
    outer loop
      vertex -25.34519767052429 6.3784789208434916 -7
      vertex -24.926944514819855 6.469464325642798 -7
      vertex -24.5 6.5 -7
    endloop
  endfacet
  facet normal 0 0 -1
    outer loop
      vertex -24.926944514819855 6.469464325642798 -7
      vertex -24.78516812991255 6.4864157677192535 -7
      vertex -24.5 6.5 -7
    endloop
  endfacet
  facet normal 0 0 -1
    outer loop
      vertex -24.78516812991255 6.4864157677192535 -7
      vertex -24.642745747471228 6.496602017549024 -7
      vertex -24.5 6.5 -7
    endloop
  endfacet
  facet normal -0.9997167946931289 0.023797697546114886 0
    outer loop
      vertex -27.5 3.5 -7
      vertex -27.5 3.5 7
      vertex -27.496602017549023 3.6427457474712264 -7
    endloop
  endfacet
  facet normal -0.9974521146102544 0.07133918319922011 1.7638284239342803e-20
    outer loop
      vertex -27.496602017549023 3.6427457474712264 -7
      vertex -27.486415767719254 3.785168129912549 7
      vertex -27.486415767719254 3.785168129912549 -7
    endloop
  endfacet
  facet normal -0.9929278846732863 0.11871906265732074 -9.995217634644362e-20
    outer loop
      vertex -27.486415767719254 3.785168129912549 -7
      vertex -27.469464325642797 3.926944514819856 7
      vertex -27.469464325642797 3.926944514819856 -7
    endloop
  endfacet
  facet normal -0.9861543537181905 0.1658300052543514 0
    outer loop
      vertex -27.469464325642797 3.926944514819856 -7
      vertex -27.469464325642797 3.926944514819856 7
      vertex -27.445786091788122 4.06775373308123 -7
    endloop
  endfacet
  facet normal -0.977146865971157 0.2125652895529884 1.2528032040308232e-19
    outer loop
      vertex -27.445786091788122 4.06775373308123 -7
      vertex -27.415434704970625 4.207276806528281 6.99
      vertex -27.415434704970625 4.207276806528281 -7
    endloop
  endfacet
  facet normal -0.9659258262890672 0.2588190451025246 0
    outer loop
      vertex -27.415434704970625 4.207276806528281 -7
      vertex -27.415434704970625 4.207276806528281 6.99
      vertex -27.37847892084349 4.345197670524289 -7
    endloop
  endfacet
  facet normal -0.9525166539358585 0.30448649226991326 1.576275225532094e-19
    outer loop
      vertex -27.37847892084349 4.345197670524289 -7
      vertex -27.335002456144004 4.4812038899522655 7
      vertex -27.335002456144004 4.4812038899522655 -7
    endloop
  endfacet
  facet normal -0.9369497249997681 0.3494641795990812 2.1140873703307774e-19
    outer loop
      vertex -27.335002456144004 4.4812038899522655 -7
      vertex -27.28510379904822 4.614987366980983 6.99
      vertex -27.28510379904822 4.614987366980983 -7
    endloop
  endfacet
  facet normal -0.919260303581664 0.393650218161945 0
    outer loop
      vertex -27.28510379904822 4.614987366980983 -7
      vertex -27.28510379904822 4.614987366980983 6.99
      vertex -27.228895986063556 4.746245039005659 -7
    endloop
  endfacet
  facet normal -0.899488461910601 0.43694451236936405 -9.755696543392092e-20
    outer loop
      vertex -27.228895986063556 4.746245039005659 -7
      vertex -27.16650634596477 4.874679565182232 6.99
      vertex -27.16650634596477 4.874679565182232 -7
    endloop
  endfacet
  facet normal -0.8776789895672562 0.4792489867200557 -3.885995733253373e-19
    outer loop
      vertex -27.16650634596477 4.874679565182232 -7
      vertex -27.098076211353316 5 7
      vertex -27.098076211353316 5 -7
    endloop
  endfacet
  facet normal -0.853881292021154 0.5204678079730625 0
    outer loop
      vertex -27.098076211353316 5 -7
      vertex -27.098076211353316 5 7
      vertex -27.023760598493546 5.1219224523667926 -7
    endloop
  endfacet
  facet normal -0.8281492787113655 0.560507602240902 -1.760329159167993e-19
    outer loop
      vertex -27.023760598493546 5.1219224523667926 -7
      vertex -26.943727856151007 5.240170728713595 6.99
      vertex -26.943727856151007 5.240170728713595 -7
    endloop
  endfacet
  facet normal -0.800541240924365 0.5992776665113408 -3.4028993913616857e-19
    outer loop
      vertex -26.943727856151007 5.240170728713595 -7
      vertex -26.858159284228364 5.354476958661816 6.99
      vertex -26.858159284228364 5.354476958661816 -7
    endloop
  endfacet
  facet normal -0.7711197197453791 0.6366901741190986 0
    outer loop
      vertex -26.858159284228364 5.354476958661816 -7
      vertex -26.858159284228364 5.354476958661816 6.99
      vertex -26.767248723062774 5.464582201835855 -7
    endloop
  endfacet
  facet normal -0.7399513643828878 0.6726603737012482 -3.132856410066851e-19
    outer loop
      vertex -26.767248723062774 5.464582201835855 -7
      vertex -26.67120211431521 5.570237034446336 6.99
      vertex -26.67120211431521 5.570237034446336 -7
    endloop
  endfacet
  facet normal -0.7071067811865475 0.7071067811865475 0
    outer loop
      vertex -26.67120211431521 5.570237034446336 -7
      vertex -26.67120211431521 5.570237034446336 6.99
      vertex -26.570237034446336 5.671202114315211 -7
    endloop
  endfacet
  facet normal -0.6726603737012578 0.7399513643828791 3.321827947899233e-19
    outer loop
      vertex -26.570237034446336 5.671202114315211 -7
      vertex -26.464582201835857 5.767248723062775 7
      vertex -26.464582201835857 5.767248723062775 -7
    endloop
  endfacet
  facet normal -0.6366901741190844 0.7711197197453908 -7.936993195870276e-20
    outer loop
      vertex -26.464582201835857 5.767248723062775 -7
      vertex -26.354476958661817 5.858159284228362 6.99
      vertex -26.354476958661817 5.858159284228362 -7
    endloop
  endfacet
  facet normal -0.5992776665113398 0.8005412409243656 7.907189009043389e-20
    outer loop
      vertex -26.354476958661817 5.858159284228362 -7
      vertex -26.240170728713593 5.943727856151007 6.99
      vertex -26.240170728713593 5.943727856151007 -7
    endloop
  endfacet
  facet normal -0.5605076022408992 0.8281492787113673 0
    outer loop
      vertex -26.240170728713593 5.943727856151007 -7
      vertex -26.240170728713593 5.943727856151007 6.99
      vertex -26.121922452366793 6.023760598493544 -7
    endloop
  endfacet
  facet normal -0.5204678079730715 0.8538812920211485 0
    outer loop
      vertex -26.121922452366793 6.023760598493544 -7
      vertex -26.121922452366793 6.023760598493544 7
      vertex -26 6.098076211353316 -7
    endloop
  endfacet
  facet normal -0.4792489867200553 0.8776789895672564 0
    outer loop
      vertex -26 6.098076211353316 -7
      vertex -26 6.098076211353316 7
      vertex -25.87467956518223 6.166506345964771 -7
    endloop
  endfacet
  facet normal -0.436944512369354 0.8994884619106058 0
    outer loop
      vertex -25.87467956518223 6.166506345964771 -7
      vertex -25.87467956518223 6.166506345964771 7
      vertex -25.746245039005657 6.228895986063555 -7
    endloop
  endfacet
  facet normal -0.39365021816195184 0.9192603035816611 0
    outer loop
      vertex -25.746245039005657 6.228895986063555 -7
      vertex -25.746245039005657 6.228895986063555 7
      vertex -25.614987366980984 6.285103799048218 -7
    endloop
  endfacet
  facet normal -0.34946417959909554 0.9369497249997627 0
    outer loop
      vertex -25.614987366980984 6.285103799048218 -7
      vertex -25.614987366980984 6.285103799048218 7
      vertex -25.481203889952265 6.3350024561440055 -6.99
    endloop
  endfacet
  facet normal -0.304486492269902 0.9525166539358622 0
    outer loop
      vertex -25.481203889952265 6.3350024561440055 -6.99
      vertex -25.481203889952265 6.3350024561440055 7
      vertex -25.34519767052429 6.3784789208434916 -7
    endloop
  endfacet
  facet normal -0.2588190451025247 0.9659258262890672 -1.587065797001087e-19
    outer loop
      vertex -25.34519767052429 6.3784789208434916 -7
      vertex -25.20727680652828 6.415434704970625 7
      vertex -25.20727680652828 6.415434704970625 -7
    endloop
  endfacet
  facet normal -0.21256528955297524 0.9771468659711599 0
    outer loop
      vertex -25.20727680652828 6.415434704970625 -7
      vertex -25.20727680652828 6.415434704970625 7
      vertex -25.06775373308123 6.44578609178812 -7
    endloop
  endfacet
  facet normal -0.16583000525437558 0.9861543537181863 9.504098374388866e-21
    outer loop
      vertex -25.06775373308123 6.44578609178812 -7
      vertex -24.926944514819855 6.469464325642798 7
      vertex -24.926944514819855 6.469464325642798 -7
    endloop
  endfacet
  facet normal -0.11871906265730309 0.9929278846732886 0
    outer loop
      vertex -24.926944514819855 6.469464325642798 -7
      vertex -24.926944514819855 6.469464325642798 7
      vertex -24.78516812991255 6.4864157677192535 -7
    endloop
  endfacet
  facet normal -0.07133918319923316 0.9974521146102535 0
    outer loop
      vertex -24.78516812991255 6.4864157677192535 -7
      vertex -24.78516812991255 6.4864157677192535 7
      vertex -24.642745747471228 6.496602017549024 -7
    endloop
  endfacet
  facet normal -0.02379769754610845 0.9997167946931291 -8.046328755233107e-21
    outer loop
      vertex -24.642745747471228 6.496602017549024 -7
      vertex -24.5 6.5 7
      vertex -24.5 6.5 -7
    endloop
  endfacet
  facet normal 0 0 -1
    outer loop
      vertex 19.57983813317211 -2.057459664734141 -7
      vertex -20.227457514062632 2.3776412907378837 -7
      vertex -20.343231554503532 2.4121888833588785 -7
    endloop
  endfacet
  facet normal 0 0 -1
    outer loop
      vertex 19.57983813317211 -2.057459664734141 -7
      vertex -20.113487782393662 2.337540606713537 -7
      vertex -20.227457514062632 2.3776412907378837 -7
    endloop
  endfacet
  facet normal 0 0 -1
    outer loop
      vertex 19.57983813317211 -2.057459664734141 -7
      vertex -20.579107396632402 2.4643152023291273 -7
      vertex -20.698658299361693 2.481772185245135 -7
    endloop
  endfacet
  facet normal 0 0 -1
    outer loop
      vertex 19.57983813317211 -2.057459664734141 -7
      vertex -20.460539508080483 2.4411026970731804 -7
      vertex -20.579107396632402 2.4643152023291273 -7
    endloop
  endfacet
  facet normal 0 0 -1
    outer loop
      vertex 19.57983813317211 -2.057459664734141 -7
      vertex -20.343231554503532 2.4121888833588785 -7
      vertex -20.460539508080483 2.4411026970731804 -7
    endloop
  endfacet
  facet normal 0 0 -1
    outer loop
      vertex -25.34519767052429 6.3784789208434916 -7
      vertex 19.57983813317211 -2.057459664734141 -7
      vertex -20.698658299361693 2.481772185245135 -7
    endloop
  endfacet
  facet normal 0 0 -1
    outer loop
      vertex 19.57983813317211 -2.057459664734141 -7
      vertex -19.57983813317211 2.057459664734141 -7
      vertex -19.68089938973467 2.123669837803803 -7
    endloop
  endfacet
  facet normal 0 0 -1
    outer loop
      vertex 19.57983813317211 -2.057459664734141 -7
      vertex -19.482093730453222 1.9864441992843855 -7
      vertex -19.57983813317211 2.057459664734141 -7
    endloop
  endfacet
  facet normal 0 0 -1
    outer loop
      vertex 19.57983813317211 -2.057459664734141 -7
      vertex -19.785041466893485 2.1849200815662946 -7
      vertex -19.892021136001897 2.2410673432392594 -7
    endloop
  endfacet
  facet normal 0 0 -1
    outer loop
      vertex 19.57983813317211 -2.057459664734141 -7
      vertex -19.68089938973467 2.123669837803803 -7
      vertex -19.785041466893485 2.1849200815662946 -7
    endloop
  endfacet
  facet normal 0 0 -1
    outer loop
      vertex 19.57983813317211 -2.057459664734141 -7
      vertex -19.387894468159573 1.9107893013646207 -7
      vertex -19.482093730453222 1.9864441992843855 -7
    endloop
  endfacet
  facet normal 0 0 -1
    outer loop
      vertex 27.5 -3.5 -7
      vertex -19.211002598139697 1.7462784131223423 -7
      vertex -19.297460353033006 1.830671666494434 -7
    endloop
  endfacet
  facet normal 0 0 -1
    outer loop
      vertex 27.5 -3.5 -7
      vertex -19.297460353033006 1.830671666494434 -7
      vertex -19.387894468159573 1.9107893013646207 -7
    endloop
  endfacet
  facet normal 0 0 -1
    outer loop
      vertex 19.57983813317211 -2.057459664734141 -7
      vertex -19.892021136001897 2.2410673432392594 -7
      vertex -20.001588541085763 2.291980488291456 -7
    endloop
  endfacet
  facet normal 0 0 -1
    outer loop
      vertex 19.57983813317211 -2.057459664734141 -7
      vertex -20.001588541085763 2.291980488291456 -7
      vertex -20.113487782393662 2.337540606713537 -7
    endloop
  endfacet
  facet normal 0 0 -1
    outer loop
      vertex -25.34519767052429 6.3784789208434916 -7
      vertex -24.5 6.5 -7
      vertex 25.06775373308123 6.44578609178812 -7
    endloop
  endfacet
  facet normal 0 1 0
    outer loop
      vertex -24.5 6.5 -7
      vertex -24.5 6.5 7
      vertex 24.5 6.5 -7
    endloop
  endfacet
  facet normal 0 0 1
    outer loop
      vertex -26.767248723062774 -5.464582201835855 7
      vertex -23.267185902126364 1.053502769431323 7
      vertex -25.20727680652828 6.415434704970625 7
    endloop
  endfacet
  facet normal 0 0 1
    outer loop
      vertex -27.486415767719254 -3.785168129912549 7
      vertex -27.469464325642797 3.926944514819856 7
      vertex -27.5 3.5 7
    endloop
  endfacet
  facet normal 0 0 1
    outer loop
      vertex -26.767248723062774 -5.464582201835855 7
      vertex -25.20727680652828 6.415434704970625 7
      vertex -27.469464325642797 3.926944514819856 7
    endloop
  endfacet
  facet normal 0 0 1
    outer loop
      vertex -25.20727680652828 6.415434704970625 7
      vertex -23.267185902126364 1.053502769431323 7
      vertex -23.213640064133024 1.1618079301094208 7
    endloop
  endfacet
  facet normal 0 0 1
    outer loop
      vertex -25.20727680652828 6.415434704970625 7
      vertex -23.213640064133024 1.1618079301094208 7
      vertex -23.15492416720012 1.2673996345339755 7
    endloop
  endfacet
  facet normal 0 0 1
    outer loop
      vertex -25.20727680652828 6.415434704970625 7
      vertex -23.15492416720012 1.2673996345339755 7
      vertex -23.09117534502557 1.3700312683866747 7
    endloop
  endfacet
  facet normal 0 0 1
    outer loop
      vertex -25.20727680652828 6.415434704970625 7
      vertex -23.09117534502557 1.3700312683866747 7
      vertex -23.022542485937368 1.469463130731183 7
    endloop
  endfacet
  facet normal 0 0 1
    outer loop
      vertex -25.20727680652828 6.415434704970625 7
      vertex -23.022542485937368 1.469463130731183 7
      vertex -22.949185885158055 1.5654629938457845 7
    endloop
  endfacet
  facet normal 0 0 1
    outer loop
      vertex -25.20727680652828 6.415434704970625 7
      vertex -22.949185885158055 1.5654629938457845 7
      vertex -22.871276870427753 1.6578066456019882 7
    endloop
  endfacet
  facet normal -0.9997167946931289 0.023797697546114886 0
    outer loop
      vertex -27.496602017549023 3.6427457474712264 -7
      vertex -27.5 3.5 7
      vertex -27.496602017549023 3.6427457474712264 7
    endloop
  endfacet
  facet normal -0.9974521146102544 0.07133918319922011 0
    outer loop
      vertex -27.496602017549023 3.6427457474712264 -7
      vertex -27.496602017549023 3.6427457474712264 7
      vertex -27.486415767719254 3.785168129912549 7
    endloop
  endfacet
  facet normal -0.9929278846732863 0.11871906265732074 0
    outer loop
      vertex -27.486415767719254 3.785168129912549 -7
      vertex -27.486415767719254 3.785168129912549 7
      vertex -27.469464325642797 3.926944514819856 7
    endloop
  endfacet
  facet normal -0.9861543537181905 0.1658300052543514 0
    outer loop
      vertex -27.445786091788122 4.06775373308123 -7
      vertex -27.469464325642797 3.926944514819856 7
      vertex -27.445786091788122 4.06775373308123 7
    endloop
  endfacet
  facet normal -0.9771468659711569 0.2125652895529884 0
    outer loop
      vertex -27.445786091788122 4.06775373308123 -7
      vertex -27.445786091788122 4.06775373308123 7
      vertex -27.415434704970625 4.207276806528281 6.99
    endloop
  endfacet
  facet normal -0.9659258262890672 0.2588190451025247 0
    outer loop
      vertex -27.37847892084349 4.345197670524289 -7
      vertex -27.415434704970625 4.207276806528281 6.99
      vertex -27.37847892084349 4.345197670524289 7
    endloop
  endfacet
  facet normal -0.9525166539358585 0.30448649226991326 0
    outer loop
      vertex -27.37847892084349 4.345197670524289 -7
      vertex -27.37847892084349 4.345197670524289 7
      vertex -27.335002456144004 4.4812038899522655 7
    endloop
  endfacet
  facet normal -0.9369497249997681 0.3494641795990812 0
    outer loop
      vertex -27.335002456144004 4.4812038899522655 -7
      vertex -27.335002456144004 4.4812038899522655 7
      vertex -27.28510379904822 4.614987366980983 7
    endloop
  endfacet
  facet normal -0.9369497249997728 0.3494641795990686 2.957608231092835e-16
    outer loop
      vertex -27.335002456144004 4.4812038899522655 -7
      vertex -27.28510379904822 4.614987366980983 7
      vertex -27.28510379904822 4.614987366980983 6.99
    endloop
  endfacet
  facet normal -0.919260303581664 0.39365021816194506 0
    outer loop
      vertex -27.228895986063556 4.746245039005659 -7
      vertex -27.28510379904822 4.614987366980983 6.99
      vertex -27.228895986063556 4.746245039005659 7
    endloop
  endfacet
  facet normal -0.899488461910601 0.43694451236936405 0
    outer loop
      vertex -27.228895986063556 4.746245039005659 -7
      vertex -27.228895986063556 4.746245039005659 7
      vertex -27.16650634596477 4.874679565182232 6.99
    endloop
  endfacet
  facet normal -0.8776789895672562 0.4792489867200558 0
    outer loop
      vertex -27.16650634596477 4.874679565182232 -7
      vertex -27.16650634596477 4.874679565182232 6.99
      vertex -27.098076211353316 5 7
    endloop
  endfacet
  facet normal -0.8538812920211541 0.5204678079730625 0
    outer loop
      vertex -27.023760598493546 5.1219224523667926 -7
      vertex -27.098076211353316 5 7
      vertex -27.023760598493546 5.1219224523667926 6.99
    endloop
  endfacet
  facet normal -0.8281492787113655 0.560507602240902 0
    outer loop
      vertex -27.023760598493546 5.1219224523667926 -7
      vertex -27.023760598493546 5.1219224523667926 6.99
      vertex -26.943727856151007 5.240170728713595 6.99
    endloop
  endfacet
  facet normal -0.800541240924365 0.5992776665113408 0
    outer loop
      vertex -26.943727856151007 5.240170728713595 -7
      vertex -26.943727856151007 5.240170728713595 6.99
      vertex -26.858159284228364 5.354476958661816 6.99
    endloop
  endfacet
  facet normal -0.7711197197453791 0.6366901741190986 0
    outer loop
      vertex -26.767248723062774 5.464582201835855 -7
      vertex -26.858159284228364 5.354476958661816 6.99
      vertex -26.767248723062774 5.464582201835855 7
    endloop
  endfacet
  facet normal -0.7399513643828878 0.6726603737012482 0
    outer loop
      vertex -26.767248723062774 5.464582201835855 -7
      vertex -26.767248723062774 5.464582201835855 7
      vertex -26.67120211431521 5.570237034446336 6.99
    endloop
  endfacet
  facet normal -0.7071067811865581 0.7071067811865368 -2.385342852304783e-16
    outer loop
      vertex -26.570237034446336 5.671202114315211 -7
      vertex -26.67120211431521 5.570237034446336 6.99
      vertex -26.67120211431521 5.570237034446336 7
    endloop
  endfacet
  facet normal -0.7071067811865475 0.7071067811865475 0
    outer loop
      vertex -26.570237034446336 5.671202114315211 -7
      vertex -26.67120211431521 5.570237034446336 7
      vertex -26.570237034446336 5.671202114315211 7
    endloop
  endfacet
  facet normal -0.6726603737012578 0.7399513643828791 0
    outer loop
      vertex -26.570237034446336 5.671202114315211 -7
      vertex -26.570237034446336 5.671202114315211 7
      vertex -26.464582201835857 5.767248723062775 7
    endloop
  endfacet
  facet normal 0 0 0
    outer loop
      vertex -26.464582201835857 5.767248723062775 -7
      vertex -26.464582201835857 5.767248723062775 7
      vertex -26.464582201835857 5.767248723062775 6.99
    endloop
  endfacet
  facet normal -0.6366901741190844 0.7711197197453908 0
    outer loop
      vertex -26.464582201835857 5.767248723062775 -7
      vertex -26.464582201835857 5.767248723062775 6.99
      vertex -26.354476958661817 5.858159284228362 6.99
    endloop
  endfacet
  facet normal 0 0 0
    outer loop
      vertex -26.354476958661817 5.858159284228362 -7
      vertex -26.354476958661817 5.858159284228362 6.99
      vertex -26.354476958661817 5.858159284228362 7
    endloop
  endfacet
  facet normal -0.5992776665113398 0.8005412409243657 0
    outer loop
      vertex -26.354476958661817 5.858159284228362 -7
      vertex -26.354476958661817 5.858159284228362 7
      vertex -26.240170728713593 5.943727856151007 6.99
    endloop
  endfacet
  facet normal -0.5605076022408992 0.8281492787113672 0
    outer loop
      vertex -26.121922452366793 6.023760598493544 -7
      vertex -26.240170728713593 5.943727856151007 6.99
      vertex -26.121922452366793 6.023760598493544 7
    endloop
  endfacet
  facet normal -0.5204678079730715 0.8538812920211485 0
    outer loop
      vertex -26 6.098076211353316 -7
      vertex -26.121922452366793 6.023760598493544 7
      vertex -26 6.098076211353316 7
    endloop
  endfacet
  facet normal -0.4792489867200553 0.8776789895672564 0
    outer loop
      vertex -25.87467956518223 6.166506345964771 -7
      vertex -26 6.098076211353316 7
      vertex -25.87467956518223 6.166506345964771 7
    endloop
  endfacet
  facet normal -0.436944512369354 0.8994884619106058 0
    outer loop
      vertex -25.746245039005657 6.228895986063555 -7
      vertex -25.87467956518223 6.166506345964771 7
      vertex -25.746245039005657 6.228895986063555 7
    endloop
  endfacet
  facet normal -0.39365021816195184 0.9192603035816611 0
    outer loop
      vertex -25.614987366980984 6.285103799048218 -7
      vertex -25.746245039005657 6.228895986063555 7
      vertex -25.614987366980984 6.285103799048218 7
    endloop
  endfacet
  facet normal -0.3494641795990956 0.9369497249997627 0
    outer loop
      vertex -25.481203889952265 6.3350024561440055 -6.99
      vertex -25.614987366980984 6.285103799048218 7
      vertex -25.481203889952265 6.3350024561440055 7
    endloop
  endfacet
  facet normal -0.304486492269902 0.952516653935862 0
    outer loop
      vertex -25.34519767052429 6.3784789208434916 -7
      vertex -25.481203889952265 6.3350024561440055 7
      vertex -25.34519767052429 6.3784789208434916 7
    endloop
  endfacet
  facet normal -0.2588190451025247 0.9659258262890672 0
    outer loop
      vertex -25.34519767052429 6.3784789208434916 -7
      vertex -25.34519767052429 6.3784789208434916 7
      vertex -25.20727680652828 6.415434704970625 7
    endloop
  endfacet
  facet normal -0.21256528955297524 0.9771468659711599 0
    outer loop
      vertex -25.06775373308123 6.44578609178812 -7
      vertex -25.20727680652828 6.415434704970625 7
      vertex -25.06775373308123 6.44578609178812 7
    endloop
  endfacet
  facet normal -0.16583000525437558 0.9861543537181863 0
    outer loop
      vertex -25.06775373308123 6.44578609178812 -7
      vertex -25.06775373308123 6.44578609178812 7
      vertex -24.926944514819855 6.469464325642798 7
    endloop
  endfacet
  facet normal -0.11871906265730309 0.9929278846732886 0
    outer loop
      vertex -24.78516812991255 6.4864157677192535 -7
      vertex -24.926944514819855 6.469464325642798 7
      vertex -24.78516812991255 6.4864157677192535 7
    endloop
  endfacet
  facet normal -0.07133918319923316 0.9974521146102535 0
    outer loop
      vertex -24.642745747471228 6.496602017549024 -7
      vertex -24.78516812991255 6.4864157677192535 7
      vertex -24.642745747471228 6.496602017549024 7
    endloop
  endfacet
  facet normal -0.02379769754610845 0.9997167946931291 0
    outer loop
      vertex -24.642745747471228 6.496602017549024 -7
      vertex -24.642745747471228 6.496602017549024 7
      vertex -24.5 6.5 7
    endloop
  endfacet
  facet normal 0 0 1
    outer loop
      vertex -27.5 3.5 7
      vertex -27.486415767719254 3.785168129912549 7
      vertex -27.496602017549023 3.6427457474712264 7
    endloop
  endfacet
  facet normal 0 0 1
    outer loop
      vertex -27.5 3.5 7
      vertex -27.469464325642797 3.926944514819856 7
      vertex -27.486415767719254 3.785168129912549 7
    endloop
  endfacet
  facet normal 0 0 1
    outer loop
      vertex -27.469464325642797 3.926944514819856 7
      vertex -27.37847892084349 4.345197670524289 7
      vertex -27.445786091788122 4.06775373308123 7
    endloop
  endfacet
  facet normal -0.977146865971157 0.21256528955298837 1.752671682439159e-16
    outer loop
      vertex -27.445786091788122 4.06775373308123 7
      vertex -27.415434704970625 4.207276806528281 7
      vertex -27.415434704970625 4.207276806528281 6.99
    endloop
  endfacet
  facet normal 0 0 1
    outer loop
      vertex -27.445786091788122 4.06775373308123 7
      vertex -27.37847892084349 4.345197670524289 7
      vertex -27.415434704970625 4.207276806528281 7
    endloop
  endfacet
  facet normal -0.9659258262890673 0.2588190451025247 0
    outer loop
      vertex -27.415434704970625 4.207276806528281 6.99
      vertex -27.415434704970625 4.207276806528281 7
      vertex -27.37847892084349 4.345197670524289 7
    endloop
  endfacet
  facet normal 0 0 1
    outer loop
      vertex -27.469464325642797 3.926944514819856 7
      vertex -27.228895986063556 4.746245039005659 7
      vertex -27.37847892084349 4.345197670524289 7
    endloop
  endfacet
  facet normal 0 0 1
    outer loop
      vertex -27.37847892084349 4.345197670524289 7
      vertex -27.228895986063556 4.746245039005659 7
      vertex -27.335002456144004 4.4812038899522655 7
    endloop
  endfacet
  facet normal 0 0 1
    outer loop
      vertex -27.335002456144004 4.4812038899522655 7
      vertex -27.228895986063556 4.746245039005659 7
      vertex -27.28510379904822 4.614987366980983 7
    endloop
  endfacet
  facet normal -0.9192603035816641 0.3936502181619451 0
    outer loop
      vertex -27.28510379904822 4.614987366980983 6.99
      vertex -27.28510379904822 4.614987366980983 7
      vertex -27.228895986063556 4.746245039005659 7
    endloop
  endfacet
  facet normal 0 0 1
    outer loop
      vertex -27.469464325642797 3.926944514819856 7
      vertex -26.767248723062774 5.464582201835855 7
      vertex -27.228895986063556 4.746245039005659 7
    endloop
  endfacet
  facet normal -0.8994884619106011 0.43694451236936405 -1.3648219464205828e-16
    outer loop
      vertex -27.228895986063556 4.746245039005659 7
      vertex -27.16650634596477 4.874679565182232 7
      vertex -27.16650634596477 4.874679565182232 6.99
    endloop
  endfacet
  facet normal 0 0 1
    outer loop
      vertex -27.228895986063556 4.746245039005659 7
      vertex -27.098076211353316 5 7
      vertex -27.16650634596477 4.874679565182232 7
    endloop
  endfacet
  facet normal 0 0 1
    outer loop
      vertex -25.20727680652828 6.415434704970625 7
      vertex -22.871276870427753 1.6578066456019882 7
      vertex -22.788997401860303 1.746278413122343 7
    endloop
  endfacet
  facet normal 0 0 1
    outer loop
      vertex -25.20727680652828 6.415434704970625 7
      vertex -22.788997401860303 1.746278413122343 7
      vertex -22.702539646966994 1.8306716664944334 7
    endloop
  endfacet
  facet normal 0 0 1
    outer loop
      vertex -25.20727680652828 6.415434704970625 7
      vertex -22.702539646966994 1.8306716664944334 7
      vertex -22.612105531840427 1.9107893013646207 7
    endloop
  endfacet
  facet normal 0 0 1
    outer loop
      vertex -25.20727680652828 6.415434704970625 7
      vertex -22.612105531840427 1.9107893013646207 7
      vertex -22.517906269546778 1.9864441992843855 7
    endloop
  endfacet
  facet normal 0 0 1
    outer loop
      vertex -25.20727680652828 6.415434704970625 7
      vertex -22.517906269546778 1.9864441992843855 7
      vertex -22.42016186682789 2.057459664734141 7
    endloop
  endfacet
  facet normal 0 0 1
    outer loop
      vertex -25.20727680652828 6.415434704970625 7
      vertex -22.42016186682789 2.057459664734141 7
      vertex -22.31910061026533 2.123669837803803 7
    endloop
  endfacet
  facet normal 0 0 1
    outer loop
      vertex -25.20727680652828 6.415434704970625 7
      vertex -22.31910061026533 2.123669837803803 7
      vertex -22.214958533106515 2.1849200815662946 7
    endloop
  endfacet
  facet normal 0 0 1
    outer loop
      vertex -25.20727680652828 6.415434704970625 7
      vertex -22.214958533106515 2.1849200815662946 7
      vertex -22.107978863998103 2.2410673432392594 7
    endloop
  endfacet
  facet normal 0 0 1
    outer loop
      vertex -25.20727680652828 6.415434704970625 7
      vertex -22.107978863998103 2.2410673432392594 7
      vertex -21.998411458914237 2.291980488291456 7
    endloop
  endfacet
  facet normal 0 0 1
    outer loop
      vertex -25.20727680652828 6.415434704970625 7
      vertex -21.998411458914237 2.291980488291456 7
      vertex -21.886512217606338 2.337540606713537 7
    endloop
  endfacet
  facet normal 0 0 1
    outer loop
      vertex -25.20727680652828 6.415434704970625 7
      vertex -21.886512217606338 2.337540606713537 7
      vertex -21.772542485937368 2.3776412907378837 7
    endloop
  endfacet
  facet normal 0 0 1
    outer loop
      vertex -25.20727680652828 6.415434704970625 7
      vertex -21.772542485937368 2.3776412907378837 7
      vertex -21.656768445496468 2.4121888833588785 7
    endloop
  endfacet
  facet normal 0 0 1
    outer loop
      vertex -25.20727680652828 6.415434704970625 7
      vertex -21.656768445496468 2.4121888833588785 7
      vertex -21.539460491919517 2.4411026970731804 7
    endloop
  endfacet
  facet normal 0 0 1
    outer loop
      vertex -25.20727680652828 6.415434704970625 7
      vertex -21.539460491919517 2.4411026970731804 7
      vertex -21.420892603367598 2.4643152023291273 7
    endloop
  endfacet
  facet normal 0 0 1
    outer loop
      vertex -25.20727680652828 6.415434704970625 7
      vertex -21.420892603367598 2.4643152023291273 7
      vertex -21.301341700638307 2.481772185245135 7
    endloop
  endfacet
  facet normal 0 0 1
    outer loop
      vertex -25.20727680652828 6.415434704970625 7
      vertex -21.301341700638307 2.481772185245135 7
      vertex -21.181087000404407 2.493432874228728 7
    endloop
  endfacet
  facet normal 0 0 1
    outer loop
      vertex -25.20727680652828 6.415434704970625 7
      vertex -21.181087000404407 2.493432874228728 7
      vertex -21.06040936309033 2.499270035200482 7
    endloop
  endfacet
  facet normal 0 0 1
    outer loop
      vertex -25.20727680652828 6.415434704970625 7
      vertex -21.06040936309033 2.499270035200482 7
      vertex -20.93959063690967 2.499270035200482 7
    endloop
  endfacet
  facet normal 0 0 1
    outer loop
      vertex -25.20727680652828 6.415434704970625 7
      vertex -19.68089938973467 2.123669837803803 7
      vertex -19.57983813317211 2.057459664734141 7
    endloop
  endfacet
  facet normal 0 0 1
    outer loop
      vertex -25.20727680652828 6.415434704970625 7
      vertex -20.001588541085763 2.291980488291456 7
      vertex -19.892021136001897 2.2410673432392594 7
    endloop
  endfacet
  facet normal 0 0 1
    outer loop
      vertex -25.20727680652828 6.415434704970625 7
      vertex -19.785041466893485 2.1849200815662946 7
      vertex -19.68089938973467 2.123669837803803 7
    endloop
  endfacet
  facet normal 0 0 1
    outer loop
      vertex -25.20727680652828 6.415434704970625 7
      vertex -19.892021136001897 2.2410673432392594 7
      vertex -19.785041466893485 2.1849200815662946 7
    endloop
  endfacet
  facet normal 0 0 1
    outer loop
      vertex -25.20727680652828 6.415434704970625 7
      vertex -19.57983813317211 2.057459664734141 7
      vertex -19.482093730453222 1.9864441992843855 7
    endloop
  endfacet
  facet normal 0 0 1
    outer loop
      vertex -25.20727680652828 6.415434704970625 7
      vertex -20.460539508080483 2.4411026970731804 7
      vertex -20.343231554503532 2.4121888833588785 7
    endloop
  endfacet
  facet normal 0 0 1
    outer loop
      vertex -25.20727680652828 6.415434704970625 7
      vertex -20.343231554503532 2.4121888833588785 7
      vertex -20.227457514062632 2.3776412907378837 7
    endloop
  endfacet
  facet normal 0 0 1
    outer loop
      vertex -25.20727680652828 6.415434704970625 7
      vertex -20.93959063690967 2.499270035200482 7
      vertex -20.818912999595593 2.493432874228728 7
    endloop
  endfacet
  facet normal 0 0 1
    outer loop
      vertex -25.20727680652828 6.415434704970625 7
      vertex -20.818912999595593 2.493432874228728 7
      vertex -20.698658299361693 2.481772185245135 7
    endloop
  endfacet
  facet normal 0 0 1
    outer loop
      vertex -25.20727680652828 6.415434704970625 7
      vertex -20.698658299361693 2.481772185245135 7
      vertex -20.579107396632402 2.4643152023291273 7
    endloop
  endfacet
  facet normal 0 0 1
    outer loop
      vertex -25.20727680652828 6.415434704970625 7
      vertex -20.579107396632402 2.4643152023291273 7
      vertex -20.460539508080483 2.4411026970731804 7
    endloop
  endfacet
  facet normal 0 0 1
    outer loop
      vertex -25.20727680652828 6.415434704970625 7
      vertex -20.113487782393662 2.337540606713537 7
      vertex -20.001588541085763 2.291980488291456 7
    endloop
  endfacet
  facet normal 0 0 1
    outer loop
      vertex -25.20727680652828 6.415434704970625 7
      vertex -20.227457514062632 2.3776412907378837 7
      vertex -20.113487782393662 2.337540606713537 7
    endloop
  endfacet
  facet normal -0.8776789895672562 0.4792489867200557 0
    outer loop
      vertex -27.16650634596477 4.874679565182232 6.99
      vertex -27.16650634596477 4.874679565182232 7
      vertex -27.098076211353316 5 7
    endloop
  endfacet
  facet normal 0 0 1
    outer loop
      vertex -27.228895986063556 4.746245039005659 7
      vertex -27.023760598493546 5.1219224523667926 7
      vertex -27.098076211353316 5 7
    endloop
  endfacet
  facet normal -0.8538812920211541 0.5204678079730625 2.361202574510383e-16
    outer loop
      vertex -27.098076211353316 5 7
      vertex -27.023760598493546 5.1219224523667926 7
      vertex -27.023760598493546 5.1219224523667926 6.99
    endloop
  endfacet
  facet normal 0 0 1
    outer loop
      vertex -27.228895986063556 4.746245039005659 7
      vertex -26.767248723062774 5.464582201835855 7
      vertex -27.023760598493546 5.1219224523667926 7
    endloop
  endfacet
  facet normal -0.8281492787113655 0.5605076022409021 0
    outer loop
      vertex -27.023760598493546 5.1219224523667926 6.99
      vertex -27.023760598493546 5.1219224523667926 7
      vertex -26.943727856151007 5.240170728713595 6.99
    endloop
  endfacet
  facet normal -0.8281492787113655 0.5605076022409021 -2.462700493676075e-16
    outer loop
      vertex -27.023760598493546 5.1219224523667926 7
      vertex -26.943727856151007 5.240170728713595 7
      vertex -26.943727856151007 5.240170728713595 6.99
    endloop
  endfacet
  facet normal 0 0 1
    outer loop
      vertex -27.023760598493546 5.1219224523667926 7
      vertex -26.858159284228364 5.354476958661816 7
      vertex -26.943727856151007 5.240170728713595 7
    endloop
  endfacet
  facet normal -0.8005412409243648 0.5992776665113407 0
    outer loop
      vertex -26.943727856151007 5.240170728713595 6.99
      vertex -26.943727856151007 5.240170728713595 7
      vertex -26.858159284228364 5.354476958661816 7
    endloop
  endfacet
  facet normal 0 0 1
    outer loop
      vertex -27.469464325642797 3.926944514819856 7
      vertex -25.20727680652828 6.415434704970625 7
      vertex -26.767248723062774 5.464582201835855 7
    endloop
  endfacet
  facet normal -0.8005412409243648 0.5992776665113407 -4.7606562485151e-16
    outer loop
      vertex -26.943727856151007 5.240170728713595 6.99
      vertex -26.858159284228364 5.354476958661816 7
      vertex -26.858159284228364 5.354476958661816 6.99
    endloop
  endfacet
  facet normal 0 0 1
    outer loop
      vertex -27.023760598493546 5.1219224523667926 7
      vertex -26.767248723062774 5.464582201835855 7
      vertex -26.858159284228364 5.354476958661816 7
    endloop
  endfacet
  facet normal -0.7711197197453792 0.6366901741190987 0
    outer loop
      vertex -26.858159284228364 5.354476958661816 6.99
      vertex -26.858159284228364 5.354476958661816 7
      vertex -26.767248723062774 5.464582201835855 7
    endloop
  endfacet
  facet normal -0.7399513643828878 0.6726603737012481 -4.3828661176836177e-16
    outer loop
      vertex -26.767248723062774 5.464582201835855 7
      vertex -26.67120211431521 5.570237034446336 7
      vertex -26.67120211431521 5.570237034446336 6.99
    endloop
  endfacet
  facet normal 0 0 1
    outer loop
      vertex -26.767248723062774 5.464582201835855 7
      vertex -26.464582201835857 5.767248723062775 7
      vertex -26.67120211431521 5.570237034446336 7
    endloop
  endfacet
  facet normal 0 0 1
    outer loop
      vertex -26.67120211431521 5.570237034446336 7
      vertex -26.464582201835857 5.767248723062775 7
      vertex -26.570237034446336 5.671202114315211 7
    endloop
  endfacet
  facet normal 0 0 1
    outer loop
      vertex -26.767248723062774 5.464582201835855 7
      vertex -26.121922452366793 6.023760598493544 7
      vertex -26.464582201835857 5.767248723062775 7
    endloop
  endfacet
  facet normal -0.6366901741190844 0.7711197197453906 0
    outer loop
      vertex -26.464582201835857 5.767248723062775 6.99
      vertex -26.464582201835857 5.767248723062775 7
      vertex -26.354476958661817 5.858159284228362 6.99
    endloop
  endfacet
  facet normal -0.6366901741190844 0.7711197197453906 -1.1103853481022752e-16
    outer loop
      vertex -26.464582201835857 5.767248723062775 7
      vertex -26.354476958661817 5.858159284228362 7
      vertex -26.354476958661817 5.858159284228362 6.99
    endloop
  endfacet
  facet normal 0 0 1
    outer loop
      vertex -26.464582201835857 5.767248723062775 7
      vertex -26.121922452366793 6.023760598493544 7
      vertex -26.354476958661817 5.858159284228362 7
    endloop
  endfacet
  facet normal -0.5992776665113398 0.8005412409243657 1.1062157423651939e-16
    outer loop
      vertex -26.354476958661817 5.858159284228362 7
      vertex -26.240170728713593 5.943727856151007 7
      vertex -26.240170728713593 5.943727856151007 6.99
    endloop
  endfacet
  facet normal 0 0 1
    outer loop
      vertex -26.354476958661817 5.858159284228362 7
      vertex -26.121922452366793 6.023760598493544 7
      vertex -26.240170728713593 5.943727856151007 7
    endloop
  endfacet
  facet normal -0.5605076022408992 0.8281492787113672 0
    outer loop
      vertex -26.240170728713593 5.943727856151007 6.99
      vertex -26.240170728713593 5.943727856151007 7
      vertex -26.121922452366793 6.023760598493544 7
    endloop
  endfacet
  facet normal 0 0 1
    outer loop
      vertex -26.767248723062774 5.464582201835855 7
      vertex -25.20727680652828 6.415434704970625 7
      vertex -26.121922452366793 6.023760598493544 7
    endloop
  endfacet
  facet normal 0 0 1
    outer loop
      vertex -26.121922452366793 6.023760598493544 7
      vertex -25.87467956518223 6.166506345964771 7
      vertex -26 6.098076211353316 7
    endloop
  endfacet
  facet normal 0 0 1
    outer loop
      vertex -26.121922452366793 6.023760598493544 7
      vertex -25.614987366980984 6.285103799048218 7
      vertex -25.87467956518223 6.166506345964771 7
    endloop
  endfacet
  facet normal 0 0 1
    outer loop
      vertex -25.87467956518223 6.166506345964771 7
      vertex -25.614987366980984 6.285103799048218 7
      vertex -25.746245039005657 6.228895986063555 7
    endloop
  endfacet
  facet normal 0 0 1
    outer loop
      vertex -26.121922452366793 6.023760598493544 7
      vertex -25.20727680652828 6.415434704970625 7
      vertex -25.614987366980984 6.285103799048218 7
    endloop
  endfacet
  facet normal 0 0 1
    outer loop
      vertex -25.614987366980984 6.285103799048218 7
      vertex -25.20727680652828 6.415434704970625 7
      vertex -25.481203889952265 6.3350024561440055 7
    endloop
  endfacet
  facet normal 0 0 1
    outer loop
      vertex -25.481203889952265 6.3350024561440055 7
      vertex -25.20727680652828 6.415434704970625 7
      vertex -25.34519767052429 6.3784789208434916 7
    endloop
  endfacet
  facet normal 0 0 1
    outer loop
      vertex -25.20727680652828 6.415434704970625 7
      vertex -24.926944514819855 6.469464325642798 7
      vertex -25.06775373308123 6.44578609178812 7
    endloop
  endfacet
  facet normal 0 0 1
    outer loop
      vertex -25.20727680652828 6.415434704970625 7
      vertex -24.5 6.5 7
      vertex -24.926944514819855 6.469464325642798 7
    endloop
  endfacet
  facet normal 0 0 1
    outer loop
      vertex -24.926944514819855 6.469464325642798 7
      vertex -24.5 6.5 7
      vertex -24.78516812991255 6.4864157677192535 7
    endloop
  endfacet
  facet normal 0 0 1
    outer loop
      vertex -24.78516812991255 6.4864157677192535 7
      vertex -24.5 6.5 7
      vertex -24.642745747471228 6.496602017549024 7
    endloop
  endfacet
  facet normal 0 0 1
    outer loop
      vertex 25.06775373308123 6.44578609178812 7
      vertex -20.460539508080487 -2.4411026970731804 7
      vertex -20.579107396632406 -2.4643152023291273 7
    endloop
  endfacet
  facet normal 0 0 1
    outer loop
      vertex 25.06775373308123 6.44578609178812 7
      vertex -20.343231554503532 -2.4121888833588785 7
      vertex -20.460539508080487 -2.4411026970731804 7
    endloop
  endfacet
  facet normal 0 0 1
    outer loop
      vertex 25.06775373308123 6.44578609178812 7
      vertex -20.227457514062632 -2.3776412907378837 7
      vertex -20.343231554503532 -2.4121888833588785 7
    endloop
  endfacet
  facet normal 0 0 1
    outer loop
      vertex 25.06775373308123 6.44578609178812 7
      vertex -20.113487782393662 -2.337540606713537 7
      vertex -20.227457514062632 -2.3776412907378837 7
    endloop
  endfacet
  facet normal 0 0 1
    outer loop
      vertex 25.06775373308123 6.44578609178812 7
      vertex -20.00158854108576 -2.291980488291456 7
      vertex -20.113487782393662 -2.337540606713537 7
    endloop
  endfacet
  facet normal 0 0 1
    outer loop
      vertex 25.06775373308123 6.44578609178812 7
      vertex -19.892021136001897 -2.2410673432392594 7
      vertex -20.00158854108576 -2.291980488291456 7
    endloop
  endfacet
  facet normal 0 0 1
    outer loop
      vertex 25.06775373308123 6.44578609178812 7
      vertex -19.785041466893485 -2.1849200815662946 7
      vertex -19.892021136001897 -2.2410673432392594 7
    endloop
  endfacet
  facet normal 0 0 1
    outer loop
      vertex 25.06775373308123 6.44578609178812 7
      vertex -19.680899389734666 -2.123669837803802 7
      vertex -19.785041466893485 -2.1849200815662946 7
    endloop
  endfacet
  facet normal 0 0 1
    outer loop
      vertex 25.06775373308123 6.44578609178812 7
      vertex -19.57983813317211 -2.0574596647341403 7
      vertex -19.680899389734666 -2.123669837803802 7
    endloop
  endfacet
  facet normal 0 0 1
    outer loop
      vertex 25.06775373308123 6.44578609178812 7
      vertex -19.482093730453222 -1.9864441992843864 7
      vertex -19.57983813317211 -2.0574596647341403 7
    endloop
  endfacet
  facet normal 0 0 1
    outer loop
      vertex 25.06775373308123 6.44578609178812 7
      vertex -19.387894468159573 -1.9107893013646216 7
      vertex -19.482093730453222 -1.9864441992843864 7
    endloop
  endfacet
  facet normal 0 0 1
    outer loop
      vertex 25.06775373308123 6.44578609178812 7
      vertex -19.297460353033006 -1.8306716664944345 7
      vertex -19.387894468159573 -1.9107893013646216 7
    endloop
  endfacet
  facet normal 0 0 1
    outer loop
      vertex 25.06775373308123 6.44578609178812 7
      vertex -19.211002598139697 -1.746278413122343 7
      vertex -19.297460353033006 -1.8306716664944345 7
    endloop
  endfacet
  facet normal 0 0 1
    outer loop
      vertex 25.06775373308123 6.44578609178812 7
      vertex -19.128723129572247 -1.6578066456019882 7
      vertex -19.211002598139697 -1.746278413122343 7
    endloop
  endfacet
  facet normal 0 0 1
    outer loop
      vertex 25.06775373308123 6.44578609178812 7
      vertex -19.050814114841945 -1.5654629938457845 7
      vertex -19.128723129572247 -1.6578066456019882 7
    endloop
  endfacet
  facet normal 0 0 1
    outer loop
      vertex 25.06775373308123 6.44578609178812 7
      vertex -18.977457514062632 -1.469463130731183 7
      vertex -19.050814114841945 -1.5654629938457845 7
    endloop
  endfacet
  facet normal 0 0 1
    outer loop
      vertex 25.06775373308123 6.44578609178812 7
      vertex -18.90882465497443 -1.3700312683866747 7
      vertex -18.977457514062632 -1.469463130731183 7
    endloop
  endfacet
  facet normal 0 0 1
    outer loop
      vertex 25.06775373308123 6.44578609178812 7
      vertex -18.84507583279988 -1.2673996345339755 7
      vertex -18.90882465497443 -1.3700312683866747 7
    endloop
  endfacet
  facet normal 0 0 1
    outer loop
      vertex 25.06775373308123 6.44578609178812 7
      vertex -18.786359935866976 -1.1618079301094208 7
      vertex -18.84507583279988 -1.2673996345339755 7
    endloop
  endfacet
  facet normal 0 0 1
    outer loop
      vertex 25.06775373308123 6.44578609178812 7
      vertex -18.732814097873636 -1.0535027694313222 7
      vertex -18.786359935866976 -1.1618079301094208 7
    endloop
  endfacet
  facet normal 0 0 1
    outer loop
      vertex 25.06775373308123 6.44578609178812 7
      vertex -18.684563377605556 -0.9427371042208001 7
      vertex -18.732814097873636 -1.0535027694313222 7
    endloop
  endfacet
  facet normal 0 0 1
    outer loop
      vertex 25.06775373308123 6.44578609178812 7
      vertex -18.64172046685564 -0.82976963282132 7
      vertex -18.684563377605556 -0.9427371042208001 7
    endloop
  endfacet
  facet normal 0 0 1
    outer loop
      vertex 25.06775373308123 6.44578609178812 7
      vertex -18.604385427227086 -0.7148641959967243 7
      vertex -18.64172046685564 -0.82976963282132 7
    endloop
  endfacet
  facet normal 0 0 1
    outer loop
      vertex 25.06775373308123 6.44578609178812 7
      vertex -18.57264545643487 -0.5982891607188954 7
      vertex -18.604385427227086 -0.7148641959967243 7
    endloop
  endfacet
  facet normal 0 0 1
    outer loop
      vertex 25.06775373308123 6.44578609178812 7
      vertex -18.546574684651468 -0.48031679338427163 7
      vertex -18.57264545643487 -0.5982891607188954 7
    endloop
  endfacet
  facet normal 0 0 1
    outer loop
      vertex 25.06775373308123 6.44578609178812 7
      vertex -18.526234001372373 -0.3612226239230538 7
      vertex -18.546574684651468 -0.48031679338427163 7
    endloop
  endfacet
  facet normal 0 0 1
    outer loop
      vertex 25.06775373308123 6.44578609178812 7
      vertex -18.51167091320588 -0.24128480228628815 7
      vertex -18.526234001372373 -0.3612226239230538 7
    endloop
  endfacet
  facet normal 0 0 1
    outer loop
      vertex 25.06775373308123 6.44578609178812 7
      vertex -18.502919432919185 -0.12078344881376785 7
      vertex -18.51167091320588 -0.24128480228628815 7
    endloop
  endfacet
  facet normal 0 0 1
    outer loop
      vertex 25.06775373308123 6.44578609178812 7
      vertex -18.5 0 7
      vertex -18.502919432919185 -0.12078344881376785 7
    endloop
  endfacet
  facet normal 0 0 1
    outer loop
      vertex 25.06775373308123 6.44578609178812 7
      vertex -18.502919432919185 0.12078344881376767 7
      vertex -18.5 0 7
    endloop
  endfacet
  facet normal 0 0 1
    outer loop
      vertex 25.06775373308123 6.44578609178812 7
      vertex -18.51167091320588 0.24128480228628776 7
      vertex -18.502919432919185 0.12078344881376767 7
    endloop
  endfacet
  facet normal 0 0 1
    outer loop
      vertex 25.06775373308123 6.44578609178812 7
      vertex -18.526234001372373 0.3612226239230534 7
      vertex -18.51167091320588 0.24128480228628776 7
    endloop
  endfacet
  facet normal 0 0 1
    outer loop
      vertex 25.06775373308123 6.44578609178812 7
      vertex -18.546574684651468 0.4803167933842709 7
      vertex -18.526234001372373 0.3612226239230534 7
    endloop
  endfacet
  facet normal 0 0 1
    outer loop
      vertex 25.06775373308123 6.44578609178812 7
      vertex -18.57264545643487 0.5982891607188944 7
      vertex -18.546574684651468 0.4803167933842709 7
    endloop
  endfacet
  facet normal 0 0 1
    outer loop
      vertex 25.06775373308123 6.44578609178812 7
      vertex -18.604385427227086 0.7148641959967232 7
      vertex -18.57264545643487 0.5982891607188944 7
    endloop
  endfacet
  facet normal 0 0 1
    outer loop
      vertex 25.06775373308123 6.44578609178812 7
      vertex -18.68456337760556 0.942737104220801 7
      vertex -18.64172046685564 0.829769632821321 7
    endloop
  endfacet
  facet normal 0 0 1
    outer loop
      vertex 25.06775373308123 6.44578609178812 7
      vertex -18.64172046685564 0.829769632821321 7
      vertex -18.604385427227086 0.7148641959967232 7
    endloop
  endfacet
  facet normal 0 0 1
    outer loop
      vertex 25.06775373308123 6.44578609178812 7
      vertex -18.732814097873636 1.0535027694313228 7
      vertex -18.68456337760556 0.942737104220801 7
    endloop
  endfacet
  facet normal 0 0 1
    outer loop
      vertex 25.06775373308123 6.44578609178812 7
      vertex -19.050814114841945 1.565462993845784 7
      vertex -18.977457514062632 1.469463130731183 7
    endloop
  endfacet
  facet normal 0 0 1
    outer loop
      vertex 25.06775373308123 6.44578609178812 7
      vertex -19.128723129572247 1.657806645601988 7
      vertex -19.050814114841945 1.565462993845784 7
    endloop
  endfacet
  facet normal 0 0 1
    outer loop
      vertex 25.06775373308123 6.44578609178812 7
      vertex -18.786359935866976 1.1618079301094215 7
      vertex -18.732814097873636 1.0535027694313228 7
    endloop
  endfacet
  facet normal 0 0 1
    outer loop
      vertex 25.06775373308123 6.44578609178812 7
      vertex -18.84507583279988 1.2673996345339757 7
      vertex -18.786359935866976 1.1618079301094215 7
    endloop
  endfacet
  facet normal 0 0 1
    outer loop
      vertex 25.06775373308123 6.44578609178812 7
      vertex -18.90882465497443 1.370031268386675 7
      vertex -18.84507583279988 1.2673996345339757 7
    endloop
  endfacet
  facet normal 0 0 1
    outer loop
      vertex 25.06775373308123 6.44578609178812 7
      vertex -18.977457514062632 1.469463130731183 7
      vertex -18.90882465497443 1.370031268386675 7
    endloop
  endfacet
  facet normal 0 0 1
    outer loop
      vertex -25.20727680652828 6.415434704970625 7
      vertex 25.06775373308123 6.44578609178812 7
      vertex -24.5 6.5 7
    endloop
  endfacet
  facet normal 0 0 1
    outer loop
      vertex 25.06775373308123 6.44578609178812 7
      vertex -19.211002598139697 1.7462784131223423 7
      vertex -19.128723129572247 1.657806645601988 7
    endloop
  endfacet
  facet normal 0 0 1
    outer loop
      vertex 25.06775373308123 6.44578609178812 7
      vertex -19.297460353033006 1.830671666494434 7
      vertex -19.211002598139697 1.7462784131223423 7
    endloop
  endfacet
  facet normal 0 0 1
    outer loop
      vertex 25.06775373308123 6.44578609178812 7
      vertex -19.387894468159573 1.9107893013646207 7
      vertex -19.297460353033006 1.830671666494434 7
    endloop
  endfacet
  facet normal 0 0 1
    outer loop
      vertex 25.06775373308123 6.44578609178812 7
      vertex -19.482093730453222 1.9864441992843855 7
      vertex -19.387894468159573 1.9107893013646207 7
    endloop
  endfacet
  facet normal 0 0 1
    outer loop
      vertex -25.20727680652828 6.415434704970625 7
      vertex -19.482093730453222 1.9864441992843855 7
      vertex 25.06775373308123 6.44578609178812 7
    endloop
  endfacet
  facet normal 0 0 -1
    outer loop
      vertex -24.5 -6.5 -7
      vertex 24.642745747471228 -6.496602017549024 -7
      vertex 24.5 -6.5 -7
    endloop
  endfacet
  facet normal 0 0 -1
    outer loop
      vertex -25.067753733081233 -6.44578609178812 -7
      vertex 27.5 -3.5 -7
      vertex 24.642745747471228 -6.496602017549024 -7
    endloop
  endfacet
  facet normal 0 -1 0
    outer loop
      vertex -24.5 -6.5 -7
      vertex 24.5 -6.5 -7
      vertex 24.5 -6.5 7
    endloop
  endfacet
  facet normal 0 0 -1
    outer loop
      vertex -19.387894468159573 1.9107893013646207 -7
      vertex 19.892021136001897 -2.2410673432392594 -7
      vertex 20.00158854108576 -2.291980488291456 -7
    endloop
  endfacet
  facet normal 0 0 -1
    outer loop
      vertex -19.387894468159573 1.9107893013646207 -7
      vertex 19.785041466893485 -2.1849200815662955 -7
      vertex 19.892021136001897 -2.2410673432392594 -7
    endloop
  endfacet
  facet normal 0 0 -1
    outer loop
      vertex -19.387894468159573 1.9107893013646207 -7
      vertex 19.57983813317211 -2.057459664734141 -7
      vertex 19.68089938973467 -2.123669837803803 -7
    endloop
  endfacet
  facet normal 0 0 -1
    outer loop
      vertex -19.387894468159573 1.9107893013646207 -7
      vertex 19.68089938973467 -2.123669837803803 -7
      vertex 19.785041466893485 -2.1849200815662955 -7
    endloop
  endfacet
  facet normal 0 0 -1
    outer loop
      vertex -19.387894468159573 1.9107893013646207 -7
      vertex 20.227457514062632 -2.3776412907378837 -7
      vertex 20.343231554503532 -2.4121888833588785 -7
    endloop
  endfacet
  facet normal 0 0 -1
    outer loop
      vertex -19.387894468159573 1.9107893013646207 -7
      vertex 20.113487782393662 -2.337540606713537 -7
      vertex 20.227457514062632 -2.3776412907378837 -7
    endloop
  endfacet
  facet normal 0 0 -1
    outer loop
      vertex -19.387894468159573 1.9107893013646207 -7
      vertex 20.343231554503532 -2.4121888833588785 -7
      vertex 20.460539508080487 -2.4411026970731804 -7
    endloop
  endfacet
  facet normal 0 0 -1
    outer loop
      vertex -19.387894468159573 1.9107893013646207 -7
      vertex 20.460539508080487 -2.4411026970731804 -7
      vertex 20.579107396632406 -2.4643152023291273 -7
    endloop
  endfacet
  facet normal 0 0 -1
    outer loop
      vertex -19.387894468159573 1.9107893013646207 -7
      vertex 20.00158854108576 -2.291980488291456 -7
      vertex 20.113487782393662 -2.337540606713537 -7
    endloop
  endfacet
  facet normal 0 0 -1
    outer loop
      vertex 27.5 -3.5 -7
      vertex -19.387894468159573 1.9107893013646207 -7
      vertex 20.579107396632406 -2.4643152023291273 -7
    endloop
  endfacet
  facet normal 0 0 -1
    outer loop
      vertex 24.642745747471228 -6.496602017549024 -7
      vertex 25.067753733081233 -6.44578609178812 -7
      vertex 24.78516812991255 -6.4864157677192535 -7
    endloop
  endfacet
  facet normal 0 0 -1
    outer loop
      vertex 24.78516812991255 -6.4864157677192535 -7
      vertex 25.067753733081233 -6.44578609178812 -7
      vertex 24.926944514819855 -6.469464325642798 -7
    endloop
  endfacet
  facet normal 0 0 -1
    outer loop
      vertex 24.642745747471228 -6.496602017549024 -7
      vertex 25.614987366980984 -6.285103799048218 -7
      vertex 25.067753733081233 -6.44578609178812 -7
    endloop
  endfacet
  facet normal 0 0 -1
    outer loop
      vertex 25.067753733081233 -6.44578609178812 -7
      vertex 25.34519767052429 -6.3784789208434916 -7
      vertex 25.20727680652828 -6.415434704970625 -7
    endloop
  endfacet
  facet normal 0 0 -1
    outer loop
      vertex 25.067753733081233 -6.44578609178812 -7
      vertex 25.614987366980984 -6.285103799048218 -7
      vertex 25.34519767052429 -6.3784789208434916 -7
    endloop
  endfacet
  facet normal 0 0 -1
    outer loop
      vertex 25.34519767052429 -6.3784789208434916 -7
      vertex 25.614987366980984 -6.285103799048218 -7
      vertex 25.481203889952262 -6.3350024561440055 -7
    endloop
  endfacet
  facet normal 0 0 -1
    outer loop
      vertex 25.614987366980984 -6.285103799048218 -7
      vertex 25.87467956518223 -6.166506345964771 -7
      vertex 25.74624503900566 -6.228895986063555 -7
    endloop
  endfacet
  facet normal 0 0 -1
    outer loop
      vertex 24.642745747471228 -6.496602017549024 -7
      vertex 26.570237034446336 -5.671202114315211 -7
      vertex 25.614987366980984 -6.285103799048218 -7
    endloop
  endfacet
  facet normal 0 0 -1
    outer loop
      vertex 25.614987366980984 -6.285103799048218 -7
      vertex 26.121922452366793 -6.023760598493543 -7
      vertex 25.87467956518223 -6.166506345964771 -7
    endloop
  endfacet
  facet normal 0 0 -1
    outer loop
      vertex 25.87467956518223 -6.166506345964771 -7
      vertex 26.121922452366793 -6.023760598493543 -7
      vertex 26 -6.098076211353316 -7
    endloop
  endfacet
  facet normal 0 0 -1
    outer loop
      vertex 25.614987366980984 -6.285103799048218 -7
      vertex 26.570237034446336 -5.671202114315211 -7
      vertex 26.121922452366793 -6.023760598493543 -7
    endloop
  endfacet
  facet normal 0 0 -1
    outer loop
      vertex 26.121922452366793 -6.023760598493543 -7
      vertex 26.354476958661817 -5.858159284228362 -7
      vertex 26.240170728713593 -5.943727856151008 -7
    endloop
  endfacet
  facet normal 0 0 -1
    outer loop
      vertex 26.121922452366793 -6.023760598493543 -7
      vertex 26.570237034446336 -5.671202114315211 -7
      vertex 26.354476958661817 -5.858159284228362 -7
    endloop
  endfacet
  facet normal 0 0 -1
    outer loop
      vertex 26.354476958661817 -5.858159284228362 -7
      vertex 26.570237034446336 -5.671202114315211 -7
      vertex 26.464582201835857 -5.7672487230627745 -7
    endloop
  endfacet
  facet normal 0 0 -1
    outer loop
      vertex 26.570237034446336 -5.671202114315211 -7
      vertex 26.858159284228364 -5.354476958661816 -7
      vertex 26.67120211431521 -5.570237034446336 -7
    endloop
  endfacet
  facet normal 0 0 -1
    outer loop
      vertex 26.67120211431521 -5.570237034446336 -7
      vertex 26.858159284228364 -5.354476958661816 -7
      vertex 26.767248723062774 -5.4645822018358565 -7
    endloop
  endfacet
  facet normal 0 0 -1
    outer loop
      vertex 26.570237034446336 -5.671202114315211 -7
      vertex 26.943727856151007 -5.2401707287135935 -7
      vertex 26.858159284228364 -5.354476958661816 -7
    endloop
  endfacet
  facet normal 0 0 -1
    outer loop
      vertex 24.642745747471228 -6.496602017549024 -7
      vertex 27.5 -3.5 -7
      vertex 26.570237034446336 -5.671202114315211 -7
    endloop
  endfacet
  facet normal 0 0 -1
    outer loop
      vertex 26.570237034446336 -5.671202114315211 -7
      vertex 27.228895986063556 -4.74624503900566 -7
      vertex 26.943727856151007 -5.2401707287135935 -7
    endloop
  endfacet
  facet normal 0 0 -1
    outer loop
      vertex 26.943727856151007 -5.2401707287135935 -7
      vertex 27.098076211353316 -5 -7
      vertex 27.023760598493542 -5.121922452366793 -7
    endloop
  endfacet
  facet normal 0 0 -1
    outer loop
      vertex 26.943727856151007 -5.2401707287135935 -7
      vertex 27.228895986063556 -4.74624503900566 -7
      vertex 27.098076211353316 -5 -7
    endloop
  endfacet
  facet normal 0 0 -1
    outer loop
      vertex 27.098076211353316 -5 -7
      vertex 27.228895986063556 -4.74624503900566 -7
      vertex 27.16650634596477 -4.87467956518223 -7
    endloop
  endfacet
  facet normal 0 0 -1
    outer loop
      vertex 26.570237034446336 -5.671202114315211 -7
      vertex 27.5 -3.5 -7
      vertex 27.228895986063556 -4.74624503900566 -7
    endloop
  endfacet
  facet normal 0 0 -1
    outer loop
      vertex 27.228895986063556 -4.74624503900566 -7
      vertex 27.335002456144007 -4.481203889952264 -7
      vertex 27.28510379904822 -4.614987366980983 -7
    endloop
  endfacet
  facet normal 0 0 -1
    outer loop
      vertex 27.228895986063556 -4.74624503900566 -7
      vertex 27.415434704970625 -4.207276806528281 -7
      vertex 27.335002456144007 -4.481203889952264 -7
    endloop
  endfacet
  facet normal 0 0 -1
    outer loop
      vertex 27.335002456144007 -4.481203889952264 -7
      vertex 27.415434704970625 -4.207276806528281 -7
      vertex 27.37847892084349 -4.345197670524289 -7
    endloop
  endfacet
  facet normal 0 0 -1
    outer loop
      vertex 27.228895986063556 -4.74624503900566 -7
      vertex 27.5 -3.5 -7
      vertex 27.415434704970625 -4.207276806528281 -7
    endloop
  endfacet
  facet normal 0 0 -1
    outer loop
      vertex 27.415434704970625 -4.207276806528281 -7
      vertex 27.486415767719254 -3.785168129912547 -7
      vertex 27.44578609178812 -4.067753733081232 -7
    endloop
  endfacet
  facet normal 0 0 -1
    outer loop
      vertex 27.44578609178812 -4.067753733081232 -7
      vertex 27.486415767719254 -3.785168129912547 -7
      vertex 27.469464325642797 -3.926944514819856 -7
    endloop
  endfacet
  facet normal 0 0 -1
    outer loop
      vertex 27.415434704970625 -4.207276806528281 -7
      vertex 27.5 -3.5 -7
      vertex 27.486415767719254 -3.785168129912547 -7
    endloop
  endfacet
  facet normal 0 0 -1
    outer loop
      vertex 27.486415767719254 -3.785168129912547 -7
      vertex 27.5 -3.5 -7
      vertex 27.496602017549023 -3.642745747471228 -7
    endloop
  endfacet
  facet normal 0.02379769754610845 -0.9997167946931291 0
    outer loop
      vertex 24.5 -6.5 -7
      vertex 24.642745747471228 -6.496602017549024 -7
      vertex 24.5 -6.5 7
    endloop
  endfacet
  facet normal 0.07133918319923316 -0.9974521146102535 3.2830535916152376e-20
    outer loop
      vertex 24.642745747471228 -6.496602017549024 -7
      vertex 24.78516812991255 -6.4864157677192535 -7
      vertex 24.78516812991255 -6.4864157677192535 6.99
    endloop
  endfacet
  facet normal 0.11871906265730309 -0.9929278846732885 -5.457571083646299e-20
    outer loop
      vertex 24.78516812991255 -6.4864157677192535 -7
      vertex 24.926944514819855 -6.469464325642798 -7
      vertex 24.926944514819855 -6.469464325642798 6.99
    endloop
  endfacet
  facet normal 0.16583000525437153 -0.9861543537181869 0
    outer loop
      vertex 24.926944514819855 -6.469464325642798 -7
      vertex 25.067753733081233 -6.44578609178812 -7
      vertex 24.926944514819855 -6.469464325642798 6.99
    endloop
  endfacet
  facet normal 0.2125652895529804 -0.9771468659711587 1.3269085373413785e-19
    outer loop
      vertex 25.067753733081233 -6.44578609178812 -7
      vertex 25.20727680652828 -6.415434704970625 -7
      vertex 25.20727680652828 -6.415434704970625 7
    endloop
  endfacet
  facet normal 0.2588190451025247 -0.9659258262890672 0
    outer loop
      vertex 25.20727680652828 -6.415434704970625 -7
      vertex 25.34519767052429 -6.3784789208434916 -7
      vertex 25.20727680652828 -6.415434704970625 7
    endloop
  endfacet
  facet normal 0.3044864922699092 -0.9525166539358598 0
    outer loop
      vertex 25.34519767052429 -6.3784789208434916 -7
      vertex 25.481203889952262 -6.3350024561440055 -7
      vertex 25.34519767052429 -6.3784789208434916 7
    endloop
  endfacet
  facet normal 0.34946417959908743 -0.9369497249997658 -2.1325587919029252e-20
    outer loop
      vertex 25.481203889952262 -6.3350024561440055 -7
      vertex 25.614987366980984 -6.285103799048218 -7
      vertex 25.614987366980984 -6.285103799048218 7
    endloop
  endfacet
  facet normal 0.3936502181619428 -0.9192603035816649 0
    outer loop
      vertex 25.614987366980984 -6.285103799048218 -7
      vertex 25.74624503900566 -6.228895986063555 -7
      vertex 25.614987366980984 -6.285103799048218 7
    endloop
  endfacet
  facet normal 0.4369445123693638 -0.8994884619106012 -3.499609389679717e-19
    outer loop
      vertex 25.74624503900566 -6.228895986063555 -7
      vertex 25.87467956518223 -6.166506345964771 -7
      vertex 25.87467956518223 -6.166506345964771 7
    endloop
  endfacet
  facet normal 0.4792489867200553 -0.8776789895672564 0
    outer loop
      vertex 25.87467956518223 -6.166506345964771 -7
      vertex 26 -6.098076211353316 -7
      vertex 25.87467956518223 -6.166506345964771 7
    endloop
  endfacet
  facet normal 0.520467807973076 -0.8538812920211457 0
    outer loop
      vertex 26 -6.098076211353316 -7
      vertex 26.121922452366793 -6.023760598493543 -7
      vertex 26 -6.098076211353316 7
    endloop
  endfacet
  facet normal 0.5605076022408907 -0.828149278711373 -2.8524743351072157e-19
    outer loop
      vertex 26.121922452366793 -6.023760598493543 -7
      vertex 26.240170728713593 -5.943727856151008 -7
      vertex 26.240170728713593 -5.943727856151008 7
    endloop
  endfacet
  facet normal 0.5992776665113438 -0.8005412409243627 0
    outer loop
      vertex 26.240170728713593 -5.943727856151008 -7
      vertex 26.354476958661817 -5.858159284228362 -7
      vertex 26.240170728713593 -5.943727856151008 7
    endloop
  endfacet
  facet normal 0.636690174119088 -0.7711197197453877 2.453162583370959e-19
    outer loop
      vertex 26.354476958661817 -5.858159284228362 -7
      vertex 26.464582201835857 -5.7672487230627745 -7
      vertex 26.464582201835857 -5.7672487230627745 6.99
    endloop
  endfacet
  facet normal 0.6726603737012543 -0.7399513643828822 0
    outer loop
      vertex 26.464582201835857 -5.7672487230627745 -7
      vertex 26.570237034446336 -5.671202114315211 -7
      vertex 26.464582201835857 -5.7672487230627745 6.99
    endloop
  endfacet
  facet normal 0.7071067811865475 -0.7071067811865475 -1.7050342046495843e-19
    outer loop
      vertex 26.570237034446336 -5.671202114315211 -7
      vertex 26.67120211431521 -5.570237034446336 -7
      vertex 26.67120211431521 -5.570237034446336 6.99
    endloop
  endfacet
  facet normal 0.7399513643828822 -0.6726603737012544 2.495044487474438e-19
    outer loop
      vertex 26.67120211431521 -5.570237034446336 -7
      vertex 26.767248723062774 -5.4645822018358565 -7
      vertex 26.767248723062774 -5.4645822018358565 7
    endloop
  endfacet
  facet normal 0.7711197197453841 -0.6366901741190925 0
    outer loop
      vertex 26.767248723062774 -5.4645822018358565 -7
      vertex 26.858159284228364 -5.354476958661816 -7
      vertex 26.767248723062774 -5.4645822018358565 7
    endloop
  endfacet
  facet normal 0.8005412409243694 -0.5992776665113348 0
    outer loop
      vertex 26.858159284228364 -5.354476958661816 -7
      vertex 26.943727856151007 -5.2401707287135935 -7
      vertex 26.858159284228364 -5.354476958661816 6.99
    endloop
  endfacet
  facet normal 0.8281492787113711 -0.5605076022408936 0
    outer loop
      vertex 26.943727856151007 -5.2401707287135935 -7
      vertex 27.023760598493542 -5.121922452366793 -7
      vertex 26.943727856151007 -5.2401707287135935 7
    endloop
  endfacet
  facet normal 0.8538812920211447 -0.5204678079730778 -5.1088429676513854e-20
    outer loop
      vertex 27.023760598493542 -5.121922452366793 -7
      vertex 27.098076211353316 -5 -7
      vertex 27.098076211353316 -5 7
    endloop
  endfacet
  facet normal 0.877678989567259 -0.4792489867200505 -3.259540058458156e-19
    outer loop
      vertex 27.098076211353316 -5 -7
      vertex 27.16650634596477 -4.87467956518223 -7
      vertex 27.16650634596477 -4.87467956518223 6.99
    endloop
  endfacet
  facet normal 0.8994884619105975 -0.43694451236937143 0
    outer loop
      vertex 27.16650634596477 -4.87467956518223 -7
      vertex 27.228895986063556 -4.74624503900566 -7
      vertex 27.16650634596477 -4.87467956518223 6.99
    endloop
  endfacet
  facet normal 0.9192603035816649 -0.3936502181619428 6.822917086192025e-20
    outer loop
      vertex 27.228895986063556 -4.74624503900566 -7
      vertex 27.28510379904822 -4.614987366980983 -7
      vertex 27.28510379904822 -4.614987366980983 7
    endloop
  endfacet
  facet normal 0.9369497249997615 -0.349464179599099 -1.4906213320961493e-19
    outer loop
      vertex 27.28510379904822 -4.614987366980983 -7
      vertex 27.335002456144007 -4.481203889952264 -7
      vertex 27.335002456144007 -4.481203889952264 7
    endloop
  endfacet
  facet normal 0.9525166539358646 -0.3044864922698943 1.0508202180836927e-19
    outer loop
      vertex 27.335002456144007 -4.481203889952264 -7
      vertex 27.37847892084349 -4.345197670524289 -7
      vertex 27.37847892084349 -4.345197670524289 6.99
    endloop
  endfacet
  facet normal 0.9659258262890672 -0.2588190451025246 0
    outer loop
      vertex 27.37847892084349 -4.345197670524289 -7
      vertex 27.415434704970625 -4.207276806528281 -7
      vertex 27.37847892084349 -4.345197670524289 6.99
    endloop
  endfacet
  facet normal 0.9771468659711616 -0.21256528955296725 -1.551708998229756e-19
    outer loop
      vertex 27.415434704970625 -4.207276806528281 -7
      vertex 27.44578609178812 -4.067753733081232 -7
      vertex 27.44578609178812 -4.067753733081232 7
    endloop
  endfacet
  facet normal 0.9861543537181867 -0.16583000525437355 6.476774812763579e-21
    outer loop
      vertex 27.44578609178812 -4.067753733081232 -7
      vertex 27.469464325642797 -3.926944514819856 -7
      vertex 27.469464325642797 -3.926944514819856 7
    endloop
  endfacet
  facet normal 0.9929278846732865 -0.11871906265731928 0
    outer loop
      vertex 27.469464325642797 -3.926944514819856 -7
      vertex 27.486415767719254 -3.785168129912547 -7
      vertex 27.469464325642797 -3.926944514819856 7
    endloop
  endfacet
  facet normal 0.9974521146102543 -0.07133918319922188 2.9426875984899016e-20
    outer loop
      vertex 27.486415767719254 -3.785168129912547 -7
      vertex 27.496602017549023 -3.642745747471228 -7
      vertex 27.496602017549023 -3.642745747471228 6.99
    endloop
  endfacet
  facet normal 0.9997167946931289 -0.02379769754611459 0
    outer loop
      vertex 27.496602017549023 -3.642745747471228 -7
      vertex 27.5 -3.5 -7
      vertex 27.496602017549023 -3.642745747471228 6.99
    endloop
  endfacet
  facet normal 0 0 -1
    outer loop
      vertex 27.5 -3.5 -7
      vertex 20.579107396632406 -2.4643152023291273 -7
      vertex 20.698658299361693 -2.481772185245135 -7
    endloop
  endfacet
  facet normal 0 0 -1
    outer loop
      vertex 27.5 -3.5 -7
      vertex 20.698658299361693 -2.481772185245135 -7
      vertex 20.818912999595597 -2.493432874228728 -7
    endloop
  endfacet
  facet normal 0 0 -1
    outer loop
      vertex 27.5 -3.5 -7
      vertex 20.818912999595597 -2.493432874228728 -7
      vertex 20.93959063690967 -2.499270035200482 -7
    endloop
  endfacet
  facet normal 0 0 -1
    outer loop
      vertex 27.5 -3.5 -7
      vertex 20.93959063690967 -2.499270035200482 -7
      vertex 21.06040936309033 -2.499270035200482 -7
    endloop
  endfacet
  facet normal 0 0 -1
    outer loop
      vertex 27.5 -3.5 -7
      vertex 21.06040936309033 -2.499270035200482 -7
      vertex 21.181087000404403 -2.493432874228728 -7
    endloop
  endfacet
  facet normal 0 0 -1
    outer loop
      vertex 27.5 -3.5 -7
      vertex 21.181087000404403 -2.493432874228728 -7
      vertex 21.301341700638307 -2.481772185245135 -7
    endloop
  endfacet
  facet normal 0 0 -1
    outer loop
      vertex 27.5 -3.5 -7
      vertex 21.301341700638307 -2.481772185245135 -7
      vertex 21.420892603367594 -2.4643152023291273 -7
    endloop
  endfacet
  facet normal 0 0 -1
    outer loop
      vertex 27.5 -3.5 -7
      vertex 21.420892603367594 -2.4643152023291273 -7
      vertex 21.539460491919513 -2.4411026970731804 -7
    endloop
  endfacet
  facet normal 0 0 -1
    outer loop
      vertex 27.5 -3.5 -7
      vertex 21.539460491919513 -2.4411026970731804 -7
      vertex 21.656768445496468 -2.4121888833588785 -7
    endloop
  endfacet
  facet normal 0 0 -1
    outer loop
      vertex 27.5 -3.5 -7
      vertex 21.656768445496468 -2.4121888833588785 -7
      vertex 21.772542485937368 -2.3776412907378837 -7
    endloop
  endfacet
  facet normal 0 0 -1
    outer loop
      vertex 27.5 -3.5 -7
      vertex 21.772542485937368 -2.3776412907378837 -7
      vertex 21.886512217606338 -2.337540606713537 -7
    endloop
  endfacet
  facet normal 0 0 -1
    outer loop
      vertex 27.5 -3.5 -7
      vertex 21.886512217606338 -2.337540606713537 -7
      vertex 21.99841145891424 -2.291980488291456 -7
    endloop
  endfacet
  facet normal 0 0 -1
    outer loop
      vertex 27.5 -3.5 -7
      vertex 21.99841145891424 -2.291980488291456 -7
      vertex 22.107978863998103 -2.2410673432392594 -7
    endloop
  endfacet
  facet normal 0 0 -1
    outer loop
      vertex 27.5 -3.5 -7
      vertex 22.107978863998103 -2.2410673432392594 -7
      vertex 22.214958533106515 -2.1849200815662946 -7
    endloop
  endfacet
  facet normal 0 0 -1
    outer loop
      vertex 27.5 -3.5 -7
      vertex 22.214958533106515 -2.1849200815662946 -7
      vertex 22.319100610265334 -2.123669837803802 -7
    endloop
  endfacet
  facet normal 0 0 -1
    outer loop
      vertex 27.5 -3.5 -7
      vertex 22.319100610265334 -2.123669837803802 -7
      vertex 22.42016186682789 -2.0574596647341403 -7
    endloop
  endfacet
  facet normal 0 0 -1
    outer loop
      vertex 27.5 -3.5 -7
      vertex 22.42016186682789 -2.0574596647341403 -7
      vertex 22.517906269546778 -1.9864441992843864 -7
    endloop
  endfacet
  facet normal 0 0 -1
    outer loop
      vertex 27.5 -3.5 -7
      vertex 22.517906269546778 -1.9864441992843864 -7
      vertex 22.612105531840427 -1.9107893013646216 -7
    endloop
  endfacet
  facet normal 0 0 -1
    outer loop
      vertex 27.5 -3.5 -7
      vertex 22.612105531840427 -1.9107893013646216 -7
      vertex 22.702539646966994 -1.8306716664944345 -7
    endloop
  endfacet
  facet normal 0 0 -1
    outer loop
      vertex 27.5 -3.5 -7
      vertex 22.702539646966994 -1.8306716664944345 -7
      vertex 22.788997401860303 -1.746278413122343 -7
    endloop
  endfacet
  facet normal 0 0 -1
    outer loop
      vertex 27.5 -3.5 -7
      vertex 22.788997401860303 -1.746278413122343 -7
      vertex 22.871276870427753 -1.6578066456019882 -7
    endloop
  endfacet
  facet normal 0 0 -1
    outer loop
      vertex 27.5 -3.5 -7
      vertex 22.871276870427753 -1.6578066456019882 -7
      vertex 22.949185885158055 -1.5654629938457845 -7
    endloop
  endfacet
  facet normal 0 0 -1
    outer loop
      vertex 27.5 -3.5 -7
      vertex 22.949185885158055 -1.5654629938457845 -7
      vertex 23.022542485937368 -1.469463130731183 -7
    endloop
  endfacet
  facet normal 0 0 -1
    outer loop
      vertex 27.5 -3.5 -7
      vertex 23.022542485937368 -1.469463130731183 -7
      vertex 23.09117534502557 -1.3700312683866747 -7
    endloop
  endfacet
  facet normal 0 0 -1
    outer loop
      vertex 27.5 -3.5 -7
      vertex 23.09117534502557 -1.3700312683866747 -7
      vertex 23.15492416720012 -1.2673996345339755 -7
    endloop
  endfacet
  facet normal 0 0 -1
    outer loop
      vertex 27.5 -3.5 -7
      vertex 23.15492416720012 -1.2673996345339755 -7
      vertex 23.213640064133024 -1.1618079301094208 -7
    endloop
  endfacet
  facet normal 0 0 -1
    outer loop
      vertex 27.5 -3.5 -7
      vertex 23.213640064133024 -1.1618079301094208 -7
      vertex 23.267185902126364 -1.0535027694313222 -7
    endloop
  endfacet
  facet normal 0 0 -1
    outer loop
      vertex 27.5 -3.5 -7
      vertex 23.267185902126364 -1.0535027694313222 -7
      vertex 23.315436622394444 -0.9427371042208001 -7
    endloop
  endfacet
  facet normal 0 0 -1
    outer loop
      vertex 27.5 -3.5 -7
      vertex 23.315436622394444 -0.9427371042208001 -7
      vertex 23.35827953314436 -0.82976963282132 -7
    endloop
  endfacet
  facet normal 0 0 -1
    outer loop
      vertex 27.5 -3.5 -7
      vertex 23.35827953314436 -0.82976963282132 -7
      vertex 23.395614572772914 -0.7148641959967243 -7
    endloop
  endfacet
  facet normal 0 0 -1
    outer loop
      vertex 27.5 -3.5 -7
      vertex 23.395614572772914 -0.7148641959967243 -7
      vertex 23.42735454356513 -0.5982891607188954 -7
    endloop
  endfacet
  facet normal 0 0 -1
    outer loop
      vertex 27.5 -3.5 -7
      vertex 23.42735454356513 -0.5982891607188954 -7
      vertex 23.453425315348532 -0.48031679338427163 -7
    endloop
  endfacet
  facet normal 0 0 -1
    outer loop
      vertex 27.5 -3.5 -7
      vertex 23.453425315348532 -0.48031679338427163 -7
      vertex 23.473765998627627 -0.3612226239230538 -7
    endloop
  endfacet
  facet normal 0 0 -1
    outer loop
      vertex 27.5 -3.5 -7
      vertex 23.473765998627627 -0.3612226239230538 -7
      vertex 23.48832908679412 -0.24128480228628815 -7
    endloop
  endfacet
  facet normal 0 0 -1
    outer loop
      vertex 27.5 -3.5 -7
      vertex 23.48832908679412 -0.24128480228628815 -7
      vertex 23.497080567080815 -0.12078344881376785 -7
    endloop
  endfacet
  facet normal 0 0 -1
    outer loop
      vertex 27.5 -3.5 -7
      vertex 23.497080567080815 -0.12078344881376785 -7
      vertex 23.5 0 -7
    endloop
  endfacet
  facet normal 0 0 1
    outer loop
      vertex -26.767248723062774 -5.464582201835855 7
      vertex 25.20727680652828 -6.415434704970625 7
      vertex 21.181087000404403 -2.493432874228728 7
    endloop
  endfacet
  facet normal 0 0 1
    outer loop
      vertex -26.767248723062774 -5.464582201835855 7
      vertex 19.785041466893485 -2.1849200815662955 7
      vertex 19.68089938973467 -2.123669837803803 7
    endloop
  endfacet
  facet normal 0 0 1
    outer loop
      vertex -26.767248723062774 -5.464582201835855 7
      vertex 20.579107396632406 -2.4643152023291273 7
      vertex 20.460539508080487 -2.4411026970731804 7
    endloop
  endfacet
  facet normal 0 0 1
    outer loop
      vertex -26.767248723062774 -5.464582201835855 7
      vertex 20.818912999595597 -2.493432874228728 7
      vertex 20.698658299361693 -2.481772185245135 7
    endloop
  endfacet
  facet normal 0 0 1
    outer loop
      vertex -26.767248723062774 -5.464582201835855 7
      vertex 20.698658299361693 -2.481772185245135 7
      vertex 20.579107396632406 -2.4643152023291273 7
    endloop
  endfacet
  facet normal 0 0 1
    outer loop
      vertex -26.767248723062774 -5.464582201835855 7
      vertex 20.93959063690967 -2.499270035200482 7
      vertex 20.818912999595597 -2.493432874228728 7
    endloop
  endfacet
  facet normal 0 0 1
    outer loop
      vertex -26.767248723062774 -5.464582201835855 7
      vertex 21.06040936309033 -2.499270035200482 7
      vertex 20.93959063690967 -2.499270035200482 7
    endloop
  endfacet
  facet normal 0 0 1
    outer loop
      vertex -26.767248723062774 -5.464582201835855 7
      vertex 20.113487782393662 -2.337540606713537 7
      vertex 20.00158854108576 -2.291980488291456 7
    endloop
  endfacet
  facet normal 0 0 1
    outer loop
      vertex -26.767248723062774 -5.464582201835855 7
      vertex 20.343231554503532 -2.4121888833588785 7
      vertex 20.227457514062632 -2.3776412907378837 7
    endloop
  endfacet
  facet normal 0 0 1
    outer loop
      vertex -26.767248723062774 -5.464582201835855 7
      vertex 20.460539508080487 -2.4411026970731804 7
      vertex 20.343231554503532 -2.4121888833588785 7
    endloop
  endfacet
  facet normal 0 0 1
    outer loop
      vertex -26.767248723062774 -5.464582201835855 7
      vertex 20.227457514062632 -2.3776412907378837 7
      vertex 20.113487782393662 -2.337540606713537 7
    endloop
  endfacet
  facet normal 0 0 1
    outer loop
      vertex -26.767248723062774 -5.464582201835855 7
      vertex 20.00158854108576 -2.291980488291456 7
      vertex 19.892021136001897 -2.2410673432392594 7
    endloop
  endfacet
  facet normal 0 0 1
    outer loop
      vertex -26.767248723062774 -5.464582201835855 7
      vertex 19.892021136001897 -2.2410673432392594 7
      vertex 19.785041466893485 -2.1849200815662955 7
    endloop
  endfacet
  facet normal 0 0 1
    outer loop
      vertex -26.767248723062774 -5.464582201835855 7
      vertex 21.181087000404403 -2.493432874228728 7
      vertex 21.06040936309033 -2.499270035200482 7
    endloop
  endfacet
  facet normal 0 0 1
    outer loop
      vertex -24.5 -6.5 7
      vertex 24.5 -6.5 7
      vertex 25.20727680652828 -6.415434704970625 7
    endloop
  endfacet
  facet normal 0 0 1
    outer loop
      vertex -26.767248723062774 -5.464582201835855 7
      vertex 18.546574684651468 -0.4803167933842705 7
      vertex 18.526234001372373 -0.3612226239230538 7
    endloop
  endfacet
  facet normal 0 0 1
    outer loop
      vertex -26.767248723062774 -5.464582201835855 7
      vertex 18.526234001372373 -0.3612226239230538 7
      vertex 18.51167091320588 -0.24128480228628815 7
    endloop
  endfacet
  facet normal 0 0 1
    outer loop
      vertex -26.767248723062774 -5.464582201835855 7
      vertex 18.51167091320588 -0.24128480228628815 7
      vertex 18.502919432919185 -0.12078344881376785 7
    endloop
  endfacet
  facet normal 0 0 1
    outer loop
      vertex -26.767248723062774 -5.464582201835855 7
      vertex 18.502919432919185 -0.12078344881376785 7
      vertex 18.5 0 7
    endloop
  endfacet
  facet normal 0 0 1
    outer loop
      vertex -26.767248723062774 -5.464582201835855 7
      vertex 18.5 0 7
      vertex 18.502919432919185 0.12078344881376785 7
    endloop
  endfacet
  facet normal 0 0 1
    outer loop
      vertex -26.767248723062774 -5.464582201835855 7
      vertex 18.502919432919185 0.12078344881376785 7
      vertex 18.51167091320588 0.24128480228628815 7
    endloop
  endfacet
  facet normal 0 0 1
    outer loop
      vertex -26.767248723062774 -5.464582201835855 7
      vertex 19.68089938973467 -2.123669837803803 7
      vertex 19.57983813317211 -2.057459664734141 7
    endloop
  endfacet
  facet normal 0 0 1
    outer loop
      vertex -26.767248723062774 -5.464582201835855 7
      vertex 19.57983813317211 -2.057459664734141 7
      vertex 19.482093730453222 -1.9864441992843855 7
    endloop
  endfacet
  facet normal 0 0 1
    outer loop
      vertex -26.767248723062774 -5.464582201835855 7
      vertex 19.482093730453222 -1.9864441992843855 7
      vertex 19.387894468159573 -1.9107893013646207 7
    endloop
  endfacet
  facet normal 0 0 1
    outer loop
      vertex -26.767248723062774 -5.464582201835855 7
      vertex 19.387894468159573 -1.9107893013646207 7
      vertex 19.297460353033006 -1.8306716664944334 7
    endloop
  endfacet
  facet normal 0 0 1
    outer loop
      vertex -26.767248723062774 -5.464582201835855 7
      vertex 19.211002598139697 -1.746278413122343 7
      vertex 19.128723129572247 -1.6578066456019882 7
    endloop
  endfacet
  facet normal 0 0 1
    outer loop
      vertex -26.767248723062774 -5.464582201835855 7
      vertex 19.128723129572247 -1.6578066456019882 7
      vertex 19.050814114841945 -1.5654629938457845 7
    endloop
  endfacet
  facet normal 0 0 1
    outer loop
      vertex -26.767248723062774 -5.464582201835855 7
      vertex 19.297460353033006 -1.8306716664944334 7
      vertex 19.211002598139697 -1.746278413122343 7
    endloop
  endfacet
  facet normal 0 0 1
    outer loop
      vertex -26.767248723062774 -5.464582201835855 7
      vertex 19.050814114841945 -1.5654629938457845 7
      vertex 18.977457514062632 -1.469463130731183 7
    endloop
  endfacet
  facet normal 0 0 1
    outer loop
      vertex -26.767248723062774 -5.464582201835855 7
      vertex 18.977457514062632 -1.469463130731183 7
      vertex 18.90882465497443 -1.3700312683866747 7
    endloop
  endfacet
  facet normal 0 0 1
    outer loop
      vertex -26.767248723062774 -5.464582201835855 7
      vertex 18.90882465497443 -1.3700312683866747 7
      vertex 18.84507583279988 -1.2673996345339755 7
    endloop
  endfacet
  facet normal 0 0 1
    outer loop
      vertex -26.767248723062774 -5.464582201835855 7
      vertex 18.84507583279988 -1.2673996345339755 7
      vertex 18.786359935866976 -1.1618079301094208 7
    endloop
  endfacet
  facet normal 0 0 1
    outer loop
      vertex -26.767248723062774 -5.464582201835855 7
      vertex 18.786359935866976 -1.1618079301094208 7
      vertex 18.732814097873636 -1.053502769431323 7
    endloop
  endfacet
  facet normal 0 0 1
    outer loop
      vertex -26.767248723062774 -5.464582201835855 7
      vertex 18.732814097873636 -1.053502769431323 7
      vertex 18.68456337760556 -0.9427371042208015 7
    endloop
  endfacet
  facet normal 0 0 1
    outer loop
      vertex -26.767248723062774 -5.464582201835855 7
      vertex 18.68456337760556 -0.9427371042208015 7
      vertex 18.64172046685564 -0.8297696328213212 7
    endloop
  endfacet
  facet normal 0 0 1
    outer loop
      vertex -26.767248723062774 -5.464582201835855 7
      vertex 18.64172046685564 -0.8297696328213212 7
      vertex 18.604385427227086 -0.714864195996723 7
    endloop
  endfacet
  facet normal 0 0 1
    outer loop
      vertex -26.767248723062774 -5.464582201835855 7
      vertex 18.604385427227086 -0.714864195996723 7
      vertex 18.57264545643487 -0.598289160718894 7
    endloop
  endfacet
  facet normal 0 0 1
    outer loop
      vertex -26.767248723062774 -5.464582201835855 7
      vertex 18.57264545643487 -0.598289160718894 7
      vertex 18.546574684651468 -0.4803167933842705 7
    endloop
  endfacet
  facet normal 0 0 1
    outer loop
      vertex -26.767248723062774 -5.464582201835855 7
      vertex 18.51167091320588 0.24128480228628815 7
      vertex 18.526234001372373 0.3612226239230538 7
    endloop
  endfacet
  facet normal 0 0 1
    outer loop
      vertex -26.767248723062774 -5.464582201835855 7
      vertex 18.526234001372373 0.3612226239230538 7
      vertex 18.546574684651468 0.4803167933842705 7
    endloop
  endfacet
  facet normal 0 0 1
    outer loop
      vertex -26.767248723062774 -5.464582201835855 7
      vertex 18.546574684651468 0.4803167933842705 7
      vertex 18.57264545643487 0.598289160718894 7
    endloop
  endfacet
  facet normal 0 0 1
    outer loop
      vertex -26.767248723062774 -5.464582201835855 7
      vertex 18.57264545643487 0.598289160718894 7
      vertex 18.604385427227086 0.714864195996723 7
    endloop
  endfacet
  facet normal 0 0 1
    outer loop
      vertex -26.767248723062774 -5.464582201835855 7
      vertex 18.604385427227086 0.714864195996723 7
      vertex 18.64172046685564 0.8297696328213212 7
    endloop
  endfacet
  facet normal 0 0 1
    outer loop
      vertex -26.767248723062774 -5.464582201835855 7
      vertex 18.64172046685564 0.8297696328213212 7
      vertex 18.68456337760556 0.9427371042208015 7
    endloop
  endfacet
  facet normal 0 0 1
    outer loop
      vertex -26.767248723062774 -5.464582201835855 7
      vertex 18.68456337760556 0.9427371042208015 7
      vertex 18.732814097873636 1.053502769431323 7
    endloop
  endfacet
  facet normal 0 0 1
    outer loop
      vertex -26.767248723062774 -5.464582201835855 7
      vertex 18.732814097873636 1.053502769431323 7
      vertex 18.786359935866976 1.1618079301094208 7
    endloop
  endfacet
  facet normal 0 0 1
    outer loop
      vertex -26.767248723062774 -5.464582201835855 7
      vertex 18.786359935866976 1.1618079301094208 7
      vertex 18.84507583279988 1.2673996345339755 7
    endloop
  endfacet
  facet normal 0 0 1
    outer loop
      vertex -26.767248723062774 -5.464582201835855 7
      vertex 18.84507583279988 1.2673996345339755 7
      vertex 18.90882465497443 1.3700312683866747 7
    endloop
  endfacet
  facet normal 0 0 1
    outer loop
      vertex -26.767248723062774 -5.464582201835855 7
      vertex 18.90882465497443 1.3700312683866747 7
      vertex 18.977457514062632 1.469463130731183 7
    endloop
  endfacet
  facet normal 0 0 1
    outer loop
      vertex -26.767248723062774 -5.464582201835855 7
      vertex 18.977457514062632 1.469463130731183 7
      vertex 19.050814114841945 1.5654629938457845 7
    endloop
  endfacet
  facet normal 0 0 1
    outer loop
      vertex -26.767248723062774 -5.464582201835855 7
      vertex 19.050814114841945 1.5654629938457845 7
      vertex 19.128723129572247 1.6578066456019882 7
    endloop
  endfacet
  facet normal 0 0 1
    outer loop
      vertex -26.767248723062774 -5.464582201835855 7
      vertex 19.128723129572247 1.6578066456019882 7
      vertex 19.211002598139697 1.746278413122343 7
    endloop
  endfacet
  facet normal 0 0 1
    outer loop
      vertex -26.767248723062774 -5.464582201835855 7
      vertex 19.211002598139697 1.746278413122343 7
      vertex 19.297460353033006 1.8306716664944334 7
    endloop
  endfacet
  facet normal 0 0 1
    outer loop
      vertex -26.767248723062774 -5.464582201835855 7
      vertex 19.297460353033006 1.8306716664944334 7
      vertex 19.387894468159573 1.9107893013646207 7
    endloop
  endfacet
  facet normal 0 0 1
    outer loop
      vertex -26.767248723062774 -5.464582201835855 7
      vertex 19.387894468159573 1.9107893013646207 7
      vertex 19.482093730453222 1.9864441992843855 7
    endloop
  endfacet
  facet normal 0 0 1
    outer loop
      vertex -26.767248723062774 -5.464582201835855 7
      vertex 19.482093730453222 1.9864441992843855 7
      vertex 19.57983813317211 2.057459664734141 7
    endloop
  endfacet
  facet normal 0 0 1
    outer loop
      vertex -26.767248723062774 -5.464582201835855 7
      vertex 19.57983813317211 2.057459664734141 7
      vertex 19.68089938973467 2.123669837803803 7
    endloop
  endfacet
  facet normal 0 0 1
    outer loop
      vertex -26.767248723062774 -5.464582201835855 7
      vertex 19.68089938973467 2.123669837803803 7
      vertex 19.785041466893485 2.1849200815662946 7
    endloop
  endfacet
  facet normal 0 0 1
    outer loop
      vertex -26.767248723062774 -5.464582201835855 7
      vertex 19.785041466893485 2.1849200815662946 7
      vertex 19.892021136001897 2.2410673432392594 7
    endloop
  endfacet
  facet normal 0 0 1
    outer loop
      vertex -26.767248723062774 -5.464582201835855 7
      vertex 19.892021136001897 2.2410673432392594 7
      vertex 20.001588541085763 2.291980488291456 7
    endloop
  endfacet
  facet normal 0 0 1
    outer loop
      vertex -26.767248723062774 -5.464582201835855 7
      vertex 20.001588541085763 2.291980488291456 7
      vertex 20.113487782393662 2.337540606713537 7
    endloop
  endfacet
  facet normal 0 0 1
    outer loop
      vertex -26.767248723062774 -5.464582201835855 7
      vertex 20.113487782393662 2.337540606713537 7
      vertex 20.227457514062632 2.3776412907378837 7
    endloop
  endfacet
  facet normal 0 0 1
    outer loop
      vertex -26.767248723062774 -5.464582201835855 7
      vertex 20.227457514062632 2.3776412907378837 7
      vertex 20.343231554503532 2.4121888833588785 7
    endloop
  endfacet
  facet normal 0 0 1
    outer loop
      vertex -26.767248723062774 -5.464582201835855 7
      vertex 20.343231554503532 2.4121888833588785 7
      vertex 20.460539508080483 2.4411026970731804 7
    endloop
  endfacet
  facet normal 0 0 1
    outer loop
      vertex -26.767248723062774 -5.464582201835855 7
      vertex 20.460539508080483 2.4411026970731804 7
      vertex 20.579107396632402 2.4643152023291273 7
    endloop
  endfacet
  facet normal 0.02379769754610845 -0.9997167946931291 0
    outer loop
      vertex 24.642745747471228 -6.496602017549024 -7
      vertex 24.642745747471228 -6.496602017549024 7
      vertex 24.5 -6.5 7
    endloop
  endfacet
  facet normal 0.07133918319923316 -0.9974521146102535 0
    outer loop
      vertex 24.642745747471228 -6.496602017549024 -7
      vertex 24.78516812991255 -6.4864157677192535 7
      vertex 24.642745747471228 -6.496602017549024 7
    endloop
  endfacet
  facet normal 0.07133918319922539 -0.997452114610254 4.592991974669818e-17
    outer loop
      vertex 24.642745747471228 -6.496602017549024 -7
      vertex 24.78516812991255 -6.4864157677192535 6.99
      vertex 24.78516812991255 -6.4864157677192535 7
    endloop
  endfacet
  facet normal 0.11871906265730309 -0.9929278846732885 0
    outer loop
      vertex 24.78516812991255 -6.4864157677192535 -7
      vertex 24.926944514819855 -6.469464325642798 6.99
      vertex 24.78516812991255 -6.4864157677192535 6.99
    endloop
  endfacet
  facet normal 0.16583000525436095 -0.9861543537181887 4.829231751593506e-18
    outer loop
      vertex 25.067753733081233 -6.44578609178812 -7
      vertex 24.926944514819855 -6.469464325642798 7
      vertex 24.926944514819855 -6.469464325642798 6.99
    endloop
  endfacet
  facet normal 0.16583000525437153 -0.9861543537181869 0
    outer loop
      vertex 25.067753733081233 -6.44578609178812 -7
      vertex 25.067753733081233 -6.44578609178812 7
      vertex 24.926944514819855 -6.469464325642798 7
    endloop
  endfacet
  facet normal 0.2125652895529804 -0.9771468659711587 0
    outer loop
      vertex 25.067753733081233 -6.44578609178812 -7
      vertex 25.20727680652828 -6.415434704970625 7
      vertex 25.067753733081233 -6.44578609178812 7
    endloop
  endfacet
  facet normal 0.2588190451025247 -0.9659258262890672 0
    outer loop
      vertex 25.34519767052429 -6.3784789208434916 -7
      vertex 25.34519767052429 -6.3784789208434916 7
      vertex 25.20727680652828 -6.415434704970625 7
    endloop
  endfacet
  facet normal 0.3044864922699092 -0.9525166539358598 0
    outer loop
      vertex 25.481203889952262 -6.3350024561440055 -7
      vertex 25.481203889952262 -6.3350024561440055 7
      vertex 25.34519767052429 -6.3784789208434916 7
    endloop
  endfacet
  facet normal 0.34946417959908743 -0.9369497249997658 0
    outer loop
      vertex 25.481203889952262 -6.3350024561440055 -7
      vertex 25.614987366980984 -6.285103799048218 7
      vertex 25.481203889952262 -6.3350024561440055 7
    endloop
  endfacet
  facet normal 0.3936502181619428 -0.9192603035816649 0
    outer loop
      vertex 25.74624503900566 -6.228895986063555 -7
      vertex 25.74624503900566 -6.228895986063555 7
      vertex 25.614987366980984 -6.285103799048218 7
    endloop
  endfacet
  facet normal 0.4369445123693638 -0.8994884619106012 0
    outer loop
      vertex 25.74624503900566 -6.228895986063555 -7
      vertex 25.87467956518223 -6.166506345964771 7
      vertex 25.74624503900566 -6.228895986063555 7
    endloop
  endfacet
  facet normal 0.4792489867200553 -0.8776789895672564 0
    outer loop
      vertex 26 -6.098076211353316 -7
      vertex 26 -6.098076211353316 7
      vertex 25.87467956518223 -6.166506345964771 7
    endloop
  endfacet
  facet normal 0.520467807973076 -0.8538812920211457 0
    outer loop
      vertex 26.121922452366793 -6.023760598493543 -7
      vertex 26.121922452366793 -6.023760598493543 7
      vertex 26 -6.098076211353316 7
    endloop
  endfacet
  facet normal 0.5605076022408907 -0.828149278711373 0
    outer loop
      vertex 26.121922452366793 -6.023760598493543 -7
      vertex 26.240170728713593 -5.943727856151008 7
      vertex 26.121922452366793 -6.023760598493543 7
    endloop
  endfacet
  facet normal 0.5992776665113438 -0.8005412409243627 0
    outer loop
      vertex 26.354476958661817 -5.858159284228362 -7
      vertex 26.354476958661817 -5.858159284228362 6.99
      vertex 26.240170728713593 -5.943727856151008 7
    endloop
  endfacet
  facet normal 0.636690174119088 -0.7711197197453877 0
    outer loop
      vertex 26.354476958661817 -5.858159284228362 -7
      vertex 26.464582201835857 -5.7672487230627745 6.99
      vertex 26.354476958661817 -5.858159284228362 6.99
    endloop
  endfacet
  facet normal 0.6726603737012544 -0.7399513643828822 0
    outer loop
      vertex 26.570237034446336 -5.671202114315211 -7
      vertex 26.570237034446336 -5.671202114315211 7
      vertex 26.464582201835857 -5.7672487230627745 6.99
    endloop
  endfacet
  facet normal 0.7071067811865475 -0.7071067811865475 0
    outer loop
      vertex 26.570237034446336 -5.671202114315211 -7
      vertex 26.67120211431521 -5.570237034446336 6.99
      vertex 26.570237034446336 -5.671202114315211 7
    endloop
  endfacet
  facet normal 0.7399513643828822 -0.6726603737012543 0
    outer loop
      vertex 26.67120211431521 -5.570237034446336 -7
      vertex 26.767248723062774 -5.4645822018358565 7
      vertex 26.67120211431521 -5.570237034446336 6.99
    endloop
  endfacet
  facet normal 0.7711197197453842 -0.6366901741190925 0
    outer loop
      vertex 26.858159284228364 -5.354476958661816 -7
      vertex 26.858159284228364 -5.354476958661816 6.99
      vertex 26.767248723062774 -5.4645822018358565 7
    endloop
  endfacet
  facet normal 0.8005412409243932 -0.5992776665113032 2.798727458147377e-16
    outer loop
      vertex 26.943727856151007 -5.2401707287135935 -7
      vertex 26.858159284228364 -5.354476958661816 7
      vertex 26.858159284228364 -5.354476958661816 6.99
    endloop
  endfacet
  facet normal 0.8005412409243694 -0.5992776665113348 0
    outer loop
      vertex 26.943727856151007 -5.2401707287135935 -7
      vertex 26.943727856151007 -5.2401707287135935 7
      vertex 26.858159284228364 -5.354476958661816 7
    endloop
  endfacet
  facet normal 0.8281492787113711 -0.5605076022408936 0
    outer loop
      vertex 27.023760598493542 -5.121922452366793 -7
      vertex 27.023760598493542 -5.121922452366793 7
      vertex 26.943727856151007 -5.2401707287135935 7
    endloop
  endfacet
  facet normal 0.8538812920211447 -0.5204678079730778 0
    outer loop
      vertex 27.023760598493542 -5.121922452366793 -7
      vertex 27.098076211353316 -5 7
      vertex 27.023760598493542 -5.121922452366793 7
    endloop
  endfacet
  facet normal 0.8776789895672591 -0.4792489867200505 0
    outer loop
      vertex 27.098076211353316 -5 -7
      vertex 27.16650634596477 -4.87467956518223 6.99
      vertex 27.098076211353316 -5 7
    endloop
  endfacet
  facet normal 0.8994884619105974 -0.4369445123693714 0
    outer loop
      vertex 27.228895986063556 -4.74624503900566 -7
      vertex 27.228895986063556 -4.74624503900566 7
      vertex 27.16650634596477 -4.87467956518223 6.99
    endloop
  endfacet
  facet normal 0.9192603035816649 -0.3936502181619428 0
    outer loop
      vertex 27.228895986063556 -4.74624503900566 -7
      vertex 27.28510379904822 -4.614987366980983 7
      vertex 27.228895986063556 -4.74624503900566 7
    endloop
  endfacet
  facet normal 0.9369497249997615 -0.349464179599099 0
    outer loop
      vertex 27.28510379904822 -4.614987366980983 -7
      vertex 27.335002456144007 -4.481203889952264 7
      vertex 27.28510379904822 -4.614987366980983 7
    endloop
  endfacet
  facet normal 0.9525166539358646 -0.3044864922698943 0
    outer loop
      vertex 27.335002456144007 -4.481203889952264 -7
      vertex 27.37847892084349 -4.345197670524289 7
      vertex 27.335002456144007 -4.481203889952264 7
    endloop
  endfacet
  facet normal 0.952516653935867 -0.3044864922698866 1.4700974850990803e-16
    outer loop
      vertex 27.335002456144007 -4.481203889952264 -7
      vertex 27.37847892084349 -4.345197670524289 6.99
      vertex 27.37847892084349 -4.345197670524289 7
    endloop
  endfacet
  facet normal 0.9659258262890672 -0.2588190451025247 0
    outer loop
      vertex 27.415434704970625 -4.207276806528281 -7
      vertex 27.415434704970625 -4.207276806528281 7
      vertex 27.37847892084349 -4.345197670524289 6.99
    endloop
  endfacet
  facet normal 0.9771468659711616 -0.21256528955296725 0
    outer loop
      vertex 27.415434704970625 -4.207276806528281 -7
      vertex 27.44578609178812 -4.067753733081232 7
      vertex 27.415434704970625 -4.207276806528281 7
    endloop
  endfacet
  facet normal 0.9861543537181867 -0.16583000525437355 0
    outer loop
      vertex 27.44578609178812 -4.067753733081232 -7
      vertex 27.469464325642797 -3.926944514819856 7
      vertex 27.44578609178812 -4.067753733081232 7
    endloop
  endfacet
  facet normal 0.9929278846732865 -0.11871906265731928 0
    outer loop
      vertex 27.486415767719254 -3.785168129912547 -7
      vertex 27.486415767719254 -3.785168129912547 6.99
      vertex 27.469464325642797 -3.926944514819856 7
    endloop
  endfacet
  facet normal 0.9974521146102543 -0.07133918319922188 0
    outer loop
      vertex 27.486415767719254 -3.785168129912547 -7
      vertex 27.496602017549023 -3.642745747471228 6.99
      vertex 27.486415767719254 -3.785168129912547 6.99
    endloop
  endfacet
  facet normal 0.9997167946931289 -0.02379769754611459 0
    outer loop
      vertex 27.5 -3.5 -7
      vertex 27.5 -3.5 7
      vertex 27.496602017549023 -3.642745747471228 6.99
    endloop
  endfacet
  facet normal 0 0 1
    outer loop
      vertex 24.5 -6.5 7
      vertex 24.642745747471228 -6.496602017549024 7
      vertex 24.78516812991255 -6.4864157677192535 7
    endloop
  endfacet
  facet normal 0.11871906265730307 -0.9929278846732885 0
    outer loop
      vertex 24.78516812991255 -6.4864157677192535 6.99
      vertex 24.926944514819855 -6.469464325642798 6.99
      vertex 24.78516812991255 -6.4864157677192535 7
    endloop
  endfacet
  facet normal 0.11871906265730307 -0.9929278846732885 -7.635141946021334e-17
    outer loop
      vertex 24.78516812991255 -6.4864157677192535 7
      vertex 24.926944514819855 -6.469464325642798 6.99
      vertex 24.926944514819855 -6.469464325642798 7
    endloop
  endfacet
  facet normal 0 0 1
    outer loop
      vertex 24.5 -6.5 7
      vertex 24.78516812991255 -6.4864157677192535 7
      vertex 25.20727680652828 -6.415434704970625 7
    endloop
  endfacet
  facet normal 0 0 1
    outer loop
      vertex 24.78516812991255 -6.4864157677192535 7
      vertex 24.926944514819855 -6.469464325642798 7
      vertex 25.20727680652828 -6.415434704970625 7
    endloop
  endfacet
  facet normal 0 0 1
    outer loop
      vertex 24.926944514819855 -6.469464325642798 7
      vertex 25.067753733081233 -6.44578609178812 7
      vertex 25.20727680652828 -6.415434704970625 7
    endloop
  endfacet
  facet normal 0 0 1
    outer loop
      vertex 25.20727680652828 -6.415434704970625 7
      vertex 25.34519767052429 -6.3784789208434916 7
      vertex 25.614987366980984 -6.285103799048218 7
    endloop
  endfacet
  facet normal 0 0 1
    outer loop
      vertex 25.34519767052429 -6.3784789208434916 7
      vertex 25.481203889952262 -6.3350024561440055 7
      vertex 25.614987366980984 -6.285103799048218 7
    endloop
  endfacet
  facet normal 0 0 1
    outer loop
      vertex 25.20727680652828 -6.415434704970625 7
      vertex 25.614987366980984 -6.285103799048218 7
      vertex 25.87467956518223 -6.166506345964771 7
    endloop
  endfacet
  facet normal 0 0 1
    outer loop
      vertex 25.614987366980984 -6.285103799048218 7
      vertex 25.74624503900566 -6.228895986063555 7
      vertex 25.87467956518223 -6.166506345964771 7
    endloop
  endfacet
  facet normal 0 0 1
    outer loop
      vertex 25.20727680652828 -6.415434704970625 7
      vertex 25.87467956518223 -6.166506345964771 7
      vertex 26.570237034446336 -5.671202114315211 7
    endloop
  endfacet
  facet normal 0 0 1
    outer loop
      vertex 25.87467956518223 -6.166506345964771 7
      vertex 26 -6.098076211353316 7
      vertex 26.240170728713593 -5.943727856151008 7
    endloop
  endfacet
  facet normal 0 0 1
    outer loop
      vertex 26 -6.098076211353316 7
      vertex 26.121922452366793 -6.023760598493543 7
      vertex 26.240170728713593 -5.943727856151008 7
    endloop
  endfacet
  facet normal 0 0 1
    outer loop
      vertex 25.87467956518223 -6.166506345964771 7
      vertex 26.240170728713593 -5.943727856151008 7
      vertex 26.570237034446336 -5.671202114315211 7
    endloop
  endfacet
  facet normal 0.599277666511344 -0.8005412409243627 -4.667160748802245e-16
    outer loop
      vertex 26.240170728713593 -5.943727856151008 7
      vertex 26.354476958661817 -5.858159284228362 6.99
      vertex 26.354476958661817 -5.858159284228362 7
    endloop
  endfacet
  facet normal 0.6366901741190881 -0.7711197197453876 0
    outer loop
      vertex 26.354476958661817 -5.858159284228362 6.99
      vertex 26.464582201835857 -5.7672487230627745 6.99
      vertex 26.354476958661817 -5.858159284228362 7
    endloop
  endfacet
  facet normal 0 0 1
    outer loop
      vertex 26.240170728713593 -5.943727856151008 7
      vertex 26.354476958661817 -5.858159284228362 7
      vertex 26.570237034446336 -5.671202114315211 7
    endloop
  endfacet
  facet normal 0.6366901741190881 -0.7711197197453876 3.4319744541360446e-16
    outer loop
      vertex 26.354476958661817 -5.858159284228362 7
      vertex 26.464582201835857 -5.7672487230627745 6.99
      vertex 26.464582201835857 -5.7672487230627745 7
    endloop
  endfacet
  facet normal 0 0 1
    outer loop
      vertex 26.354476958661817 -5.858159284228362 7
      vertex 26.464582201835857 -5.7672487230627745 7
      vertex 26.570237034446336 -5.671202114315211 7
    endloop
  endfacet
  facet normal 0.6726603737012543 -0.7399513643828822 0
    outer loop
      vertex 26.464582201835857 -5.7672487230627745 6.99
      vertex 26.570237034446336 -5.671202114315211 7
      vertex 26.464582201835857 -5.7672487230627745 7
    endloop
  endfacet
  facet normal 0.7071067811865476 -0.7071067811865476 -2.3853428523048195e-16
    outer loop
      vertex 26.570237034446336 -5.671202114315211 7
      vertex 26.67120211431521 -5.570237034446336 6.99
      vertex 26.67120211431521 -5.570237034446336 7
    endloop
  endfacet
  facet normal 0 0 1
    outer loop
      vertex 25.20727680652828 -6.415434704970625 7
      vertex 26.570237034446336 -5.671202114315211 7
      vertex 27.415434704970625 -4.207276806528281 7
    endloop
  endfacet
  facet normal 0 0 1
    outer loop
      vertex 26.570237034446336 -5.671202114315211 7
      vertex 26.67120211431521 -5.570237034446336 7
      vertex 26.767248723062774 -5.4645822018358565 7
    endloop
  endfacet
  facet normal 0.7399513643828822 -0.6726603737012543 0
    outer loop
      vertex 26.67120211431521 -5.570237034446336 6.99
      vertex 26.767248723062774 -5.4645822018358565 7
      vertex 26.67120211431521 -5.570237034446336 7
    endloop
  endfacet
  facet normal 0 0 1
    outer loop
      vertex 26.570237034446336 -5.671202114315211 7
      vertex 26.767248723062774 -5.4645822018358565 7
      vertex 26.858159284228364 -5.354476958661816 7
    endloop
  endfacet
  facet normal 0.7711197197453841 -0.6366901741190925 -5.145576922964792e-16
    outer loop
      vertex 26.767248723062774 -5.4645822018358565 7
      vertex 26.858159284228364 -5.354476958661816 6.99
      vertex 26.858159284228364 -5.354476958661816 7
    endloop
  endfacet
  facet normal 0 0 1
    outer loop
      vertex 26.570237034446336 -5.671202114315211 7
      vertex 26.858159284228364 -5.354476958661816 7
      vertex 27.098076211353316 -5 7
    endloop
  endfacet
  facet normal 0 0 1
    outer loop
      vertex 26.858159284228364 -5.354476958661816 7
      vertex 26.943727856151007 -5.2401707287135935 7
      vertex 27.098076211353316 -5 7
    endloop
  endfacet
  facet normal 0 0 1
    outer loop
      vertex 26.943727856151007 -5.2401707287135935 7
      vertex 27.023760598493542 -5.121922452366793 7
      vertex 27.098076211353316 -5 7
    endloop
  endfacet
  facet normal 0 0 1
    outer loop
      vertex 26.570237034446336 -5.671202114315211 7
      vertex 27.098076211353316 -5 7
      vertex 27.415434704970625 -4.207276806528281 7
    endloop
  endfacet
  facet normal 0.8776789895672591 -0.47924898672005045 -4.560096541783058e-16
    outer loop
      vertex 27.098076211353316 -5 7
      vertex 27.16650634596477 -4.87467956518223 6.99
      vertex 27.16650634596477 -4.87467956518223 7
    endloop
  endfacet
  facet normal 0 0 1
    outer loop
      vertex 25.20727680652828 -6.415434704970625 7
      vertex 21.301341700638307 -2.481772185245135 7
      vertex 21.181087000404403 -2.493432874228728 7
    endloop
  endfacet
  facet normal 0 0 1
    outer loop
      vertex 25.20727680652828 -6.415434704970625 7
      vertex 21.420892603367594 -2.4643152023291273 7
      vertex 21.301341700638307 -2.481772185245135 7
    endloop
  endfacet
  facet normal 0 0 1
    outer loop
      vertex 25.20727680652828 -6.415434704970625 7
      vertex 21.539460491919513 -2.4411026970731804 7
      vertex 21.420892603367594 -2.4643152023291273 7
    endloop
  endfacet
  facet normal 0 0 1
    outer loop
      vertex 25.20727680652828 -6.415434704970625 7
      vertex 21.656768445496468 -2.4121888833588785 7
      vertex 21.539460491919513 -2.4411026970731804 7
    endloop
  endfacet
  facet normal 0 0 1
    outer loop
      vertex 25.20727680652828 -6.415434704970625 7
      vertex 21.772542485937368 -2.3776412907378837 7
      vertex 21.656768445496468 -2.4121888833588785 7
    endloop
  endfacet
  facet normal 0 0 1
    outer loop
      vertex 25.20727680652828 -6.415434704970625 7
      vertex 21.886512217606338 -2.337540606713537 7
      vertex 21.772542485937368 -2.3776412907378837 7
    endloop
  endfacet
  facet normal 0 0 1
    outer loop
      vertex 25.20727680652828 -6.415434704970625 7
      vertex 21.99841145891424 -2.291980488291456 7
      vertex 21.886512217606338 -2.337540606713537 7
    endloop
  endfacet
  facet normal 0 0 1
    outer loop
      vertex 25.20727680652828 -6.415434704970625 7
      vertex 22.107978863998103 -2.2410673432392594 7
      vertex 21.99841145891424 -2.291980488291456 7
    endloop
  endfacet
  facet normal 0 0 1
    outer loop
      vertex 25.20727680652828 -6.415434704970625 7
      vertex 22.214958533106515 -2.1849200815662946 7
      vertex 22.107978863998103 -2.2410673432392594 7
    endloop
  endfacet
  facet normal 0 0 1
    outer loop
      vertex 25.20727680652828 -6.415434704970625 7
      vertex 22.319100610265334 -2.123669837803802 7
      vertex 22.214958533106515 -2.1849200815662946 7
    endloop
  endfacet
  facet normal 0 0 1
    outer loop
      vertex 25.20727680652828 -6.415434704970625 7
      vertex 22.42016186682789 -2.0574596647341403 7
      vertex 22.319100610265334 -2.123669837803802 7
    endloop
  endfacet
  facet normal 0 0 1
    outer loop
      vertex 25.20727680652828 -6.415434704970625 7
      vertex 22.517906269546778 -1.9864441992843864 7
      vertex 22.42016186682789 -2.0574596647341403 7
    endloop
  endfacet
  facet normal 0 0 1
    outer loop
      vertex 25.20727680652828 -6.415434704970625 7
      vertex 22.612105531840427 -1.9107893013646216 7
      vertex 22.517906269546778 -1.9864441992843864 7
    endloop
  endfacet
  facet normal 0 0 1
    outer loop
      vertex 25.20727680652828 -6.415434704970625 7
      vertex 22.702539646966994 -1.8306716664944345 7
      vertex 22.612105531840427 -1.9107893013646216 7
    endloop
  endfacet
  facet normal 0 0 1
    outer loop
      vertex 25.20727680652828 -6.415434704970625 7
      vertex 22.788997401860303 -1.746278413122343 7
      vertex 22.702539646966994 -1.8306716664944345 7
    endloop
  endfacet
  facet normal 0 0 1
    outer loop
      vertex 25.20727680652828 -6.415434704970625 7
      vertex 22.871276870427753 -1.6578066456019882 7
      vertex 22.788997401860303 -1.746278413122343 7
    endloop
  endfacet
  facet normal 0 0 1
    outer loop
      vertex 27.098076211353316 -5 7
      vertex 27.16650634596477 -4.87467956518223 7
      vertex 27.228895986063556 -4.74624503900566 7
    endloop
  endfacet
  facet normal 0.8994884619105974 -0.4369445123693714 0
    outer loop
      vertex 27.16650634596477 -4.87467956518223 6.99
      vertex 27.228895986063556 -4.74624503900566 7
      vertex 27.16650634596477 -4.87467956518223 7
    endloop
  endfacet
  facet normal 0 0 1
    outer loop
      vertex 27.098076211353316 -5 7
      vertex 27.228895986063556 -4.74624503900566 7
      vertex 27.28510379904822 -4.614987366980983 7
    endloop
  endfacet
  facet normal 0 0 1
    outer loop
      vertex 27.098076211353316 -5 7
      vertex 27.28510379904822 -4.614987366980983 7
      vertex 27.415434704970625 -4.207276806528281 7
    endloop
  endfacet
  facet normal 0 0 1
    outer loop
      vertex 27.28510379904822 -4.614987366980983 7
      vertex 27.335002456144007 -4.481203889952264 7
      vertex 27.37847892084349 -4.345197670524289 7
    endloop
  endfacet
  facet normal 0 0 1
    outer loop
      vertex 27.28510379904822 -4.614987366980983 7
      vertex 27.37847892084349 -4.345197670524289 7
      vertex 27.415434704970625 -4.207276806528281 7
    endloop
  endfacet
  facet normal 0.9659258262890673 -0.2588190451025247 0
    outer loop
      vertex 27.37847892084349 -4.345197670524289 6.99
      vertex 27.415434704970625 -4.207276806528281 7
      vertex 27.37847892084349 -4.345197670524289 7
    endloop
  endfacet
  facet normal 0 0 1
    outer loop
      vertex 27.415434704970625 -4.207276806528281 7
      vertex 27.44578609178812 -4.067753733081232 7
      vertex 27.469464325642797 -3.926944514819856 7
    endloop
  endfacet
  facet normal 0 0 1
    outer loop
      vertex 27.415434704970625 -4.207276806528281 7
      vertex 27.469464325642797 -3.926944514819856 7
      vertex 27.5 -3.5 7
    endloop
  endfacet
  facet normal 0.9929278846732865 -0.11871906265731927 -8.38663064790481e-18
    outer loop
      vertex 27.469464325642797 -3.926944514819856 7
      vertex 27.486415767719254 -3.785168129912547 6.99
      vertex 27.486415767719254 -3.785168129912547 7
    endloop
  endfacet
  facet normal 0 0 1
    outer loop
      vertex 27.469464325642797 -3.926944514819856 7
      vertex 27.486415767719254 -3.785168129912547 7
      vertex 27.5 -3.5 7
    endloop
  endfacet
  facet normal 0.9974521146102542 -0.07133918319922188 0
    outer loop
      vertex 27.486415767719254 -3.785168129912547 6.99
      vertex 27.496602017549023 -3.642745747471228 6.99
      vertex 27.486415767719254 -3.785168129912547 7
    endloop
  endfacet
  facet normal 0.9974521146102542 -0.07133918319922188 4.11681995028746e-17
    outer loop
      vertex 27.486415767719254 -3.785168129912547 7
      vertex 27.496602017549023 -3.642745747471228 6.99
      vertex 27.496602017549023 -3.642745747471228 7
    endloop
  endfacet
  facet normal 0 0 1
    outer loop
      vertex 27.486415767719254 -3.785168129912547 7
      vertex 27.496602017549023 -3.642745747471228 7
      vertex 27.5 -3.5 7
    endloop
  endfacet
  facet normal 0.9997167946931289 -0.02379769754611459 0
    outer loop
      vertex 27.496602017549023 -3.642745747471228 6.99
      vertex 27.5 -3.5 7
      vertex 27.496602017549023 -3.642745747471228 7
    endloop
  endfacet
  facet normal 1 0 0
    outer loop
      vertex 27.5 -3.5 -7
      vertex 27.5 3.5 7
      vertex 27.5 -3.5 7
    endloop
  endfacet
  facet normal 0 0 1
    outer loop
      vertex 25.20727680652828 -6.415434704970625 7
      vertex 22.949185885158055 -1.5654629938457845 7
      vertex 22.871276870427753 -1.6578066456019882 7
    endloop
  endfacet
  facet normal 0 0 1
    outer loop
      vertex 25.20727680652828 -6.415434704970625 7
      vertex 23.022542485937368 -1.469463130731183 7
      vertex 22.949185885158055 -1.5654629938457845 7
    endloop
  endfacet
  facet normal 0 0 1
    outer loop
      vertex 25.20727680652828 -6.415434704970625 7
      vertex 23.09117534502557 -1.3700312683866747 7
      vertex 23.022542485937368 -1.469463130731183 7
    endloop
  endfacet
  facet normal 0 0 1
    outer loop
      vertex 25.20727680652828 -6.415434704970625 7
      vertex 23.15492416720012 -1.2673996345339755 7
      vertex 23.09117534502557 -1.3700312683866747 7
    endloop
  endfacet
  facet normal 0 0 1
    outer loop
      vertex 25.20727680652828 -6.415434704970625 7
      vertex 23.213640064133024 -1.1618079301094208 7
      vertex 23.15492416720012 -1.2673996345339755 7
    endloop
  endfacet
  facet normal 0 0 1
    outer loop
      vertex 25.20727680652828 -6.415434704970625 7
      vertex 23.267185902126364 -1.0535027694313222 7
      vertex 23.213640064133024 -1.1618079301094208 7
    endloop
  endfacet
  facet normal 0 0 1
    outer loop
      vertex 25.20727680652828 -6.415434704970625 7
      vertex 23.315436622394444 -0.9427371042208001 7
      vertex 23.267185902126364 -1.0535027694313222 7
    endloop
  endfacet
  facet normal 0 0 1
    outer loop
      vertex 25.20727680652828 -6.415434704970625 7
      vertex 23.35827953314436 -0.82976963282132 7
      vertex 23.315436622394444 -0.9427371042208001 7
    endloop
  endfacet
  facet normal 0 0 1
    outer loop
      vertex 25.20727680652828 -6.415434704970625 7
      vertex 23.395614572772914 -0.7148641959967243 7
      vertex 23.35827953314436 -0.82976963282132 7
    endloop
  endfacet
  facet normal 0 0 1
    outer loop
      vertex 25.20727680652828 -6.415434704970625 7
      vertex 23.42735454356513 -0.5982891607188954 7
      vertex 23.395614572772914 -0.7148641959967243 7
    endloop
  endfacet
  facet normal 0 0 1
    outer loop
      vertex 25.20727680652828 -6.415434704970625 7
      vertex 23.453425315348532 -0.48031679338427163 7
      vertex 23.42735454356513 -0.5982891607188954 7
    endloop
  endfacet
  facet normal 0 0 1
    outer loop
      vertex 25.20727680652828 -6.415434704970625 7
      vertex 23.473765998627627 -0.3612226239230538 7
      vertex 23.453425315348532 -0.48031679338427163 7
    endloop
  endfacet
  facet normal 0 0 1
    outer loop
      vertex 25.20727680652828 -6.415434704970625 7
      vertex 23.48832908679412 -0.24128480228628815 7
      vertex 23.473765998627627 -0.3612226239230538 7
    endloop
  endfacet
  facet normal 0 0 1
    outer loop
      vertex 25.20727680652828 -6.415434704970625 7
      vertex 23.497080567080815 -0.12078344881376785 7
      vertex 23.48832908679412 -0.24128480228628815 7
    endloop
  endfacet
  facet normal 0 0 1
    outer loop
      vertex 25.20727680652828 -6.415434704970625 7
      vertex 23.5 0 7
      vertex 23.497080567080815 -0.12078344881376785 7
    endloop
  endfacet
  facet normal 0 0 1
    outer loop
      vertex 25.20727680652828 -6.415434704970625 7
      vertex 27.415434704970625 -4.207276806528281 7
      vertex 27.5 3.5 7
    endloop
  endfacet
  facet normal 0 0 1
    outer loop
      vertex 27.415434704970625 -4.207276806528281 7
      vertex 27.5 -3.5 7
      vertex 27.5 3.5 7
    endloop
  endfacet
  facet normal 0 0 -1
    outer loop
      vertex -25.34519767052429 6.3784789208434916 -7
      vertex 19.482093730453222 -1.9864441992843855 -7
      vertex 19.57983813317211 -2.057459664734141 -7
    endloop
  endfacet
  facet normal 0 0 -1
    outer loop
      vertex -25.34519767052429 6.3784789208434916 -7
      vertex 19.050814114841945 -1.5654629938457845 -7
      vertex 19.128723129572247 -1.6578066456019882 -7
    endloop
  endfacet
  facet normal 0 0 -1
    outer loop
      vertex -25.34519767052429 6.3784789208434916 -7
      vertex 18.977457514062632 -1.469463130731183 -7
      vertex 19.050814114841945 -1.5654629938457845 -7
    endloop
  endfacet
  facet normal 0 0 -1
    outer loop
      vertex -25.34519767052429 6.3784789208434916 -7
      vertex 18.90882465497443 -1.3700312683866747 -7
      vertex 18.977457514062632 -1.469463130731183 -7
    endloop
  endfacet
  facet normal 0 0 -1
    outer loop
      vertex -25.34519767052429 6.3784789208434916 -7
      vertex 19.387894468159573 -1.9107893013646207 -7
      vertex 19.482093730453222 -1.9864441992843855 -7
    endloop
  endfacet
  facet normal 0 0 -1
    outer loop
      vertex -25.34519767052429 6.3784789208434916 -7
      vertex 19.297460353033006 -1.8306716664944334 -7
      vertex 19.387894468159573 -1.9107893013646207 -7
    endloop
  endfacet
  facet normal 0 0 -1
    outer loop
      vertex -25.34519767052429 6.3784789208434916 -7
      vertex 19.211002598139697 -1.746278413122343 -7
      vertex 19.297460353033006 -1.8306716664944334 -7
    endloop
  endfacet
  facet normal 0 0 -1
    outer loop
      vertex -25.34519767052429 6.3784789208434916 -7
      vertex 19.128723129572247 -1.6578066456019882 -7
      vertex 19.211002598139697 -1.746278413122343 -7
    endloop
  endfacet
  facet normal 0 0 -1
    outer loop
      vertex -25.34519767052429 6.3784789208434916 -7
      vertex 18.84507583279988 -1.2673996345339755 -7
      vertex 18.90882465497443 -1.3700312683866747 -7
    endloop
  endfacet
  facet normal 0 0 -1
    outer loop
      vertex -25.34519767052429 6.3784789208434916 -7
      vertex 18.786359935866976 -1.1618079301094208 -7
      vertex 18.84507583279988 -1.2673996345339755 -7
    endloop
  endfacet
  facet normal 0 0 -1
    outer loop
      vertex -25.34519767052429 6.3784789208434916 -7
      vertex 18.732814097873636 -1.053502769431323 -7
      vertex 18.786359935866976 -1.1618079301094208 -7
    endloop
  endfacet
  facet normal 0 0 -1
    outer loop
      vertex -25.34519767052429 6.3784789208434916 -7
      vertex 18.68456337760556 -0.9427371042208015 -7
      vertex 18.732814097873636 -1.053502769431323 -7
    endloop
  endfacet
  facet normal 0 0 -1
    outer loop
      vertex -25.34519767052429 6.3784789208434916 -7
      vertex 18.64172046685564 -0.8297696328213212 -7
      vertex 18.68456337760556 -0.9427371042208015 -7
    endloop
  endfacet
  facet normal 0 0 -1
    outer loop
      vertex -25.34519767052429 6.3784789208434916 -7
      vertex 18.604385427227086 -0.714864195996723 -7
      vertex 18.64172046685564 -0.8297696328213212 -7
    endloop
  endfacet
  facet normal 0 0 -1
    outer loop
      vertex -25.34519767052429 6.3784789208434916 -7
      vertex 18.57264545643487 -0.598289160718894 -7
      vertex 18.604385427227086 -0.714864195996723 -7
    endloop
  endfacet
  facet normal 0 0 -1
    outer loop
      vertex -25.34519767052429 6.3784789208434916 -7
      vertex 18.546574684651468 -0.4803167933842705 -7
      vertex 18.57264545643487 -0.598289160718894 -7
    endloop
  endfacet
  facet normal 0 0 -1
    outer loop
      vertex -25.34519767052429 6.3784789208434916 -7
      vertex 18.526234001372373 -0.3612226239230538 -7
      vertex 18.546574684651468 -0.4803167933842705 -7
    endloop
  endfacet
  facet normal 0 0 -1
    outer loop
      vertex -25.34519767052429 6.3784789208434916 -7
      vertex 18.51167091320588 -0.24128480228628815 -7
      vertex 18.526234001372373 -0.3612226239230538 -7
    endloop
  endfacet
  facet normal 0 0 -1
    outer loop
      vertex -25.34519767052429 6.3784789208434916 -7
      vertex 18.502919432919185 -0.12078344881376785 -7
      vertex 18.51167091320588 -0.24128480228628815 -7
    endloop
  endfacet
  facet normal 0 0 -1
    outer loop
      vertex -25.34519767052429 6.3784789208434916 -7
      vertex 18.5 0 -7
      vertex 18.502919432919185 -0.12078344881376785 -7
    endloop
  endfacet
  facet normal 0 0 -1
    outer loop
      vertex -25.34519767052429 6.3784789208434916 -7
      vertex 18.502919432919185 0.12078344881376785 -7
      vertex 18.5 0 -7
    endloop
  endfacet
  facet normal 0 0 -1
    outer loop
      vertex -25.34519767052429 6.3784789208434916 -7
      vertex 18.51167091320588 0.24128480228628815 -7
      vertex 18.502919432919185 0.12078344881376785 -7
    endloop
  endfacet
  facet normal 0 0 -1
    outer loop
      vertex -25.34519767052429 6.3784789208434916 -7
      vertex 18.526234001372373 0.3612226239230538 -7
      vertex 18.51167091320588 0.24128480228628815 -7
    endloop
  endfacet
  facet normal 0 0 -1
    outer loop
      vertex -25.34519767052429 6.3784789208434916 -7
      vertex 18.546574684651468 0.4803167933842705 -7
      vertex 18.526234001372373 0.3612226239230538 -7
    endloop
  endfacet
  facet normal 0 0 -1
    outer loop
      vertex -25.34519767052429 6.3784789208434916 -7
      vertex 18.57264545643487 0.598289160718894 -7
      vertex 18.546574684651468 0.4803167933842705 -7
    endloop
  endfacet
  facet normal 0 0 -1
    outer loop
      vertex -25.34519767052429 6.3784789208434916 -7
      vertex 18.604385427227086 0.714864195996723 -7
      vertex 18.57264545643487 0.598289160718894 -7
    endloop
  endfacet
  facet normal 0 0 -1
    outer loop
      vertex -25.34519767052429 6.3784789208434916 -7
      vertex 18.64172046685564 0.8297696328213212 -7
      vertex 18.604385427227086 0.714864195996723 -7
    endloop
  endfacet
  facet normal 0 0 -1
    outer loop
      vertex -25.34519767052429 6.3784789208434916 -7
      vertex 18.68456337760556 0.9427371042208015 -7
      vertex 18.64172046685564 0.8297696328213212 -7
    endloop
  endfacet
  facet normal 0 0 -1
    outer loop
      vertex -25.34519767052429 6.3784789208434916 -7
      vertex 18.732814097873636 1.053502769431323 -7
      vertex 18.68456337760556 0.9427371042208015 -7
    endloop
  endfacet
  facet normal 0 0 -1
    outer loop
      vertex -25.34519767052429 6.3784789208434916 -7
      vertex 18.786359935866976 1.1618079301094208 -7
      vertex 18.732814097873636 1.053502769431323 -7
    endloop
  endfacet
  facet normal 0 0 -1
    outer loop
      vertex -25.34519767052429 6.3784789208434916 -7
      vertex 18.84507583279988 1.2673996345339755 -7
      vertex 18.786359935866976 1.1618079301094208 -7
    endloop
  endfacet
  facet normal 0 0 -1
    outer loop
      vertex -25.34519767052429 6.3784789208434916 -7
      vertex 18.90882465497443 1.3700312683866747 -7
      vertex 18.84507583279988 1.2673996345339755 -7
    endloop
  endfacet
  facet normal 0 0 -1
    outer loop
      vertex -25.34519767052429 6.3784789208434916 -7
      vertex 18.977457514062632 1.469463130731183 -7
      vertex 18.90882465497443 1.3700312683866747 -7
    endloop
  endfacet
  facet normal 0 0 -1
    outer loop
      vertex -25.34519767052429 6.3784789208434916 -7
      vertex 19.050814114841945 1.5654629938457845 -7
      vertex 18.977457514062632 1.469463130731183 -7
    endloop
  endfacet
  facet normal 0 0 -1
    outer loop
      vertex -25.34519767052429 6.3784789208434916 -7
      vertex 19.128723129572247 1.6578066456019882 -7
      vertex 19.050814114841945 1.5654629938457845 -7
    endloop
  endfacet
  facet normal 0 0 -1
    outer loop
      vertex -25.34519767052429 6.3784789208434916 -7
      vertex 19.211002598139697 1.746278413122343 -7
      vertex 19.128723129572247 1.6578066456019882 -7
    endloop
  endfacet
  facet normal 0 0 -1
    outer loop
      vertex -25.34519767052429 6.3784789208434916 -7
      vertex 19.297460353033006 1.8306716664944334 -7
      vertex 19.211002598139697 1.746278413122343 -7
    endloop
  endfacet
  facet normal 0 0 -1
    outer loop
      vertex -25.34519767052429 6.3784789208434916 -7
      vertex 19.387894468159573 1.9107893013646207 -7
      vertex 19.297460353033006 1.8306716664944334 -7
    endloop
  endfacet
  facet normal 0 0 -1
    outer loop
      vertex -25.34519767052429 6.3784789208434916 -7
      vertex 19.482093730453222 1.9864441992843855 -7
      vertex 19.387894468159573 1.9107893013646207 -7
    endloop
  endfacet
  facet normal 0 0 -1
    outer loop
      vertex -25.34519767052429 6.3784789208434916 -7
      vertex 19.57983813317211 2.057459664734141 -7
      vertex 19.482093730453222 1.9864441992843855 -7
    endloop
  endfacet
  facet normal 0 0 -1
    outer loop
      vertex -25.34519767052429 6.3784789208434916 -7
      vertex 19.68089938973467 2.123669837803803 -7
      vertex 19.57983813317211 2.057459664734141 -7
    endloop
  endfacet
  facet normal 0 0 -1
    outer loop
      vertex -25.34519767052429 6.3784789208434916 -7
      vertex 19.785041466893485 2.1849200815662946 -7
      vertex 19.68089938973467 2.123669837803803 -7
    endloop
  endfacet
  facet normal 0 0 -1
    outer loop
      vertex -25.34519767052429 6.3784789208434916 -7
      vertex 19.892021136001897 2.2410673432392594 -7
      vertex 19.785041466893485 2.1849200815662946 -7
    endloop
  endfacet
  facet normal 0 0 -1
    outer loop
      vertex -25.34519767052429 6.3784789208434916 -7
      vertex 20.001588541085763 2.291980488291456 -7
      vertex 19.892021136001897 2.2410673432392594 -7
    endloop
  endfacet
  facet normal 0 0 -1
    outer loop
      vertex -25.34519767052429 6.3784789208434916 -7
      vertex 20.113487782393662 2.337540606713537 -7
      vertex 20.001588541085763 2.291980488291456 -7
    endloop
  endfacet
  facet normal 0 0 -1
    outer loop
      vertex -25.34519767052429 6.3784789208434916 -7
      vertex 20.227457514062632 2.3776412907378837 -7
      vertex 20.113487782393662 2.337540606713537 -7
    endloop
  endfacet
  facet normal 0 0 -1
    outer loop
      vertex -25.34519767052429 6.3784789208434916 -7
      vertex 20.343231554503532 2.4121888833588785 -7
      vertex 20.227457514062632 2.3776412907378837 -7
    endloop
  endfacet
  facet normal 0 0 -1
    outer loop
      vertex -25.34519767052429 6.3784789208434916 -7
      vertex 20.460539508080483 2.4411026970731804 -7
      vertex 20.343231554503532 2.4121888833588785 -7
    endloop
  endfacet
  facet normal 0 0 -1
    outer loop
      vertex -25.34519767052429 6.3784789208434916 -7
      vertex 20.579107396632402 2.4643152023291273 -7
      vertex 20.460539508080483 2.4411026970731804 -7
    endloop
  endfacet
  facet normal 0 0 -1
    outer loop
      vertex -25.34519767052429 6.3784789208434916 -7
      vertex 20.698658299361693 2.481772185245135 -7
      vertex 20.579107396632402 2.4643152023291273 -7
    endloop
  endfacet
  facet normal 0 0 -1
    outer loop
      vertex -25.34519767052429 6.3784789208434916 -7
      vertex 20.818912999595593 2.493432874228728 -7
      vertex 20.698658299361693 2.481772185245135 -7
    endloop
  endfacet
  facet normal 0 0 -1
    outer loop
      vertex -25.34519767052429 6.3784789208434916 -7
      vertex 20.93959063690967 2.499270035200482 -7
      vertex 20.818912999595593 2.493432874228728 -7
    endloop
  endfacet
  facet normal 0 0 -1
    outer loop
      vertex -25.34519767052429 6.3784789208434916 -7
      vertex 21.06040936309033 2.499270035200482 -7
      vertex 20.93959063690967 2.499270035200482 -7
    endloop
  endfacet
  facet normal 0 0 -1
    outer loop
      vertex -25.34519767052429 6.3784789208434916 -7
      vertex 21.181087000404407 2.493432874228728 -7
      vertex 21.06040936309033 2.499270035200482 -7
    endloop
  endfacet
  facet normal 0 0 -1
    outer loop
      vertex -25.34519767052429 6.3784789208434916 -7
      vertex 25.06775373308123 6.44578609178812 -7
      vertex 21.181087000404407 2.493432874228728 -7
    endloop
  endfacet
  facet normal 0 0 -1
    outer loop
      vertex -24.5 6.5 -7
      vertex 24.5 6.5 -7
      vertex 25.06775373308123 6.44578609178812 -7
    endloop
  endfacet
  facet normal 0 0 -1
    outer loop
      vertex 27.5 -3.5 -7
      vertex 23.5 0 -7
      vertex 25.06775373308123 6.44578609178812 -7
    endloop
  endfacet
  facet normal 0 0 -1
    outer loop
      vertex 27.5 -3.5 -7
      vertex 27.415434704970625 4.207276806528282 -7
      vertex 27.5 3.5 -7
    endloop
  endfacet
  facet normal 0 0 -1
    outer loop
      vertex 25.06775373308123 6.44578609178812 -7
      vertex 23.5 0 -7
      vertex 23.497080567080815 0.12078344881376767 -7
    endloop
  endfacet
  facet normal 0 0 -1
    outer loop
      vertex 25.06775373308123 6.44578609178812 -7
      vertex 23.497080567080815 0.12078344881376767 -7
      vertex 23.48832908679412 0.24128480228628776 -7
    endloop
  endfacet
  facet normal 0 0 -1
    outer loop
      vertex 25.06775373308123 6.44578609178812 -7
      vertex 23.48832908679412 0.24128480228628776 -7
      vertex 23.473765998627627 0.3612226239230534 -7
    endloop
  endfacet
  facet normal 0 0 -1
    outer loop
      vertex 25.06775373308123 6.44578609178812 -7
      vertex 23.473765998627627 0.3612226239230534 -7
      vertex 23.453425315348532 0.4803167933842709 -7
    endloop
  endfacet
  facet normal 0 0 -1
    outer loop
      vertex 25.06775373308123 6.44578609178812 -7
      vertex 23.453425315348532 0.4803167933842709 -7
      vertex 23.42735454356513 0.5982891607188944 -7
    endloop
  endfacet
  facet normal 0 0 -1
    outer loop
      vertex 25.06775373308123 6.44578609178812 -7
      vertex 23.42735454356513 0.5982891607188944 -7
      vertex 23.395614572772914 0.7148641959967232 -7
    endloop
  endfacet
  facet normal 0 0 -1
    outer loop
      vertex 25.06775373308123 6.44578609178812 -7
      vertex 23.395614572772914 0.7148641959967232 -7
      vertex 23.35827953314436 0.829769632821321 -7
    endloop
  endfacet
  facet normal 0 0 -1
    outer loop
      vertex 25.06775373308123 6.44578609178812 -7
      vertex 23.35827953314436 0.829769632821321 -7
      vertex 23.31543662239444 0.942737104220801 -7
    endloop
  endfacet
  facet normal 0 0 -1
    outer loop
      vertex 25.06775373308123 6.44578609178812 -7
      vertex 23.31543662239444 0.942737104220801 -7
      vertex 23.267185902126364 1.0535027694313228 -7
    endloop
  endfacet
  facet normal 0 0 -1
    outer loop
      vertex 25.06775373308123 6.44578609178812 -7
      vertex 23.267185902126364 1.0535027694313228 -7
      vertex 23.213640064133024 1.1618079301094215 -7
    endloop
  endfacet
  facet normal 0 0 -1
    outer loop
      vertex 25.06775373308123 6.44578609178812 -7
      vertex 23.213640064133024 1.1618079301094215 -7
      vertex 23.15492416720012 1.2673996345339757 -7
    endloop
  endfacet
  facet normal 0 0 -1
    outer loop
      vertex 25.06775373308123 6.44578609178812 -7
      vertex 23.15492416720012 1.2673996345339757 -7
      vertex 23.09117534502557 1.370031268386675 -7
    endloop
  endfacet
  facet normal 0 0 -1
    outer loop
      vertex 25.06775373308123 6.44578609178812 -7
      vertex 22.949185885158055 1.565462993845784 -7
      vertex 22.871276870427753 1.657806645601988 -7
    endloop
  endfacet
  facet normal 0 0 -1
    outer loop
      vertex 25.06775373308123 6.44578609178812 -7
      vertex 23.09117534502557 1.370031268386675 -7
      vertex 23.022542485937368 1.469463130731183 -7
    endloop
  endfacet
  facet normal 0 0 -1
    outer loop
      vertex 25.06775373308123 6.44578609178812 -7
      vertex 23.022542485937368 1.469463130731183 -7
      vertex 22.949185885158055 1.565462993845784 -7
    endloop
  endfacet
  facet normal 0 0 -1
    outer loop
      vertex 27.5 -3.5 -7
      vertex 25.06775373308123 6.44578609178812 -7
      vertex 27.415434704970625 4.207276806528282 -7
    endloop
  endfacet
  facet normal 1 0 0
    outer loop
      vertex 27.5 -3.5 -7
      vertex 27.5 3.5 -7
      vertex 27.5 3.5 7
    endloop
  endfacet
  facet normal 0 0 -1
    outer loop
      vertex 25.06775373308123 6.44578609178812 -7
      vertex 22.31910061026533 2.123669837803803 -7
      vertex 22.214958533106515 2.1849200815662946 -7
    endloop
  endfacet
  facet normal 0 0 -1
    outer loop
      vertex 25.06775373308123 6.44578609178812 -7
      vertex 22.214958533106515 2.1849200815662946 -7
      vertex 22.107978863998103 2.2410673432392594 -7
    endloop
  endfacet
  facet normal 0 0 -1
    outer loop
      vertex 25.06775373308123 6.44578609178812 -7
      vertex 22.871276870427753 1.657806645601988 -7
      vertex 22.788997401860303 1.7462784131223423 -7
    endloop
  endfacet
  facet normal 0 0 -1
    outer loop
      vertex 25.06775373308123 6.44578609178812 -7
      vertex 22.788997401860303 1.7462784131223423 -7
      vertex 22.702539646966994 1.830671666494434 -7
    endloop
  endfacet
  facet normal 0 0 -1
    outer loop
      vertex 25.06775373308123 6.44578609178812 -7
      vertex 22.612105531840427 1.9107893013646207 -7
      vertex 22.517906269546778 1.9864441992843855 -7
    endloop
  endfacet
  facet normal 0 0 -1
    outer loop
      vertex 25.06775373308123 6.44578609178812 -7
      vertex 22.702539646966994 1.830671666494434 -7
      vertex 22.612105531840427 1.9107893013646207 -7
    endloop
  endfacet
  facet normal 0 0 -1
    outer loop
      vertex 25.06775373308123 6.44578609178812 -7
      vertex 22.517906269546778 1.9864441992843855 -7
      vertex 22.42016186682789 2.057459664734141 -7
    endloop
  endfacet
  facet normal 0 0 -1
    outer loop
      vertex 25.06775373308123 6.44578609178812 -7
      vertex 22.42016186682789 2.057459664734141 -7
      vertex 22.31910061026533 2.123669837803803 -7
    endloop
  endfacet
  facet normal 0 0 -1
    outer loop
      vertex 25.06775373308123 6.44578609178812 -7
      vertex 21.301341700638307 2.481772185245135 -7
      vertex 21.181087000404407 2.493432874228728 -7
    endloop
  endfacet
  facet normal 0 0 -1
    outer loop
      vertex 25.06775373308123 6.44578609178812 -7
      vertex 21.420892603367598 2.4643152023291273 -7
      vertex 21.301341700638307 2.481772185245135 -7
    endloop
  endfacet
  facet normal 0 0 -1
    outer loop
      vertex 25.06775373308123 6.44578609178812 -7
      vertex 21.656768445496468 2.4121888833588785 -7
      vertex 21.539460491919517 2.4411026970731804 -7
    endloop
  endfacet
  facet normal 0 0 -1
    outer loop
      vertex 25.06775373308123 6.44578609178812 -7
      vertex 21.539460491919517 2.4411026970731804 -7
      vertex 21.420892603367598 2.4643152023291273 -7
    endloop
  endfacet
  facet normal 0 0 -1
    outer loop
      vertex 25.06775373308123 6.44578609178812 -7
      vertex 21.998411458914237 2.291980488291456 -7
      vertex 21.886512217606338 2.337540606713537 -7
    endloop
  endfacet
  facet normal 0 0 -1
    outer loop
      vertex 25.06775373308123 6.44578609178812 -7
      vertex 21.772542485937368 2.3776412907378837 -7
      vertex 21.656768445496468 2.4121888833588785 -7
    endloop
  endfacet
  facet normal 0 0 -1
    outer loop
      vertex 25.06775373308123 6.44578609178812 -7
      vertex 21.886512217606338 2.337540606713537 -7
      vertex 21.772542485937368 2.3776412907378837 -7
    endloop
  endfacet
  facet normal 0 0 -1
    outer loop
      vertex 25.06775373308123 6.44578609178812 -7
      vertex 22.107978863998103 2.2410673432392594 -7
      vertex 21.998411458914237 2.291980488291456 -7
    endloop
  endfacet
  facet normal 0 0 -1
    outer loop
      vertex 27.5 3.5 -7
      vertex 27.486415767719254 3.785168129912548 -7
      vertex 27.496602017549023 3.642745747471227 -7
    endloop
  endfacet
  facet normal 0 0 -1
    outer loop
      vertex 27.5 3.5 -7
      vertex 27.415434704970625 4.207276806528282 -7
      vertex 27.486415767719254 3.785168129912548 -7
    endloop
  endfacet
  facet normal 0.9929278846732865 0.11871906265732038 3.1114575160471753e-17
    outer loop
      vertex 27.486415767719254 3.785168129912548 -7
      vertex 27.469464325642797 3.9269445148198554 -7
      vertex 27.469464325642797 3.9269445148198554 -6.99
    endloop
  endfacet
  facet normal 0 0 -1
    outer loop
      vertex 27.486415767719254 3.785168129912548 -7
      vertex 27.445786091788122 4.067753733081231 -7
      vertex 27.469464325642797 3.9269445148198554 -7
    endloop
  endfacet
  facet normal 0.9861543537181907 0.16583000525434988 0
    outer loop
      vertex 27.469464325642797 3.9269445148198554 -7
      vertex 27.445786091788122 4.067753733081231 -7
      vertex 27.469464325642797 3.9269445148198554 -6.99
    endloop
  endfacet
  facet normal 0 0 -1
    outer loop
      vertex 27.486415767719254 3.785168129912548 -7
      vertex 27.415434704970625 4.207276806528282 -7
      vertex 27.445786091788122 4.067753733081231 -7
    endloop
  endfacet
  facet normal 0 0 -1
    outer loop
      vertex 27.415434704970625 4.207276806528282 -7
      vertex 27.28510379904822 4.614987366980983 -7
      vertex 27.37847892084349 4.345197670524289 -7
    endloop
  endfacet
  facet normal 0 0 -1
    outer loop
      vertex 27.37847892084349 4.345197670524289 -7
      vertex 27.28510379904822 4.614987366980983 -7
      vertex 27.335002456144004 4.481203889952265 -7
    endloop
  endfacet
  facet normal 0 0 -1
    outer loop
      vertex 27.415434704970625 4.207276806528282 -7
      vertex 27.098076211353316 5 -7
      vertex 27.28510379904822 4.614987366980983 -7
    endloop
  endfacet
  facet normal 0 0 -1
    outer loop
      vertex 27.28510379904822 4.614987366980983 -7
      vertex 27.098076211353316 5 -7
      vertex 27.228895986063556 4.746245039005659 -7
    endloop
  endfacet
  facet normal 0 0 -1
    outer loop
      vertex 27.228895986063556 4.746245039005659 -7
      vertex 27.098076211353316 5 -7
      vertex 27.16650634596477 4.874679565182231 -7
    endloop
  endfacet
  facet normal 0 0 -1
    outer loop
      vertex 27.415434704970625 4.207276806528282 -7
      vertex 26.570237034446336 5.671202114315211 -7
      vertex 27.098076211353316 5 -7
    endloop
  endfacet
  facet normal 0 0 -1
    outer loop
      vertex 27.098076211353316 5 -7
      vertex 26.858159284228364 5.354476958661816 -7
      vertex 27.023760598493546 5.1219224523667926 -7
    endloop
  endfacet
  facet normal 0 0 -1
    outer loop
      vertex 27.023760598493546 5.1219224523667926 -7
      vertex 26.858159284228364 5.354476958661816 -7
      vertex 26.943727856151007 5.240170728713594 -7
    endloop
  endfacet
  facet normal 0 0 -1
    outer loop
      vertex 27.415434704970625 4.207276806528282 -7
      vertex 25.06775373308123 6.44578609178812 -7
      vertex 26.570237034446336 5.671202114315211 -7
    endloop
  endfacet
  facet normal 0 0 -1
    outer loop
      vertex 27.098076211353316 5 -7
      vertex 26.570237034446336 5.671202114315211 -7
      vertex 26.858159284228364 5.354476958661816 -7
    endloop
  endfacet
  facet normal 0 0 -1
    outer loop
      vertex 26.570237034446336 5.671202114315211 -7
      vertex 26.767248723062774 5.464582201835855 -7
      vertex 26.858159284228364 5.354476958661816 -7
    endloop
  endfacet
  facet normal 0 0 -1
    outer loop
      vertex 26.570237034446336 5.671202114315211 -7
      vertex 26.67120211431521 5.570237034446336 -7
      vertex 26.767248723062774 5.464582201835855 -7
    endloop
  endfacet
  facet normal 0 0 -1
    outer loop
      vertex 24.5 6.5 -7
      vertex 24.642745747471228 6.496602017549024 -7
      vertex 24.78516812991255 6.4864157677192535 -7
    endloop
  endfacet
  facet normal 0 0 -1
    outer loop
      vertex 24.5 6.5 -7
      vertex 24.78516812991255 6.4864157677192535 -7
      vertex 25.06775373308123 6.44578609178812 -7
    endloop
  endfacet
  facet normal 0 0 -1
    outer loop
      vertex 25.746245039005657 6.228895986063555 -7
      vertex 25.87467956518223 6.166506345964771 -7
      vertex 25.614987366980984 6.285103799048218 -7
    endloop
  endfacet
  facet normal 0 0 -1
    outer loop
      vertex 25.614987366980984 6.285103799048218 -7
      vertex 25.87467956518223 6.166506345964771 -7
      vertex 25.481203889952265 6.3350024561440055 -7
    endloop
  endfacet
  facet normal 0 0 -1
    outer loop
      vertex 25.34519767052429 6.3784789208434916 -7
      vertex 25.481203889952265 6.3350024561440055 -7
      vertex 25.20727680652828 6.415434704970625 -7
    endloop
  endfacet
  facet normal 0 0 -1
    outer loop
      vertex 24.78516812991255 6.4864157677192535 -7
      vertex 24.926944514819855 6.469464325642798 -7
      vertex 25.06775373308123 6.44578609178812 -7
    endloop
  endfacet
  facet normal 0 0 -1
    outer loop
      vertex 25.06775373308123 6.44578609178812 -7
      vertex 25.20727680652828 6.415434704970625 -7
      vertex 25.481203889952265 6.3350024561440055 -7
    endloop
  endfacet
  facet normal 0 0 -1
    outer loop
      vertex 25.06775373308123 6.44578609178812 -7
      vertex 25.481203889952265 6.3350024561440055 -7
      vertex 25.87467956518223 6.166506345964771 -7
    endloop
  endfacet
  facet normal 0 0 -1
    outer loop
      vertex 26.570237034446336 5.671202114315211 -7
      vertex 26.240170728713593 5.943727856151007 -7
      vertex 26.464582201835857 5.767248723062775 -7
    endloop
  endfacet
  facet normal 0 0 -1
    outer loop
      vertex 26.464582201835857 5.767248723062775 -7
      vertex 26.240170728713593 5.943727856151007 -7
      vertex 26.354476958661817 5.858159284228362 -7
    endloop
  endfacet
  facet normal 0 0 -1
    outer loop
      vertex 26.121922452366793 6.023760598493544 -7
      vertex 26.240170728713593 5.943727856151007 -7
      vertex 25.87467956518223 6.166506345964771 -7
    endloop
  endfacet
  facet normal 0 0 -1
    outer loop
      vertex 26.570237034446336 5.671202114315211 -7
      vertex 25.87467956518223 6.166506345964771 -7
      vertex 26.240170728713593 5.943727856151007 -7
    endloop
  endfacet
  facet normal 0 0 -1
    outer loop
      vertex 26.570237034446336 5.671202114315211 -7
      vertex 25.06775373308123 6.44578609178812 -7
      vertex 25.87467956518223 6.166506345964771 -7
    endloop
  endfacet
  facet normal 0 0 -1
    outer loop
      vertex 26.121922452366793 6.023760598493544 -7
      vertex 25.87467956518223 6.166506345964771 -7
      vertex 26 6.098076211353316 -7
    endloop
  endfacet
  facet normal 0.9997167946931289 0.023797697546114813 0
    outer loop
      vertex 27.5 3.5 -7
      vertex 27.496602017549023 3.642745747471227 -7
      vertex 27.5 3.5 7
    endloop
  endfacet
  facet normal 0.9974521146102544 0.07133918319922078 4.5745186470418566e-20
    outer loop
      vertex 27.496602017549023 3.642745747471227 -7
      vertex 27.486415767719254 3.785168129912548 -7
      vertex 27.486415767719254 3.785168129912548 7
    endloop
  endfacet
  facet normal 0.9929278846732865 0.11871906265732039 2.224058267367483e-20
    outer loop
      vertex 27.486415767719254 3.785168129912548 -7
      vertex 27.469464325642797 3.9269445148198554 -6.99
      vertex 27.469464325642797 3.9269445148198554 7
    endloop
  endfacet
  facet normal 0.9861543537181907 0.16583000525434988 0
    outer loop
      vertex 27.469464325642797 3.9269445148198554 -6.99
      vertex 27.445786091788122 4.067753733081231 -7
      vertex 27.469464325642797 3.9269445148198554 7
    endloop
  endfacet
  facet normal 0.9771468659711569 0.2125652895529884 0
    outer loop
      vertex 27.445786091788122 4.067753733081231 -7
      vertex 27.415434704970625 4.207276806528282 -7
      vertex 27.445786091788122 4.067753733081231 7
    endloop
  endfacet
  facet normal 0.9659258262890668 0.25881904510252624 0
    outer loop
      vertex 27.415434704970625 4.207276806528282 -7
      vertex 27.37847892084349 4.345197670524289 -7
      vertex 27.415434704970625 4.207276806528282 7
    endloop
  endfacet
  facet normal 0.9525166539358579 0.3044864922699151 0
    outer loop
      vertex 27.37847892084349 4.345197670524289 -7
      vertex 27.335002456144004 4.481203889952265 -7
      vertex 27.37847892084349 4.345197670524289 7
    endloop
  endfacet
  facet normal 0.9369497249997688 0.34946417959907916 0
    outer loop
      vertex 27.335002456144004 4.481203889952265 -7
      vertex 27.28510379904822 4.614987366980983 -7
      vertex 27.335002456144004 4.481203889952265 7
    endloop
  endfacet
  facet normal 0.919260303581664 0.39365021816194506 1.7336455257032395e-19
    outer loop
      vertex 27.28510379904822 4.614987366980983 -7
      vertex 27.228895986063556 4.746245039005659 -7
      vertex 27.228895986063556 4.746245039005659 7
    endloop
  endfacet
  facet normal 0.8994884619105997 0.4369445123693665 4.845328522156976e-20
    outer loop
      vertex 27.228895986063556 4.746245039005659 -7
      vertex 27.16650634596477 4.874679565182231 -7
      vertex 27.16650634596477 4.874679565182231 7
    endloop
  endfacet
  facet normal 0.8776789895672577 0.4792489867200531 0
    outer loop
      vertex 27.16650634596477 4.874679565182231 -7
      vertex 27.098076211353316 5 -7
      vertex 27.16650634596477 4.874679565182231 7
    endloop
  endfacet
  facet normal 0.853881292021154 0.5204678079730625 -1.6865732675073805e-19
    outer loop
      vertex 27.098076211353316 5 -7
      vertex 27.023760598493546 5.1219224523667926 -7
      vertex 27.023760598493546 5.1219224523667926 7
    endloop
  endfacet
  facet normal 0.8281492787113635 0.5605076022409049 1.5574321412412322e-19
    outer loop
      vertex 27.023760598493546 5.1219224523667926 -7
      vertex 26.943727856151007 5.240170728713594 -7
      vertex 26.943727856151007 5.240170728713594 7
    endloop
  endfacet
  facet normal 0.8005412409243672 0.5992776665113378 0
    outer loop
      vertex 26.943727856151007 5.240170728713594 -7
      vertex 26.858159284228364 5.354476958661816 -7
      vertex 26.943727856151007 5.240170728713594 7
    endloop
  endfacet
  facet normal 0.7071067811865475 0.7071067811865475 1.7038163230748344e-19
    outer loop
      vertex 26.570237034446336 5.671202114315211 -7
      vertex 26.67120211431521 5.570237034446336 7
      vertex 26.67120211431521 5.570237034446336 -7
    endloop
  endfacet
  facet normal 0.7711197197453791 0.6366901741190986 -4.2035506699806926e-19
    outer loop
      vertex 26.858159284228364 5.354476958661816 -7
      vertex 26.767248723062774 5.464582201835855 -7
      vertex 26.767248723062774 5.464582201835855 6.99
    endloop
  endfacet
  facet normal 0.7399513643828878 0.6726603737012482 3.130618655488232e-19
    outer loop
      vertex 26.767248723062774 5.464582201835855 -7
      vertex 26.67120211431521 5.570237034446336 -7
      vertex 26.67120211431521 5.570237034446336 7
    endloop
  endfacet
  facet normal 0.02379769754610845 0.9997167946931291 0
    outer loop
      vertex 24.5 6.5 -7
      vertex 24.5 6.5 7
      vertex 24.642745747471228 6.496602017549024 -7
    endloop
  endfacet
  facet normal 0.07133918319923316 0.9974521146102535 -3.280708553335513e-20
    outer loop
      vertex 24.642745747471228 6.496602017549024 -7
      vertex 24.78516812991255 6.4864157677192535 7
      vertex 24.78516812991255 6.4864157677192535 -7
    endloop
  endfacet
  facet normal 0.11871906265730309 0.9929278846732886 0
    outer loop
      vertex 24.78516812991255 6.4864157677192535 -7
      vertex 24.78516812991255 6.4864157677192535 7
      vertex 24.926944514819855 6.469464325642798 -7
    endloop
  endfacet
  facet normal 0.39365021816195184 0.9192603035816611 3.035294954967861e-20
    outer loop
      vertex 25.746245039005657 6.228895986063555 -7
      vertex 25.614987366980984 6.285103799048218 -7
      vertex 25.614987366980984 6.285103799048218 7
    endloop
  endfacet
  facet normal 0.2588190451025247 0.9659258262890672 0
    outer loop
      vertex 25.34519767052429 6.3784789208434916 -7
      vertex 25.20727680652828 6.415434704970625 -7
      vertex 25.34519767052429 6.3784789208434916 7
    endloop
  endfacet
  facet normal 0.21256528955297524 0.9771468659711599 0
    outer loop
      vertex 25.06775373308123 6.44578609178812 -7
      vertex 25.06775373308123 6.44578609178812 7
      vertex 25.20727680652828 6.415434704970625 -7
    endloop
  endfacet
  facet normal 0.16583000525437558 0.9861543537181863 0
    outer loop
      vertex 25.06775373308123 6.44578609178812 -7
      vertex 24.926944514819855 6.469464325642798 -7
      vertex 25.06775373308123 6.44578609178812 7
    endloop
  endfacet
  facet normal 0.304486492269902 0.952516653935862 0
    outer loop
      vertex 25.34519767052429 6.3784789208434916 -7
      vertex 25.34519767052429 6.3784789208434916 7
      vertex 25.481203889952265 6.3350024561440055 -7
    endloop
  endfacet
  facet normal 0.34946417959909554 0.9369497249997627 0
    outer loop
      vertex 25.614987366980984 6.285103799048218 -7
      vertex 25.481203889952265 6.3350024561440055 -7
      vertex 25.614987366980984 6.285103799048218 7
    endloop
  endfacet
  facet normal 0.6726603737012578 0.7399513643828791 -3.321827947899233e-19
    outer loop
      vertex 26.570237034446336 5.671202114315211 -7
      vertex 26.464582201835857 5.767248723062775 -7
      vertex 26.464582201835857 5.767248723062775 7
    endloop
  endfacet
  facet normal 0.6366901741190844 0.7711197197453907 7.931323915016083e-20
    outer loop
      vertex 26.464582201835857 5.767248723062775 -7
      vertex 26.354476958661817 5.858159284228362 -7
      vertex 26.354476958661817 5.858159284228362 7
    endloop
  endfacet
  facet normal 0.5992776665113398 0.8005412409243657 0
    outer loop
      vertex 26.354476958661817 5.858159284228362 -7
      vertex 26.240170728713593 5.943727856151007 -7
      vertex 26.354476958661817 5.858159284228362 7
    endloop
  endfacet
  facet normal 0.5605076022408992 0.8281492787113672 2.1041334181962546e-19
    outer loop
      vertex 26.121922452366793 6.023760598493544 -7
      vertex 26.240170728713593 5.943727856151007 7
      vertex 26.240170728713593 5.943727856151007 -7
    endloop
  endfacet
  facet normal 0.5204678079730715 0.8538812920211485 -3.726588477015102e-20
    outer loop
      vertex 26.121922452366793 6.023760598493544 -7
      vertex 26 6.098076211353316 -7
      vertex 26 6.098076211353316 7
    endloop
  endfacet
  facet normal 0.4792489867200553 0.8776789895672564 0
    outer loop
      vertex 25.87467956518223 6.166506345964771 -7
      vertex 25.87467956518223 6.166506345964771 7
      vertex 26 6.098076211353316 -7
    endloop
  endfacet
  facet normal 0.436944512369354 0.8994884619106058 0
    outer loop
      vertex 25.746245039005657 6.228895986063555 -7
      vertex 25.746245039005657 6.228895986063555 7
      vertex 25.87467956518223 6.166506345964771 -7
    endloop
  endfacet
  facet normal 0 0 1
    outer loop
      vertex -26.767248723062774 -5.464582201835855 7
      vertex 20.579107396632402 2.4643152023291273 7
      vertex 25.06775373308123 6.44578609178812 7
    endloop
  endfacet
  facet normal 0 1 0
    outer loop
      vertex -24.5 6.5 7
      vertex 24.5 6.5 7
      vertex 24.5 6.5 -7
    endloop
  endfacet
  facet normal 0 0 1
    outer loop
      vertex -24.5 6.5 7
      vertex 25.06775373308123 6.44578609178812 7
      vertex 24.5 6.5 7
    endloop
  endfacet
  facet normal 0 0 1
    outer loop
      vertex 25.20727680652828 -6.415434704970625 7
      vertex 25.06775373308123 6.44578609178812 7
      vertex 23.5 0 7
    endloop
  endfacet
  facet normal 0 0 1
    outer loop
      vertex 25.20727680652828 -6.415434704970625 7
      vertex 27.5 3.5 7
      vertex 25.06775373308123 6.44578609178812 7
    endloop
  endfacet
  facet normal 0 0 1
    outer loop
      vertex 25.06775373308123 6.44578609178812 7
      vertex 23.497080567080815 0.12078344881376767 7
      vertex 23.5 0 7
    endloop
  endfacet
  facet normal 0 0 1
    outer loop
      vertex 25.06775373308123 6.44578609178812 7
      vertex 23.48832908679412 0.24128480228628776 7
      vertex 23.497080567080815 0.12078344881376767 7
    endloop
  endfacet
  facet normal 0 0 1
    outer loop
      vertex 25.06775373308123 6.44578609178812 7
      vertex 23.473765998627627 0.3612226239230534 7
      vertex 23.48832908679412 0.24128480228628776 7
    endloop
  endfacet
  facet normal 0 0 1
    outer loop
      vertex 25.06775373308123 6.44578609178812 7
      vertex 23.453425315348532 0.4803167933842709 7
      vertex 23.473765998627627 0.3612226239230534 7
    endloop
  endfacet
  facet normal 0 0 1
    outer loop
      vertex 25.06775373308123 6.44578609178812 7
      vertex 23.42735454356513 0.5982891607188944 7
      vertex 23.453425315348532 0.4803167933842709 7
    endloop
  endfacet
  facet normal 0 0 1
    outer loop
      vertex 25.06775373308123 6.44578609178812 7
      vertex 23.395614572772914 0.7148641959967232 7
      vertex 23.42735454356513 0.5982891607188944 7
    endloop
  endfacet
  facet normal 0 0 1
    outer loop
      vertex 25.06775373308123 6.44578609178812 7
      vertex 23.35827953314436 0.829769632821321 7
      vertex 23.395614572772914 0.7148641959967232 7
    endloop
  endfacet
  facet normal 0 0 1
    outer loop
      vertex 25.06775373308123 6.44578609178812 7
      vertex 23.31543662239444 0.942737104220801 7
      vertex 23.35827953314436 0.829769632821321 7
    endloop
  endfacet
  facet normal 0 0 1
    outer loop
      vertex 25.06775373308123 6.44578609178812 7
      vertex 23.267185902126364 1.0535027694313228 7
      vertex 23.31543662239444 0.942737104220801 7
    endloop
  endfacet
  facet normal 0 0 1
    outer loop
      vertex 25.06775373308123 6.44578609178812 7
      vertex 23.213640064133024 1.1618079301094215 7
      vertex 23.267185902126364 1.0535027694313228 7
    endloop
  endfacet
  facet normal 0 0 1
    outer loop
      vertex 25.06775373308123 6.44578609178812 7
      vertex 23.15492416720012 1.2673996345339757 7
      vertex 23.213640064133024 1.1618079301094215 7
    endloop
  endfacet
  facet normal 0 0 1
    outer loop
      vertex 25.06775373308123 6.44578609178812 7
      vertex 23.09117534502557 1.370031268386675 7
      vertex 23.15492416720012 1.2673996345339757 7
    endloop
  endfacet
  facet normal 0 0 1
    outer loop
      vertex 25.06775373308123 6.44578609178812 7
      vertex 22.871276870427753 1.657806645601988 7
      vertex 22.949185885158055 1.565462993845784 7
    endloop
  endfacet
  facet normal 0 0 1
    outer loop
      vertex 25.06775373308123 6.44578609178812 7
      vertex 23.022542485937368 1.469463130731183 7
      vertex 23.09117534502557 1.370031268386675 7
    endloop
  endfacet
  facet normal 0 0 1
    outer loop
      vertex 25.06775373308123 6.44578609178812 7
      vertex 22.949185885158055 1.565462993845784 7
      vertex 23.022542485937368 1.469463130731183 7
    endloop
  endfacet
  facet normal 0.9997167946931289 0.023797697546114813 0
    outer loop
      vertex 27.496602017549023 3.642745747471227 -7
      vertex 27.496602017549023 3.642745747471227 7
      vertex 27.5 3.5 7
    endloop
  endfacet
  facet normal 0.9974521146102544 0.07133918319922078 0
    outer loop
      vertex 27.496602017549023 3.642745747471227 -7
      vertex 27.486415767719254 3.785168129912548 7
      vertex 27.496602017549023 3.642745747471227 7
    endloop
  endfacet
  facet normal 0.9929278846732864 0.11871906265732038 0
    outer loop
      vertex 27.486415767719254 3.785168129912548 -7
      vertex 27.469464325642797 3.9269445148198554 7
      vertex 27.486415767719254 3.785168129912548 7
    endloop
  endfacet
  facet normal 0.9861543537181907 0.16583000525434988 0
    outer loop
      vertex 27.445786091788122 4.067753733081231 -7
      vertex 27.445786091788122 4.067753733081231 7
      vertex 27.469464325642797 3.9269445148198554 7
    endloop
  endfacet
  facet normal 0.9771468659711569 0.2125652895529884 0
    outer loop
      vertex 27.415434704970625 4.207276806528282 -7
      vertex 27.415434704970625 4.207276806528282 7
      vertex 27.445786091788122 4.067753733081231 7
    endloop
  endfacet
  facet normal 0.9659258262890668 0.25881904510252624 0
    outer loop
      vertex 27.37847892084349 4.345197670524289 -7
      vertex 27.37847892084349 4.345197670524289 7
      vertex 27.415434704970625 4.207276806528282 7
    endloop
  endfacet
  facet normal 0.9525166539358579 0.3044864922699151 0
    outer loop
      vertex 27.335002456144004 4.481203889952265 -7
      vertex 27.335002456144004 4.481203889952265 7
      vertex 27.37847892084349 4.345197670524289 7
    endloop
  endfacet
  facet normal 0.919260303581664 0.39365021816194506 0
    outer loop
      vertex 27.28510379904822 4.614987366980983 -7
      vertex 27.228895986063556 4.746245039005659 7
      vertex 27.28510379904822 4.614987366980983 7
    endloop
  endfacet
  facet normal 0.9369497249997688 0.34946417959907916 0
    outer loop
      vertex 27.28510379904822 4.614987366980983 -7
      vertex 27.28510379904822 4.614987366980983 7
      vertex 27.335002456144004 4.481203889952265 7
    endloop
  endfacet
  facet normal 0.8994884619105997 0.4369445123693665 0
    outer loop
      vertex 27.228895986063556 4.746245039005659 -7
      vertex 27.16650634596477 4.874679565182231 7
      vertex 27.228895986063556 4.746245039005659 7
    endloop
  endfacet
  facet normal 0.8776789895672577 0.4792489867200531 0
    outer loop
      vertex 27.098076211353316 5 -7
      vertex 27.098076211353316 5 7
      vertex 27.16650634596477 4.874679565182231 7
    endloop
  endfacet
  facet normal 0.853881292021154 0.5204678079730625 0
    outer loop
      vertex 27.098076211353316 5 -7
      vertex 27.023760598493546 5.1219224523667926 7
      vertex 27.098076211353316 5 7
    endloop
  endfacet
  facet normal 0.8281492787113635 0.5605076022409049 0
    outer loop
      vertex 27.023760598493546 5.1219224523667926 -7
      vertex 26.943727856151007 5.240170728713594 7
      vertex 27.023760598493546 5.1219224523667926 7
    endloop
  endfacet
  facet normal 0.7071067811865475 0.7071067811865475 0
    outer loop
      vertex 26.570237034446336 5.671202114315211 -7
      vertex 26.570237034446336 5.671202114315211 7
      vertex 26.67120211431521 5.570237034446336 7
    endloop
  endfacet
  facet normal 0.8005412409243672 0.5992776665113378 0
    outer loop
      vertex 26.858159284228364 5.354476958661816 -7
      vertex 26.858159284228364 5.354476958661816 7
      vertex 26.943727856151007 5.240170728713594 7
    endloop
  endfacet
  facet normal 0.7711197197453791 0.6366901741190986 0
    outer loop
      vertex 26.858159284228364 5.354476958661816 -7
      vertex 26.767248723062774 5.464582201835855 6.99
      vertex 26.858159284228364 5.354476958661816 7
    endloop
  endfacet
  facet normal 0.7399513643828878 0.6726603737012482 0
    outer loop
      vertex 26.767248723062774 5.464582201835855 -7
      vertex 26.67120211431521 5.570237034446336 7
      vertex 26.767248723062774 5.464582201835855 6.99
    endloop
  endfacet
  facet normal 0.02379769754610845 0.9997167946931291 0
    outer loop
      vertex 24.642745747471228 6.496602017549024 -7
      vertex 24.5 6.5 7
      vertex 24.642745747471228 6.496602017549024 7
    endloop
  endfacet
  facet normal 0.07133918319923316 0.9974521146102535 0
    outer loop
      vertex 24.642745747471228 6.496602017549024 -7
      vertex 24.642745747471228 6.496602017549024 7
      vertex 24.78516812991255 6.4864157677192535 7
    endloop
  endfacet
  facet normal 0.11871906265730309 0.9929278846732886 0
    outer loop
      vertex 24.926944514819855 6.469464325642798 -7
      vertex 24.78516812991255 6.4864157677192535 7
      vertex 24.926944514819855 6.469464325642798 7
    endloop
  endfacet
  facet normal 0.39365021816195184 0.9192603035816611 0
    outer loop
      vertex 25.746245039005657 6.228895986063555 -7
      vertex 25.614987366980984 6.285103799048218 7
      vertex 25.746245039005657 6.228895986063555 7
    endloop
  endfacet
  facet normal 0.16583000525437558 0.9861543537181863 0
    outer loop
      vertex 24.926944514819855 6.469464325642798 -7
      vertex 24.926944514819855 6.469464325642798 7
      vertex 25.06775373308123 6.44578609178812 7
    endloop
  endfacet
  facet normal 0.21256528955297524 0.9771468659711599 0
    outer loop
      vertex 25.20727680652828 6.415434704970625 -7
      vertex 25.06775373308123 6.44578609178812 7
      vertex 25.20727680652828 6.415434704970625 7
    endloop
  endfacet
  facet normal 0.2588190451025247 0.9659258262890672 0
    outer loop
      vertex 25.20727680652828 6.415434704970625 -7
      vertex 25.20727680652828 6.415434704970625 7
      vertex 25.34519767052429 6.3784789208434916 7
    endloop
  endfacet
  facet normal 0.34946417959909554 0.9369497249997627 0
    outer loop
      vertex 25.481203889952265 6.3350024561440055 -7
      vertex 25.481203889952265 6.3350024561440055 7
      vertex 25.614987366980984 6.285103799048218 7
    endloop
  endfacet
  facet normal 0.304486492269902 0.952516653935862 0
    outer loop
      vertex 25.481203889952265 6.3350024561440055 -7
      vertex 25.34519767052429 6.3784789208434916 7
      vertex 25.481203889952265 6.3350024561440055 7
    endloop
  endfacet
  facet normal 0.6726603737012578 0.7399513643828791 0
    outer loop
      vertex 26.570237034446336 5.671202114315211 -7
      vertex 26.464582201835857 5.767248723062775 7
      vertex 26.570237034446336 5.671202114315211 7
    endloop
  endfacet
  facet normal 0.6366901741190844 0.7711197197453907 0
    outer loop
      vertex 26.464582201835857 5.767248723062775 -7
      vertex 26.354476958661817 5.858159284228362 7
      vertex 26.464582201835857 5.767248723062775 7
    endloop
  endfacet
  facet normal 0.5605076022408992 0.8281492787113672 0
    outer loop
      vertex 26.121922452366793 6.023760598493544 -7
      vertex 26.121922452366793 6.023760598493544 7
      vertex 26.240170728713593 5.943727856151007 7
    endloop
  endfacet
  facet normal 0.5204678079730715 0.8538812920211485 0
    outer loop
      vertex 26.121922452366793 6.023760598493544 -7
      vertex 26 6.098076211353316 7
      vertex 26.121922452366793 6.023760598493544 7
    endloop
  endfacet
  facet normal 0.5992776665113398 0.8005412409243657 0
    outer loop
      vertex 26.240170728713593 5.943727856151007 -7
      vertex 26.240170728713593 5.943727856151007 7
      vertex 26.354476958661817 5.858159284228362 7
    endloop
  endfacet
  facet normal 0.4792489867200553 0.8776789895672564 0
    outer loop
      vertex 26 6.098076211353316 -7
      vertex 25.87467956518223 6.166506345964771 7
      vertex 26 6.098076211353316 7
    endloop
  endfacet
  facet normal 0.436944512369354 0.8994884619106058 0
    outer loop
      vertex 25.87467956518223 6.166506345964771 -7
      vertex 25.746245039005657 6.228895986063555 7
      vertex 25.87467956518223 6.166506345964771 7
    endloop
  endfacet
  facet normal 0 0 1
    outer loop
      vertex 25.06775373308123 6.44578609178812 7
      vertex 20.579107396632402 2.4643152023291273 7
      vertex 20.698658299361693 2.481772185245135 7
    endloop
  endfacet
  facet normal 0 0 1
    outer loop
      vertex 25.06775373308123 6.44578609178812 7
      vertex 20.698658299361693 2.481772185245135 7
      vertex 20.818912999595593 2.493432874228728 7
    endloop
  endfacet
  facet normal 0 0 1
    outer loop
      vertex 25.06775373308123 6.44578609178812 7
      vertex 20.818912999595593 2.493432874228728 7
      vertex 20.93959063690967 2.499270035200482 7
    endloop
  endfacet
  facet normal 0 0 1
    outer loop
      vertex 25.06775373308123 6.44578609178812 7
      vertex 22.214958533106515 2.1849200815662946 7
      vertex 22.31910061026533 2.123669837803803 7
    endloop
  endfacet
  facet normal 0 0 1
    outer loop
      vertex 25.06775373308123 6.44578609178812 7
      vertex 22.107978863998103 2.2410673432392594 7
      vertex 22.214958533106515 2.1849200815662946 7
    endloop
  endfacet
  facet normal 0 0 1
    outer loop
      vertex 25.06775373308123 6.44578609178812 7
      vertex 22.788997401860303 1.7462784131223423 7
      vertex 22.871276870427753 1.657806645601988 7
    endloop
  endfacet
  facet normal 0 0 1
    outer loop
      vertex 25.06775373308123 6.44578609178812 7
      vertex 22.702539646966994 1.830671666494434 7
      vertex 22.788997401860303 1.7462784131223423 7
    endloop
  endfacet
  facet normal 0 0 1
    outer loop
      vertex 25.06775373308123 6.44578609178812 7
      vertex 22.517906269546778 1.9864441992843855 7
      vertex 22.612105531840427 1.9107893013646207 7
    endloop
  endfacet
  facet normal 0 0 1
    outer loop
      vertex 25.06775373308123 6.44578609178812 7
      vertex 22.612105531840427 1.9107893013646207 7
      vertex 22.702539646966994 1.830671666494434 7
    endloop
  endfacet
  facet normal 0 0 1
    outer loop
      vertex 25.06775373308123 6.44578609178812 7
      vertex 22.42016186682789 2.057459664734141 7
      vertex 22.517906269546778 1.9864441992843855 7
    endloop
  endfacet
  facet normal 0 0 1
    outer loop
      vertex 25.06775373308123 6.44578609178812 7
      vertex 22.31910061026533 2.123669837803803 7
      vertex 22.42016186682789 2.057459664734141 7
    endloop
  endfacet
  facet normal 0 0 1
    outer loop
      vertex 25.06775373308123 6.44578609178812 7
      vertex 21.181087000404407 2.493432874228728 7
      vertex 21.301341700638307 2.481772185245135 7
    endloop
  endfacet
  facet normal 0 0 1
    outer loop
      vertex 25.06775373308123 6.44578609178812 7
      vertex 20.93959063690967 2.499270035200482 7
      vertex 21.06040936309033 2.499270035200482 7
    endloop
  endfacet
  facet normal 0 0 1
    outer loop
      vertex 25.06775373308123 6.44578609178812 7
      vertex 21.06040936309033 2.499270035200482 7
      vertex 21.181087000404407 2.493432874228728 7
    endloop
  endfacet
  facet normal 0 0 1
    outer loop
      vertex 25.06775373308123 6.44578609178812 7
      vertex 21.301341700638307 2.481772185245135 7
      vertex 21.420892603367598 2.4643152023291273 7
    endloop
  endfacet
  facet normal 0 0 1
    outer loop
      vertex 25.06775373308123 6.44578609178812 7
      vertex 21.539460491919517 2.4411026970731804 7
      vertex 21.656768445496468 2.4121888833588785 7
    endloop
  endfacet
  facet normal 0 0 1
    outer loop
      vertex 25.06775373308123 6.44578609178812 7
      vertex 21.420892603367598 2.4643152023291273 7
      vertex 21.539460491919517 2.4411026970731804 7
    endloop
  endfacet
  facet normal 0 0 1
    outer loop
      vertex 25.06775373308123 6.44578609178812 7
      vertex 21.886512217606338 2.337540606713537 7
      vertex 21.998411458914237 2.291980488291456 7
    endloop
  endfacet
  facet normal 0 0 1
    outer loop
      vertex 25.06775373308123 6.44578609178812 7
      vertex 21.656768445496468 2.4121888833588785 7
      vertex 21.772542485937368 2.3776412907378837 7
    endloop
  endfacet
  facet normal 0 0 1
    outer loop
      vertex 25.06775373308123 6.44578609178812 7
      vertex 21.772542485937368 2.3776412907378837 7
      vertex 21.886512217606338 2.337540606713537 7
    endloop
  endfacet
  facet normal 0 0 1
    outer loop
      vertex 25.06775373308123 6.44578609178812 7
      vertex 21.998411458914237 2.291980488291456 7
      vertex 22.107978863998103 2.2410673432392594 7
    endloop
  endfacet
  facet normal 0 0 1
    outer loop
      vertex 27.5 3.5 7
      vertex 27.496602017549023 3.642745747471227 7
      vertex 27.335002456144004 4.481203889952265 7
    endloop
  endfacet
  facet normal 0 0 1
    outer loop
      vertex 27.486415767719254 3.785168129912548 7
      vertex 27.469464325642797 3.9269445148198554 7
      vertex 27.445786091788122 4.067753733081231 7
    endloop
  endfacet
  facet normal 0 0 1
    outer loop
      vertex 27.496602017549023 3.642745747471227 7
      vertex 27.486415767719254 3.785168129912548 7
      vertex 27.335002456144004 4.481203889952265 7
    endloop
  endfacet
  facet normal 0 0 1
    outer loop
      vertex 27.486415767719254 3.785168129912548 7
      vertex 27.445786091788122 4.067753733081231 7
      vertex 27.335002456144004 4.481203889952265 7
    endloop
  endfacet
  facet normal 0 0 1
    outer loop
      vertex 27.445786091788122 4.067753733081231 7
      vertex 27.415434704970625 4.207276806528282 7
      vertex 27.335002456144004 4.481203889952265 7
    endloop
  endfacet
  facet normal 0 0 1
    outer loop
      vertex 27.415434704970625 4.207276806528282 7
      vertex 27.37847892084349 4.345197670524289 7
      vertex 27.335002456144004 4.481203889952265 7
    endloop
  endfacet
  facet normal 0 0 1
    outer loop
      vertex 27.5 3.5 7
      vertex 27.335002456144004 4.481203889952265 7
      vertex 26.858159284228364 5.354476958661816 7
    endloop
  endfacet
  facet normal 0 0 1
    outer loop
      vertex 27.335002456144004 4.481203889952265 7
      vertex 27.28510379904822 4.614987366980983 7
      vertex 27.228895986063556 4.746245039005659 7
    endloop
  endfacet
  facet normal 0 0 1
    outer loop
      vertex 27.335002456144004 4.481203889952265 7
      vertex 27.228895986063556 4.746245039005659 7
      vertex 27.16650634596477 4.874679565182231 7
    endloop
  endfacet
  facet normal 0 0 1
    outer loop
      vertex 27.5 3.5 7
      vertex 26.858159284228364 5.354476958661816 7
      vertex 25.06775373308123 6.44578609178812 7
    endloop
  endfacet
  facet normal 0 0 1
    outer loop
      vertex 27.335002456144004 4.481203889952265 7
      vertex 27.16650634596477 4.874679565182231 7
      vertex 26.858159284228364 5.354476958661816 7
    endloop
  endfacet
  facet normal 0 0 1
    outer loop
      vertex 27.16650634596477 4.874679565182231 7
      vertex 27.098076211353316 5 7
      vertex 27.023760598493546 5.1219224523667926 7
    endloop
  endfacet
  facet normal 0 0 1
    outer loop
      vertex 27.16650634596477 4.874679565182231 7
      vertex 27.023760598493546 5.1219224523667926 7
      vertex 26.858159284228364 5.354476958661816 7
    endloop
  endfacet
  facet normal 0 0 1
    outer loop
      vertex 27.023760598493546 5.1219224523667926 7
      vertex 26.943727856151007 5.240170728713594 7
      vertex 26.858159284228364 5.354476958661816 7
    endloop
  endfacet
  facet normal 0 0 1
    outer loop
      vertex 26.570237034446336 5.671202114315211 7
      vertex 26.464582201835857 5.767248723062775 7
      vertex 26.67120211431521 5.570237034446336 7
    endloop
  endfacet
  facet normal 0.7711197197453792 0.6366901741190987 -5.880767387303115e-16
    outer loop
      vertex 26.858159284228364 5.354476958661816 7
      vertex 26.767248723062774 5.464582201835855 6.99
      vertex 26.767248723062774 5.464582201835855 7
    endloop
  endfacet
  facet normal 0 0 1
    outer loop
      vertex 26.858159284228364 5.354476958661816 7
      vertex 26.767248723062774 5.464582201835855 7
      vertex 26.67120211431521 5.570237034446336 7
    endloop
  endfacet
  facet normal 0.7399513643828878 0.6726603737012481 0
    outer loop
      vertex 26.767248723062774 5.464582201835855 6.99
      vertex 26.67120211431521 5.570237034446336 7
      vertex 26.767248723062774 5.464582201835855 7
    endloop
  endfacet
  facet normal 0 0 1
    outer loop
      vertex 26.858159284228364 5.354476958661816 7
      vertex 26.67120211431521 5.570237034446336 7
      vertex 26.464582201835857 5.767248723062775 7
    endloop
  endfacet
  facet normal 0 0 1
    outer loop
      vertex 24.5 6.5 7
      vertex 24.78516812991255 6.4864157677192535 7
      vertex 24.642745747471228 6.496602017549024 7
    endloop
  endfacet
  facet normal 0 0 1
    outer loop
      vertex 24.5 6.5 7
      vertex 25.06775373308123 6.44578609178812 7
      vertex 24.78516812991255 6.4864157677192535 7
    endloop
  endfacet
  facet normal 0 0 1
    outer loop
      vertex 25.614987366980984 6.285103799048218 7
      vertex 25.06775373308123 6.44578609178812 7
      vertex 26 6.098076211353316 7
    endloop
  endfacet
  facet normal 0 0 1
    outer loop
      vertex 25.614987366980984 6.285103799048218 7
      vertex 25.34519767052429 6.3784789208434916 7
      vertex 25.06775373308123 6.44578609178812 7
    endloop
  endfacet
  facet normal 0 0 1
    outer loop
      vertex 24.78516812991255 6.4864157677192535 7
      vertex 25.06775373308123 6.44578609178812 7
      vertex 24.926944514819855 6.469464325642798 7
    endloop
  endfacet
  facet normal 0 0 1
    outer loop
      vertex 25.34519767052429 6.3784789208434916 7
      vertex 25.20727680652828 6.415434704970625 7
      vertex 25.06775373308123 6.44578609178812 7
    endloop
  endfacet
  facet normal 0 0 1
    outer loop
      vertex 25.614987366980984 6.285103799048218 7
      vertex 25.481203889952265 6.3350024561440055 7
      vertex 25.34519767052429 6.3784789208434916 7
    endloop
  endfacet
  facet normal 0 0 1
    outer loop
      vertex 26.858159284228364 5.354476958661816 7
      vertex 26.464582201835857 5.767248723062775 7
      vertex 26 6.098076211353316 7
    endloop
  endfacet
  facet normal 0 0 1
    outer loop
      vertex 26.464582201835857 5.767248723062775 7
      vertex 26.354476958661817 5.858159284228362 7
      vertex 26.240170728713593 5.943727856151007 7
    endloop
  endfacet
  facet normal 0 0 1
    outer loop
      vertex 26.858159284228364 5.354476958661816 7
      vertex 26 6.098076211353316 7
      vertex 25.06775373308123 6.44578609178812 7
    endloop
  endfacet
  facet normal 0 0 1
    outer loop
      vertex 26.121922452366793 6.023760598493544 7
      vertex 26 6.098076211353316 7
      vertex 26.240170728713593 5.943727856151007 7
    endloop
  endfacet
  facet normal 0 0 1
    outer loop
      vertex 26.464582201835857 5.767248723062775 7
      vertex 26.240170728713593 5.943727856151007 7
      vertex 26 6.098076211353316 7
    endloop
  endfacet
  facet normal 0 0 1
    outer loop
      vertex 25.746245039005657 6.228895986063555 7
      vertex 26 6.098076211353316 7
      vertex 25.87467956518223 6.166506345964771 7
    endloop
  endfacet
  facet normal 0 0 1
    outer loop
      vertex 25.746245039005657 6.228895986063555 7
      vertex 25.614987366980984 6.285103799048218 7
      vertex 26 6.098076211353316 7
    endloop
  endfacet
  facet normal 0.19212671735370737 0.9813701261394135 0
    outer loop
      vertex -21.539460491919513 -2.4411026970731804 -7
      vertex -21.539460491919513 -2.4411026970731804 7
      vertex -21.420892603367594 -2.4643152023291273 -7
    endloop
  endfacet
  facet normal 0.14448904956922376 0.9895063994510507 0
    outer loop
      vertex -21.420892603367594 -2.4643152023291273 -7
      vertex -21.420892603367594 -2.4643152023291273 7
      vertex -21.301341700638307 -2.481772185245135 -7
    endloop
  endfacet
  facet normal 0.04831337952550442 0.9988322268323268 0
    outer loop
      vertex -21.181087000404403 -2.493432874228728 -7
      vertex -21.181087000404403 -2.493432874228728 7
      vertex -21.06040936309033 -2.499270035200482 -7
    endloop
  endfacet
  facet normal 0.09651392091451372 0.9953316347176488 0
    outer loop
      vertex -21.301341700638307 -2.481772185245135 -7
      vertex -21.301341700638307 -2.481772185245135 7
      vertex -21.181087000404403 -2.493432874228728 -7
    endloop
  endfacet
  facet normal 0 1 0
    outer loop
      vertex -21.06040936309033 -2.499270035200482 -7
      vertex -21.06040936309033 -2.499270035200482 7
      vertex -20.93959063690967 -2.499270035200482 -7
    endloop
  endfacet
  facet normal -0.04831337952550442 0.9988322268323268 0
    outer loop
      vertex -20.93959063690967 -2.499270035200482 -7
      vertex -20.93959063690967 -2.499270035200482 7
      vertex -20.818912999595597 -2.493432874228728 -7
    endloop
  endfacet
  facet normal -0.09651392091451372 0.9953316347176488 0
    outer loop
      vertex -20.818912999595597 -2.493432874228728 -7
      vertex -20.818912999595597 -2.493432874228728 7
      vertex -20.698658299361693 -2.481772185245135 -7
    endloop
  endfacet
  facet normal -0.14448904956922376 0.9895063994510507 0
    outer loop
      vertex -20.698658299361693 -2.481772185245135 -7
      vertex -20.698658299361693 -2.481772185245135 7
      vertex -20.579107396632406 -2.4643152023291273 -7
    endloop
  endfacet
  facet normal 0.548012507354664 0.8364701380102307 0
    outer loop
      vertex -22.42016186682789 -2.057459664734141 -7
      vertex -22.42016186682789 -2.057459664734141 7
      vertex -22.31910061026533 -2.123669837803803 -7
    endloop
  endfacet
  facet normal 0.6261851975383091 0.7796743540632259 0
    outer loop
      vertex -22.612105531840427 -1.9107893013646207 -7
      vertex -22.612105531840427 -1.9107893013646207 7
      vertex -22.517906269546778 -1.9864441992843855 -7
    endloop
  endfacet
  facet normal 0.5877852522924768 0.8090169943749448 0
    outer loop
      vertex -22.517906269546778 -1.9864441992843855 -7
      vertex -22.517906269546778 -1.9864441992843855 7
      vertex -22.42016186682789 -2.057459664734141 -7
    endloop
  endfacet
  facet normal 0.6631226582407973 0.7485107481710994 0
    outer loop
      vertex -22.702539646966994 -1.8306716664944334 -7
      vertex -22.702539646966994 -1.8306716664944334 7
      vertex -22.612105531840427 -1.9107893013646207 -7
    endloop
  endfacet
  facet normal 0.732268666597777 0.6810158587867934 -3.0915297214840574e-20
    outer loop
      vertex -22.788997401860303 -1.746278413122343 -7
      vertex -22.871276870427753 -1.6578066456019882 -7
      vertex -22.871276870427753 -1.6578066456019882 7
    endloop
  endfacet
  facet normal 0.6985113652489329 0.715598960744125 2.9807671935638507e-20
    outer loop
      vertex -22.702539646966994 -1.8306716664944334 -7
      vertex -22.788997401860303 -1.746278413122343 -7
      vertex -22.788997401860303 -1.746278413122343 7
    endloop
  endfacet
  facet normal 0.37709484168831214 0.9261746489577799 0
    outer loop
      vertex -21.99841145891424 -2.291980488291456 -7
      vertex -21.99841145891424 -2.291980488291456 7
      vertex -21.886512217606338 -2.337540606713537 -7
    endloop
  endfacet
  facet normal 0.4214011077725366 0.906874360850542 0
    outer loop
      vertex -22.107978863998103 -2.2410673432392594 -7
      vertex -22.107978863998103 -2.2410673432392594 7
      vertex -21.99841145891424 -2.291980488291456 -7
    endloop
  endfacet
  facet normal 0.2859456783986919 0.9582458291091653 0
    outer loop
      vertex -21.772542485937368 -2.3776412907378837 -7
      vertex -21.772542485937368 -2.3776412907378837 7
      vertex -21.656768445496468 -2.4121888833588785 -7
    endloop
  endfacet
  facet normal 0.3319078531285292 0.9433118132577428 0
    outer loop
      vertex -21.886512217606338 -2.337540606713537 -7
      vertex -21.886512217606338 -2.337540606713537 7
      vertex -21.772542485937368 -2.3776412907378837 -7
    endloop
  endfacet
  facet normal 0.2393156642875556 0.9709418174260526 0
    outer loop
      vertex -21.656768445496468 -2.4121888833588785 -7
      vertex -21.656768445496468 -2.4121888833588785 7
      vertex -21.539460491919513 -2.4411026970731804 -7
    endloop
  endfacet
  facet normal 0.4647231720437639 0.8854560256532124 0
    outer loop
      vertex -22.214958533106515 -2.1849200815662955 -7
      vertex -22.214958533106515 -2.1849200815662955 7
      vertex -22.107978863998103 -2.2410673432392594 -7
    endloop
  endfacet
  facet normal 0.5069598538135957 0.8619696668800462 0
    outer loop
      vertex -22.31910061026533 -2.123669837803803 -7
      vertex -22.31910061026533 -2.123669837803803 7
      vertex -22.214958533106515 -2.1849200815662955 -7
    endloop
  endfacet
  facet normal 0.7643157205458518 0.6448422127361665 6.935699036380154e-20
    outer loop
      vertex -22.871276870427753 -1.6578066456019882 -7
      vertex -22.949185885158055 -1.5654629938457845 -7
      vertex -22.949185885158055 -1.5654629938457845 7
    endloop
  endfacet
  facet normal 0.7945776797137533 0.6071625078187126 8.380903306763746e-21
    outer loop
      vertex -22.949185885158055 -1.5654629938457845 -7
      vertex -23.022542485937368 -1.469463130731183 -7
      vertex -23.022542485937368 -1.469463130731183 7
    endloop
  endfacet
  facet normal 0.8229838658936487 0.568064746731167 6.843193763759448e-20
    outer loop
      vertex -23.022542485937368 -1.469463130731183 -7
      vertex -23.09117534502557 -1.3700312683866747 -7
      vertex -23.09117534502557 -1.3700312683866747 7
    endloop
  endfacet
  facet normal 0.8494679351215341 0.5276402441061115 -2.5169525613624587e-19
    outer loop
      vertex -23.09117534502557 -1.3700312683866747 -7
      vertex -23.15492416720012 -1.2673996345339755 -7
      vertex -23.15492416720012 -1.2673996345339755 7
    endloop
  endfacet
  facet normal 0.896426937295698 0.44319154559925295 -2.7935322874673895e-20
    outer loop
      vertex -23.213640064133024 -1.1618079301094208 -7
      vertex -23.267185902126364 -1.053502769431323 -7
      vertex -23.267185902126364 -1.053502769431323 7
    endloop
  endfacet
  facet normal 0.916792195316588 0.3993645835656826 -1.0260741227573936e-19
    outer loop
      vertex -23.267185902126364 -1.053502769431323 -7
      vertex -23.31543662239444 -0.9427371042208015 -7
      vertex -23.31543662239444 -0.9427371042208015 7
    endloop
  endfacet
  facet normal 0.9350162426854098 0.3546048870425489 -1.7956696607739512e-19
    outer loop
      vertex -23.31543662239444 -0.9427371042208015 -7
      vertex -23.35827953314436 -0.8297696328213212 -7
      vertex -23.35827953314436 -0.8297696328213212 7
    endloop
  endfacet
  facet normal 0.8739680326265151 0.48598341324261113 -4.121792396268731e-20
    outer loop
      vertex -23.15492416720012 -1.2673996345339755 -7
      vertex -23.213640064133024 -1.1618079301094208 -7
      vertex -23.213640064133024 -1.1618079301094208 7
    endloop
  endfacet
  facet normal 0.95105651629516 0.30901699437492774 -2.409462152759767e-19
    outer loop
      vertex -23.35827953314436 -0.8297696328213212 -7
      vertex -23.395614572772914 -0.714864195996723 -7
      vertex -23.395614572772914 -0.714864195996723 7
    endloop
  endfacet
  facet normal 0.9648755533435479 0.2627073781986004 -1.0887112288715905e-19
    outer loop
      vertex -23.395614572772914 -0.714864195996723 -7
      vertex -23.42735454356513 -0.598289160718894 -7
      vertex -23.42735454356513 -0.598289160718894 7
    endloop
  endfacet
  facet normal 0.9764410788292741 0.21578419676779656 9.773078742050846e-20
    outer loop
      vertex -23.42735454356513 -0.598289160718894 -7
      vertex -23.453425315348532 -0.4803167933842705 -7
      vertex -23.453425315348532 -0.4803167933842705 7
    endloop
  endfacet
  facet normal 0.98572608093165 0.168357041347044 -4.946701749647129e-20
    outer loop
      vertex -23.453425315348532 -0.4803167933842705 -7
      vertex -23.473765998627627 -0.3612226239230538 -7
      vertex -23.473765998627627 -0.3612226239230538 7
    endloop
  endfacet
  facet normal 0.9927088740980543 0.12053668025532066 -1.2013601350368884e-20
    outer loop
      vertex -23.473765998627627 -0.3612226239230538 -7
      vertex -23.48832908679412 -0.24128480228628815 -7
      vertex -23.48832908679412 -0.24128480228628815 7
    endloop
  endfacet
  facet normal 0.9973731496914916 0.07243480016175606 -2.5233092088745887e-20
    outer loop
      vertex -23.48832908679412 -0.24128480228628815 -7
      vertex -23.497080567080815 -0.12078344881376785 -7
      vertex -23.497080567080815 -0.12078344881376785 7
    endloop
  endfacet
  facet normal 0.9997080140801927 0.02416374523614676 8.373915064722047e-21
    outer loop
      vertex -23.497080567080815 -0.12078344881376785 -7
      vertex -23.5 0 -7
      vertex -23.5 0 7
    endloop
  endfacet
  facet normal -0.19212671735370737 0.9813701261394135 0
    outer loop
      vertex -20.579107396632406 -2.4643152023291273 -7
      vertex -20.579107396632406 -2.4643152023291273 7
      vertex -20.460539508080487 -2.4411026970731804 -7
    endloop
  endfacet
  facet normal -0.2393156642875556 0.9709418174260526 0
    outer loop
      vertex -20.460539508080487 -2.4411026970731804 -7
      vertex -20.460539508080487 -2.4411026970731804 7
      vertex -20.343231554503532 -2.4121888833588785 -7
    endloop
  endfacet
  facet normal -0.2859456783986919 0.9582458291091653 0
    outer loop
      vertex -20.343231554503532 -2.4121888833588785 -7
      vertex -20.343231554503532 -2.4121888833588785 7
      vertex -20.227457514062632 -2.3776412907378837 -7
    endloop
  endfacet
  facet normal -0.3319078531285292 0.9433118132577428 0
    outer loop
      vertex -20.227457514062632 -2.3776412907378837 -7
      vertex -20.227457514062632 -2.3776412907378837 7
      vertex -20.113487782393662 -2.337540606713537 -7
    endloop
  endfacet
  facet normal -0.37709484168831214 0.9261746489577799 0
    outer loop
      vertex -20.113487782393662 -2.337540606713537 -7
      vertex -20.113487782393662 -2.337540606713537 7
      vertex -20.00158854108576 -2.291980488291456 -7
    endloop
  endfacet
  facet normal -0.4214011077725366 0.906874360850542 0
    outer loop
      vertex -20.00158854108576 -2.291980488291456 -7
      vertex -20.00158854108576 -2.291980488291456 7
      vertex -19.892021136001897 -2.2410673432392594 -7
    endloop
  endfacet
  facet normal -0.4647231720437696 0.8854560256532094 0
    outer loop
      vertex -19.892021136001897 -2.2410673432392594 -7
      vertex -19.892021136001897 -2.2410673432392594 7
      vertex -19.785041466893485 -2.1849200815662946 -7
    endloop
  endfacet
  facet normal -0.5069598538135828 0.8619696668800537 0
    outer loop
      vertex -19.785041466893485 -2.1849200815662946 -7
      vertex -19.785041466893485 -2.1849200815662946 7
      vertex -19.680899389734666 -2.123669837803802 -7
    endloop
  endfacet
  facet normal -0.5480125073546774 0.8364701380102219 0
    outer loop
      vertex -19.680899389734666 -2.123669837803802 -7
      vertex -19.680899389734666 -2.123669837803802 7
      vertex -19.57983813317211 -2.0574596647341403 -7
    endloop
  endfacet
  facet normal -0.5877852522924671 0.8090169943749518 0
    outer loop
      vertex -19.57983813317211 -2.0574596647341403 -7
      vertex -19.57983813317211 -2.0574596647341403 7
      vertex -19.482093730453222 -1.9864441992843864 -7
    endloop
  endfacet
  facet normal -0.6261851975383091 0.7796743540632259 0
    outer loop
      vertex -19.482093730453222 -1.9864441992843864 -7
      vertex -19.482093730453222 -1.9864441992843864 7
      vertex -19.387894468159573 -1.9107893013646216 -7
    endloop
  endfacet
  facet normal -0.6631226582407962 0.7485107481711003 0
    outer loop
      vertex -19.387894468159573 -1.9107893013646216 -7
      vertex -19.387894468159573 -1.9107893013646216 7
      vertex -19.297460353033006 -1.8306716664944345 -7
    endloop
  endfacet
  facet normal -0.6985113652489376 0.7155989607441204 0
    outer loop
      vertex -19.297460353033006 -1.8306716664944345 -7
      vertex -19.297460353033006 -1.8306716664944345 7
      vertex -19.211002598139697 -1.746278413122343 -7
    endloop
  endfacet
  facet normal -0.732268666597777 0.6810158587867934 0
    outer loop
      vertex -19.211002598139697 -1.746278413122343 -7
      vertex -19.211002598139697 -1.746278413122343 7
      vertex -19.128723129572247 -1.6578066456019882 -7
    endloop
  endfacet
  facet normal -0.7643157205458518 0.6448422127361665 -6.935699036380154e-20
    outer loop
      vertex -19.050814114841945 -1.5654629938457845 -7
      vertex -19.128723129572247 -1.6578066456019882 -7
      vertex -19.128723129572247 -1.6578066456019882 7
    endloop
  endfacet
  facet normal -0.7945776797137533 0.6071625078187126 -8.380903306763746e-21
    outer loop
      vertex -18.977457514062632 -1.469463130731183 -7
      vertex -19.050814114841945 -1.5654629938457845 -7
      vertex -19.050814114841945 -1.5654629938457845 7
    endloop
  endfacet
  facet normal -0.8229838658936487 0.568064746731167 -6.843193763759448e-20
    outer loop
      vertex -18.90882465497443 -1.3700312683866747 -7
      vertex -18.977457514062632 -1.469463130731183 -7
      vertex -18.977457514062632 -1.469463130731183 7
    endloop
  endfacet
  facet normal -0.8494679351215341 0.5276402441061115 2.5169525613624587e-19
    outer loop
      vertex -18.84507583279988 -1.2673996345339755 -7
      vertex -18.90882465497443 -1.3700312683866747 -7
      vertex -18.90882465497443 -1.3700312683866747 7
    endloop
  endfacet
  facet normal -0.8739680326265151 0.48598341324261113 4.121792396268731e-20
    outer loop
      vertex -18.786359935866976 -1.1618079301094208 -7
      vertex -18.84507583279988 -1.2673996345339755 -7
      vertex -18.84507583279988 -1.2673996345339755 7
    endloop
  endfacet
  facet normal -0.8964269372956994 0.44319154559925006 -5.875761168810991e-20
    outer loop
      vertex -18.732814097873636 -1.0535027694313222 -7
      vertex -18.786359935866976 -1.1618079301094208 -7
      vertex -18.786359935866976 -1.1618079301094208 7
    endloop
  endfacet
  facet normal -0.9167921953165779 0.399364583565706 -2.0479190964214572e-19
    outer loop
      vertex -18.684563377605556 -0.9427371042208001 -7
      vertex -18.732814097873636 -1.0535027694313222 -7
      vertex -18.732814097873636 -1.0535027694313222 7
    endloop
  endfacet
  facet normal -0.9350162426854194 0.35460488704252346 7.769881855020387e-20
    outer loop
      vertex -18.64172046685564 -0.82976963282132 -7
      vertex -18.684563377605556 -0.9427371042208001 -7
      vertex -18.684563377605556 -0.9427371042208001 7
    endloop
  endfacet
  facet normal -0.951056516295158 0.3090169943749339 -2.279250388739593e-19
    outer loop
      vertex -18.604385427227086 -0.7148641959967243 -7
      vertex -18.64172046685564 -0.82976963282132 -7
      vertex -18.64172046685564 -0.82976963282132 7
    endloop
  endfacet
  facet normal -0.9648755533435479 0.2627073781986004 1.0887112288715905e-19
    outer loop
      vertex -18.57264545643487 -0.5982891607188954 -7
      vertex -18.604385427227086 -0.7148641959967243 -7
      vertex -18.604385427227086 -0.7148641959967243 7
    endloop
  endfacet
  facet normal -0.9764410788292743 0.2157841967677962 -8.445359227048332e-21
    outer loop
      vertex -18.546574684651468 -0.48031679338427163 -7
      vertex -18.57264545643487 -0.5982891607188954 -7
      vertex -18.57264545643487 -0.5982891607188954 7
    endloop
  endfacet
  facet normal -0.9857260809316502 0.16835704134704244 6.796564311133446e-20
    outer loop
      vertex -18.526234001372373 -0.3612226239230538 -7
      vertex -18.546574684651468 -0.48031679338427163 -7
      vertex -18.546574684651468 -0.48031679338427163 7
    endloop
  endfacet
  facet normal -0.9927088740980543 0.12053668025532066 1.2013601350368884e-20
    outer loop
      vertex -18.51167091320588 -0.24128480228628815 -7
      vertex -18.526234001372373 -0.3612226239230538 -7
      vertex -18.526234001372373 -0.3612226239230538 7
    endloop
  endfacet
  facet normal -0.9973731496914916 0.07243480016175606 2.5233092088745887e-20
    outer loop
      vertex -18.502919432919185 -0.12078344881376785 -7
      vertex -18.51167091320588 -0.24128480228628815 -7
      vertex -18.51167091320588 -0.24128480228628815 7
    endloop
  endfacet
  facet normal -0.9997080140801927 0.02416374523614676 0
    outer loop
      vertex -18.502919432919185 -0.12078344881376785 -7
      vertex -18.502919432919185 -0.12078344881376785 7
      vertex -18.5 0 -7
    endloop
  endfacet
  facet normal 0.19212671735370737 0.9813701261394135 0
    outer loop
      vertex -21.420892603367594 -2.4643152023291273 -7
      vertex -21.539460491919513 -2.4411026970731804 7
      vertex -21.420892603367594 -2.4643152023291273 7
    endloop
  endfacet
  facet normal 0.14448904956922376 0.9895063994510507 0
    outer loop
      vertex -21.301341700638307 -2.481772185245135 -7
      vertex -21.420892603367594 -2.4643152023291273 7
      vertex -21.301341700638307 -2.481772185245135 7
    endloop
  endfacet
  facet normal 0.09651392091451372 0.9953316347176488 0
    outer loop
      vertex -21.181087000404403 -2.493432874228728 -7
      vertex -21.301341700638307 -2.481772185245135 7
      vertex -21.181087000404403 -2.493432874228728 7
    endloop
  endfacet
  facet normal 0.04831337952550442 0.9988322268323268 0
    outer loop
      vertex -21.06040936309033 -2.499270035200482 -7
      vertex -21.181087000404403 -2.493432874228728 7
      vertex -21.06040936309033 -2.499270035200482 7
    endloop
  endfacet
  facet normal 0 1 0
    outer loop
      vertex -20.93959063690967 -2.499270035200482 -7
      vertex -21.06040936309033 -2.499270035200482 7
      vertex -20.93959063690967 -2.499270035200482 7
    endloop
  endfacet
  facet normal -0.04831337952550442 0.9988322268323268 0
    outer loop
      vertex -20.818912999595597 -2.493432874228728 -7
      vertex -20.93959063690967 -2.499270035200482 7
      vertex -20.818912999595597 -2.493432874228728 7
    endloop
  endfacet
  facet normal -0.09651392091451372 0.9953316347176488 0
    outer loop
      vertex -20.698658299361693 -2.481772185245135 -7
      vertex -20.818912999595597 -2.493432874228728 7
      vertex -20.698658299361693 -2.481772185245135 7
    endloop
  endfacet
  facet normal 0.548012507354664 0.8364701380102307 0
    outer loop
      vertex -22.31910061026533 -2.123669837803803 -7
      vertex -22.42016186682789 -2.057459664734141 7
      vertex -22.31910061026533 -2.123669837803803 7
    endloop
  endfacet
  facet normal 0.5877852522924768 0.8090169943749448 0
    outer loop
      vertex -22.42016186682789 -2.057459664734141 -7
      vertex -22.517906269546778 -1.9864441992843855 7
      vertex -22.42016186682789 -2.057459664734141 7
    endloop
  endfacet
  facet normal 0.6261851975383091 0.7796743540632259 0
    outer loop
      vertex -22.517906269546778 -1.9864441992843855 -7
      vertex -22.612105531840427 -1.9107893013646207 7
      vertex -22.517906269546778 -1.9864441992843855 7
    endloop
  endfacet
  facet normal 0.6631226582407973 0.7485107481710994 0
    outer loop
      vertex -22.612105531840427 -1.9107893013646207 -7
      vertex -22.702539646966994 -1.8306716664944334 7
      vertex -22.612105531840427 -1.9107893013646207 7
    endloop
  endfacet
  facet normal 0.732268666597777 0.6810158587867934 0
    outer loop
      vertex -22.788997401860303 -1.746278413122343 -7
      vertex -22.871276870427753 -1.6578066456019882 7
      vertex -22.788997401860303 -1.746278413122343 7
    endloop
  endfacet
  facet normal 0.7643157205458518 0.6448422127361665 0
    outer loop
      vertex -22.871276870427753 -1.6578066456019882 -7
      vertex -22.949185885158055 -1.5654629938457845 7
      vertex -22.871276870427753 -1.6578066456019882 7
    endloop
  endfacet
  facet normal 0.6985113652489329 0.715598960744125 0
    outer loop
      vertex -22.702539646966994 -1.8306716664944334 -7
      vertex -22.788997401860303 -1.746278413122343 7
      vertex -22.702539646966994 -1.8306716664944334 7
    endloop
  endfacet
  facet normal 0.37709484168831214 0.9261746489577799 0
    outer loop
      vertex -21.886512217606338 -2.337540606713537 -7
      vertex -21.99841145891424 -2.291980488291456 7
      vertex -21.886512217606338 -2.337540606713537 7
    endloop
  endfacet
  facet normal 0.4214011077725366 0.906874360850542 0
    outer loop
      vertex -21.99841145891424 -2.291980488291456 -7
      vertex -22.107978863998103 -2.2410673432392594 7
      vertex -21.99841145891424 -2.291980488291456 7
    endloop
  endfacet
  facet normal 0.3319078531285292 0.9433118132577428 0
    outer loop
      vertex -21.772542485937368 -2.3776412907378837 -7
      vertex -21.886512217606338 -2.337540606713537 7
      vertex -21.772542485937368 -2.3776412907378837 7
    endloop
  endfacet
  facet normal 0.2859456783986919 0.9582458291091653 0
    outer loop
      vertex -21.656768445496468 -2.4121888833588785 -7
      vertex -21.772542485937368 -2.3776412907378837 7
      vertex -21.656768445496468 -2.4121888833588785 7
    endloop
  endfacet
  facet normal 0.2393156642875556 0.9709418174260526 0
    outer loop
      vertex -21.539460491919513 -2.4411026970731804 -7
      vertex -21.656768445496468 -2.4121888833588785 7
      vertex -21.539460491919513 -2.4411026970731804 7
    endloop
  endfacet
  facet normal 0.4647231720437639 0.8854560256532124 0
    outer loop
      vertex -22.107978863998103 -2.2410673432392594 -7
      vertex -22.214958533106515 -2.1849200815662955 7
      vertex -22.107978863998103 -2.2410673432392594 7
    endloop
  endfacet
  facet normal 0.5069598538135957 0.8619696668800462 0
    outer loop
      vertex -22.214958533106515 -2.1849200815662955 -7
      vertex -22.31910061026533 -2.123669837803803 7
      vertex -22.214958533106515 -2.1849200815662955 7
    endloop
  endfacet
  facet normal 0.7945776797137533 0.6071625078187126 0
    outer loop
      vertex -22.949185885158055 -1.5654629938457845 -7
      vertex -23.022542485937368 -1.469463130731183 7
      vertex -22.949185885158055 -1.5654629938457845 7
    endloop
  endfacet
  facet normal 0.8229838658936487 0.568064746731167 0
    outer loop
      vertex -23.022542485937368 -1.469463130731183 -7
      vertex -23.09117534502557 -1.3700312683866747 7
      vertex -23.022542485937368 -1.469463130731183 7
    endloop
  endfacet
  facet normal 0.8494679351215341 0.5276402441061115 0
    outer loop
      vertex -23.09117534502557 -1.3700312683866747 -7
      vertex -23.15492416720012 -1.2673996345339755 7
      vertex -23.09117534502557 -1.3700312683866747 7
    endloop
  endfacet
  facet normal 0.8739680326265151 0.48598341324261113 0
    outer loop
      vertex -23.15492416720012 -1.2673996345339755 -7
      vertex -23.213640064133024 -1.1618079301094208 7
      vertex -23.15492416720012 -1.2673996345339755 7
    endloop
  endfacet
  facet normal 0.896426937295698 0.44319154559925295 0
    outer loop
      vertex -23.213640064133024 -1.1618079301094208 -7
      vertex -23.267185902126364 -1.053502769431323 7
      vertex -23.213640064133024 -1.1618079301094208 7
    endloop
  endfacet
  facet normal 0.916792195316588 0.3993645835656826 0
    outer loop
      vertex -23.267185902126364 -1.053502769431323 -7
      vertex -23.31543662239444 -0.9427371042208015 7
      vertex -23.267185902126364 -1.053502769431323 7
    endloop
  endfacet
  facet normal 0.9350162426854098 0.3546048870425489 0
    outer loop
      vertex -23.31543662239444 -0.9427371042208015 -7
      vertex -23.35827953314436 -0.8297696328213212 7
      vertex -23.31543662239444 -0.9427371042208015 7
    endloop
  endfacet
  facet normal 0.95105651629516 0.30901699437492774 0
    outer loop
      vertex -23.35827953314436 -0.8297696328213212 -7
      vertex -23.395614572772914 -0.714864195996723 7
      vertex -23.35827953314436 -0.8297696328213212 7
    endloop
  endfacet
  facet normal 0.9648755533435479 0.2627073781986004 0
    outer loop
      vertex -23.395614572772914 -0.714864195996723 -7
      vertex -23.42735454356513 -0.598289160718894 7
      vertex -23.395614572772914 -0.714864195996723 7
    endloop
  endfacet
  facet normal 0.9764410788292741 0.21578419676779656 0
    outer loop
      vertex -23.42735454356513 -0.598289160718894 -7
      vertex -23.453425315348532 -0.4803167933842705 7
      vertex -23.42735454356513 -0.598289160718894 7
    endloop
  endfacet
  facet normal 0.98572608093165 0.168357041347044 0
    outer loop
      vertex -23.453425315348532 -0.4803167933842705 -7
      vertex -23.473765998627627 -0.3612226239230538 7
      vertex -23.453425315348532 -0.4803167933842705 7
    endloop
  endfacet
  facet normal 0.9927088740980543 0.12053668025532066 0
    outer loop
      vertex -23.473765998627627 -0.3612226239230538 -7
      vertex -23.48832908679412 -0.24128480228628815 7
      vertex -23.473765998627627 -0.3612226239230538 7
    endloop
  endfacet
  facet normal 0.9973731496914916 0.07243480016175606 0
    outer loop
      vertex -23.48832908679412 -0.24128480228628815 -7
      vertex -23.497080567080815 -0.12078344881376785 7
      vertex -23.48832908679412 -0.24128480228628815 7
    endloop
  endfacet
  facet normal 0.9997080140801927 0.02416374523614676 0
    outer loop
      vertex -23.497080567080815 -0.12078344881376785 -7
      vertex -23.5 0 7
      vertex -23.497080567080815 -0.12078344881376785 7
    endloop
  endfacet
  facet normal -0.14448904956922376 0.9895063994510507 0
    outer loop
      vertex -20.579107396632406 -2.4643152023291273 -7
      vertex -20.698658299361693 -2.481772185245135 7
      vertex -20.579107396632406 -2.4643152023291273 7
    endloop
  endfacet
  facet normal -0.19212671735370737 0.9813701261394135 0
    outer loop
      vertex -20.460539508080487 -2.4411026970731804 -7
      vertex -20.579107396632406 -2.4643152023291273 7
      vertex -20.460539508080487 -2.4411026970731804 7
    endloop
  endfacet
  facet normal -0.2393156642875556 0.9709418174260526 0
    outer loop
      vertex -20.343231554503532 -2.4121888833588785 -7
      vertex -20.460539508080487 -2.4411026970731804 7
      vertex -20.343231554503532 -2.4121888833588785 7
    endloop
  endfacet
  facet normal -0.2859456783986919 0.9582458291091653 0
    outer loop
      vertex -20.227457514062632 -2.3776412907378837 -7
      vertex -20.343231554503532 -2.4121888833588785 7
      vertex -20.227457514062632 -2.3776412907378837 7
    endloop
  endfacet
  facet normal -0.3319078531285292 0.9433118132577428 0
    outer loop
      vertex -20.113487782393662 -2.337540606713537 -7
      vertex -20.227457514062632 -2.3776412907378837 7
      vertex -20.113487782393662 -2.337540606713537 7
    endloop
  endfacet
  facet normal -0.37709484168831214 0.9261746489577799 0
    outer loop
      vertex -20.00158854108576 -2.291980488291456 -7
      vertex -20.113487782393662 -2.337540606713537 7
      vertex -20.00158854108576 -2.291980488291456 7
    endloop
  endfacet
  facet normal -0.4214011077725366 0.906874360850542 0
    outer loop
      vertex -19.892021136001897 -2.2410673432392594 -7
      vertex -20.00158854108576 -2.291980488291456 7
      vertex -19.892021136001897 -2.2410673432392594 7
    endloop
  endfacet
  facet normal -0.4647231720437696 0.8854560256532094 0
    outer loop
      vertex -19.785041466893485 -2.1849200815662946 -7
      vertex -19.892021136001897 -2.2410673432392594 7
      vertex -19.785041466893485 -2.1849200815662946 7
    endloop
  endfacet
  facet normal -0.5069598538135828 0.8619696668800537 0
    outer loop
      vertex -19.680899389734666 -2.123669837803802 -7
      vertex -19.785041466893485 -2.1849200815662946 7
      vertex -19.680899389734666 -2.123669837803802 7
    endloop
  endfacet
  facet normal -0.5480125073546774 0.8364701380102219 0
    outer loop
      vertex -19.57983813317211 -2.0574596647341403 -7
      vertex -19.680899389734666 -2.123669837803802 7
      vertex -19.57983813317211 -2.0574596647341403 7
    endloop
  endfacet
  facet normal -0.5877852522924671 0.8090169943749518 0
    outer loop
      vertex -19.482093730453222 -1.9864441992843864 -7
      vertex -19.57983813317211 -2.0574596647341403 7
      vertex -19.482093730453222 -1.9864441992843864 7
    endloop
  endfacet
  facet normal -0.6261851975383091 0.7796743540632259 0
    outer loop
      vertex -19.387894468159573 -1.9107893013646216 -7
      vertex -19.482093730453222 -1.9864441992843864 7
      vertex -19.387894468159573 -1.9107893013646216 7
    endloop
  endfacet
  facet normal -0.6631226582407962 0.7485107481711003 0
    outer loop
      vertex -19.297460353033006 -1.8306716664944345 -7
      vertex -19.387894468159573 -1.9107893013646216 7
      vertex -19.297460353033006 -1.8306716664944345 7
    endloop
  endfacet
  facet normal -0.6985113652489376 0.7155989607441204 0
    outer loop
      vertex -19.211002598139697 -1.746278413122343 -7
      vertex -19.297460353033006 -1.8306716664944345 7
      vertex -19.211002598139697 -1.746278413122343 7
    endloop
  endfacet
  facet normal -0.732268666597777 0.6810158587867934 0
    outer loop
      vertex -19.128723129572247 -1.6578066456019882 -7
      vertex -19.211002598139697 -1.746278413122343 7
      vertex -19.128723129572247 -1.6578066456019882 7
    endloop
  endfacet
  facet normal -0.7643157205458518 0.6448422127361665 0
    outer loop
      vertex -19.050814114841945 -1.5654629938457845 -7
      vertex -19.128723129572247 -1.6578066456019882 7
      vertex -19.050814114841945 -1.5654629938457845 7
    endloop
  endfacet
  facet normal -0.7945776797137533 0.6071625078187126 0
    outer loop
      vertex -18.977457514062632 -1.469463130731183 -7
      vertex -19.050814114841945 -1.5654629938457845 7
      vertex -18.977457514062632 -1.469463130731183 7
    endloop
  endfacet
  facet normal -0.8229838658936487 0.568064746731167 0
    outer loop
      vertex -18.90882465497443 -1.3700312683866747 -7
      vertex -18.977457514062632 -1.469463130731183 7
      vertex -18.90882465497443 -1.3700312683866747 7
    endloop
  endfacet
  facet normal -0.8494679351215341 0.5276402441061115 0
    outer loop
      vertex -18.84507583279988 -1.2673996345339755 -7
      vertex -18.90882465497443 -1.3700312683866747 7
      vertex -18.84507583279988 -1.2673996345339755 7
    endloop
  endfacet
  facet normal -0.8739680326265151 0.48598341324261113 0
    outer loop
      vertex -18.786359935866976 -1.1618079301094208 -7
      vertex -18.84507583279988 -1.2673996345339755 7
      vertex -18.786359935866976 -1.1618079301094208 7
    endloop
  endfacet
  facet normal -0.8964269372956994 0.44319154559925006 0
    outer loop
      vertex -18.732814097873636 -1.0535027694313222 -7
      vertex -18.786359935866976 -1.1618079301094208 7
      vertex -18.732814097873636 -1.0535027694313222 7
    endloop
  endfacet
  facet normal -0.9167921953165779 0.399364583565706 0
    outer loop
      vertex -18.684563377605556 -0.9427371042208001 -7
      vertex -18.732814097873636 -1.0535027694313222 7
      vertex -18.684563377605556 -0.9427371042208001 7
    endloop
  endfacet
  facet normal -0.9350162426854194 0.35460488704252346 0
    outer loop
      vertex -18.64172046685564 -0.82976963282132 -7
      vertex -18.684563377605556 -0.9427371042208001 7
      vertex -18.64172046685564 -0.82976963282132 7
    endloop
  endfacet
  facet normal -0.951056516295158 0.3090169943749339 0
    outer loop
      vertex -18.604385427227086 -0.7148641959967243 -7
      vertex -18.64172046685564 -0.82976963282132 7
      vertex -18.604385427227086 -0.7148641959967243 7
    endloop
  endfacet
  facet normal -0.9648755533435479 0.2627073781986004 0
    outer loop
      vertex -18.57264545643487 -0.5982891607188954 -7
      vertex -18.604385427227086 -0.7148641959967243 7
      vertex -18.57264545643487 -0.5982891607188954 7
    endloop
  endfacet
  facet normal -0.9764410788292743 0.2157841967677962 0
    outer loop
      vertex -18.546574684651468 -0.48031679338427163 -7
      vertex -18.57264545643487 -0.5982891607188954 7
      vertex -18.546574684651468 -0.48031679338427163 7
    endloop
  endfacet
  facet normal -0.9857260809316502 0.16835704134704244 0
    outer loop
      vertex -18.526234001372373 -0.3612226239230538 -7
      vertex -18.546574684651468 -0.48031679338427163 7
      vertex -18.526234001372373 -0.3612226239230538 7
    endloop
  endfacet
  facet normal -0.9927088740980543 0.12053668025532066 0
    outer loop
      vertex -18.51167091320588 -0.24128480228628815 -7
      vertex -18.526234001372373 -0.3612226239230538 7
      vertex -18.51167091320588 -0.24128480228628815 7
    endloop
  endfacet
  facet normal -0.9973731496914916 0.07243480016175606 0
    outer loop
      vertex -18.502919432919185 -0.12078344881376785 -7
      vertex -18.51167091320588 -0.24128480228628815 7
      vertex -18.502919432919185 -0.12078344881376785 7
    endloop
  endfacet
  facet normal -0.9997080140801927 0.02416374523614676 0
    outer loop
      vertex -18.5 0 -7
      vertex -18.502919432919185 -0.12078344881376785 7
      vertex -18.5 0 7
    endloop
  endfacet
  facet normal 0.9997080140801927 -0.02416374523614676 -8.373915064722047e-21
    outer loop
      vertex -23.5 0 -7
      vertex -23.497080567080815 0.12078344881376785 -7
      vertex -23.497080567080815 0.12078344881376785 7
    endloop
  endfacet
  facet normal 0.9973731496914916 -0.07243480016175606 2.5233092088745887e-20
    outer loop
      vertex -23.497080567080815 0.12078344881376785 -7
      vertex -23.48832908679412 0.24128480228628815 -7
      vertex -23.48832908679412 0.24128480228628815 7
    endloop
  endfacet
  facet normal 0.9927088740980543 -0.12053668025532066 1.2013601350368884e-20
    outer loop
      vertex -23.48832908679412 0.24128480228628815 -7
      vertex -23.473765998627627 0.3612226239230538 -7
      vertex -23.473765998627627 0.3612226239230538 7
    endloop
  endfacet
  facet normal 0.98572608093165 -0.168357041347044 4.946701749647129e-20
    outer loop
      vertex -23.473765998627627 0.3612226239230538 -7
      vertex -23.453425315348532 0.4803167933842705 -7
      vertex -23.453425315348532 0.4803167933842705 7
    endloop
  endfacet
  facet normal 0.9764410788292741 -0.21578419676779656 -9.773078742050846e-20
    outer loop
      vertex -23.453425315348532 0.4803167933842705 -7
      vertex -23.42735454356513 0.598289160718894 -7
      vertex -23.42735454356513 0.598289160718894 7
    endloop
  endfacet
  facet normal 0.9648755533435479 -0.2627073781986004 1.0887112288715905e-19
    outer loop
      vertex -23.42735454356513 0.598289160718894 -7
      vertex -23.395614572772914 0.714864195996723 -7
      vertex -23.395614572772914 0.714864195996723 7
    endloop
  endfacet
  facet normal 0.95105651629516 -0.30901699437492774 2.409462152759767e-19
    outer loop
      vertex -23.395614572772914 0.714864195996723 -7
      vertex -23.35827953314436 0.8297696328213212 -7
      vertex -23.35827953314436 0.8297696328213212 7
    endloop
  endfacet
  facet normal 0.9350162426854098 -0.3546048870425489 1.7956696607739512e-19
    outer loop
      vertex -23.35827953314436 0.8297696328213212 -7
      vertex -23.31543662239444 0.9427371042208015 -7
      vertex -23.31543662239444 0.9427371042208015 7
    endloop
  endfacet
  facet normal 0.916792195316588 -0.3993645835656826 1.0260741227573936e-19
    outer loop
      vertex -23.31543662239444 0.9427371042208015 -7
      vertex -23.267185902126364 1.053502769431323 -7
      vertex -23.267185902126364 1.053502769431323 7
    endloop
  endfacet
  facet normal 0.896426937295698 -0.44319154559925295 2.7935322874673895e-20
    outer loop
      vertex -23.267185902126364 1.053502769431323 -7
      vertex -23.213640064133024 1.1618079301094208 -7
      vertex -23.213640064133024 1.1618079301094208 7
    endloop
  endfacet
  facet normal 0.8739680326265151 -0.48598341324261113 4.121792396268731e-20
    outer loop
      vertex -23.213640064133024 1.1618079301094208 -7
      vertex -23.15492416720012 1.2673996345339755 -7
      vertex -23.15492416720012 1.2673996345339755 7
    endloop
  endfacet
  facet normal 0.8494679351215341 -0.5276402441061115 2.5169525613624587e-19
    outer loop
      vertex -23.15492416720012 1.2673996345339755 -7
      vertex -23.09117534502557 1.3700312683866747 -7
      vertex -23.09117534502557 1.3700312683866747 7
    endloop
  endfacet
  facet normal 0.8229838658936487 -0.568064746731167 -6.843193763759448e-20
    outer loop
      vertex -23.09117534502557 1.3700312683866747 -7
      vertex -23.022542485937368 1.469463130731183 -7
      vertex -23.022542485937368 1.469463130731183 7
    endloop
  endfacet
  facet normal 0.7945776797137533 -0.6071625078187126 -8.380903306763746e-21
    outer loop
      vertex -23.022542485937368 1.469463130731183 -7
      vertex -22.949185885158055 1.5654629938457845 -7
      vertex -22.949185885158055 1.5654629938457845 7
    endloop
  endfacet
  facet normal 0.7643157205458518 -0.6448422127361665 -6.935699036380154e-20
    outer loop
      vertex -22.949185885158055 1.5654629938457845 -7
      vertex -22.871276870427753 1.6578066456019882 -7
      vertex -22.871276870427753 1.6578066456019882 7
    endloop
  endfacet
  facet normal 0.732268666597777 -0.6810158587867934 3.0915297214840574e-20
    outer loop
      vertex -22.871276870427753 1.6578066456019882 -7
      vertex -22.788997401860303 1.746278413122343 -7
      vertex -22.788997401860303 1.746278413122343 7
    endloop
  endfacet
  facet normal 0.6985113652489329 -0.715598960744125 0
    outer loop
      vertex -22.702539646966994 1.8306716664944334 -7
      vertex -22.702539646966994 1.8306716664944334 7
      vertex -22.788997401860303 1.746278413122343 -7
    endloop
  endfacet
  facet normal 0.6631226582407973 -0.7485107481710994 0
    outer loop
      vertex -22.612105531840427 1.9107893013646207 -7
      vertex -22.612105531840427 1.9107893013646207 7
      vertex -22.702539646966994 1.8306716664944334 -7
    endloop
  endfacet
  facet normal 0.6261851975383091 -0.7796743540632259 0
    outer loop
      vertex -22.517906269546778 1.9864441992843855 -7
      vertex -22.517906269546778 1.9864441992843855 7
      vertex -22.612105531840427 1.9107893013646207 -7
    endloop
  endfacet
  facet normal 0.5877852522924768 -0.8090169943749448 0
    outer loop
      vertex -22.42016186682789 2.057459664734141 -7
      vertex -22.42016186682789 2.057459664734141 7
      vertex -22.517906269546778 1.9864441992843855 -7
    endloop
  endfacet
  facet normal 0.548012507354664 -0.8364701380102307 0
    outer loop
      vertex -22.31910061026533 2.123669837803803 -7
      vertex -22.31910061026533 2.123669837803803 7
      vertex -22.42016186682789 2.057459664734141 -7
    endloop
  endfacet
  facet normal 0.5069598538135902 -0.8619696668800494 0
    outer loop
      vertex -22.214958533106515 2.1849200815662946 -7
      vertex -22.214958533106515 2.1849200815662946 7
      vertex -22.31910061026533 2.123669837803803 -7
    endloop
  endfacet
  facet normal 0.4647231720437696 -0.8854560256532094 0
    outer loop
      vertex -22.107978863998103 2.2410673432392594 -7
      vertex -22.107978863998103 2.2410673432392594 7
      vertex -22.214958533106515 2.1849200815662946 -7
    endloop
  endfacet
  facet normal 0.4214011077725253 -0.9068743608505472 0
    outer loop
      vertex -21.998411458914237 2.291980488291456 -7
      vertex -21.998411458914237 2.291980488291456 7
      vertex -22.107978863998103 2.2410673432392594 -7
    endloop
  endfacet
  facet normal 0.37709484168832236 -0.9261746489577757 0
    outer loop
      vertex -21.886512217606338 2.337540606713537 -7
      vertex -21.886512217606338 2.337540606713537 7
      vertex -21.998411458914237 2.291980488291456 -7
    endloop
  endfacet
  facet normal 0.3319078531285292 -0.9433118132577428 0
    outer loop
      vertex -21.772542485937368 2.3776412907378837 -7
      vertex -21.772542485937368 2.3776412907378837 7
      vertex -21.886512217606338 2.337540606713537 -7
    endloop
  endfacet
  facet normal 0.2859456783986919 -0.9582458291091653 0
    outer loop
      vertex -21.656768445496468 2.4121888833588785 -7
      vertex -21.656768445496468 2.4121888833588785 7
      vertex -21.772542485937368 2.3776412907378837 -7
    endloop
  endfacet
  facet normal 0.23931566428756246 -0.9709418174260509 0
    outer loop
      vertex -21.539460491919517 2.4411026970731804 -7
      vertex -21.539460491919517 2.4411026970731804 7
      vertex -21.656768445496468 2.4121888833588785 -7
    endloop
  endfacet
  facet normal 0.19212671735370737 -0.9813701261394135 0
    outer loop
      vertex -21.420892603367598 2.4643152023291273 -7
      vertex -21.420892603367598 2.4643152023291273 7
      vertex -21.539460491919517 2.4411026970731804 -7
    endloop
  endfacet
  facet normal 0.14448904956921954 -0.9895063994510515 0
    outer loop
      vertex -21.301341700638307 2.481772185245135 -7
      vertex -21.301341700638307 2.481772185245135 7
      vertex -21.420892603367598 2.4643152023291273 -7
    endloop
  endfacet
  facet normal 0.09651392091451653 -0.9953316347176484 0
    outer loop
      vertex -21.181087000404407 2.493432874228728 -7
      vertex -21.181087000404407 2.493432874228728 7
      vertex -21.301341700638307 2.481772185245135 -7
    endloop
  endfacet
  facet normal 0.048313379525503 -0.9988322268323268 0
    outer loop
      vertex -21.06040936309033 2.499270035200482 -7
      vertex -21.06040936309033 2.499270035200482 7
      vertex -21.181087000404407 2.493432874228728 -7
    endloop
  endfacet
  facet normal 0 -1 0
    outer loop
      vertex -20.93959063690967 2.499270035200482 -7
      vertex -20.93959063690967 2.499270035200482 7
      vertex -21.06040936309033 2.499270035200482 -7
    endloop
  endfacet
  facet normal -0.048313379525503 -0.9988322268323268 0
    outer loop
      vertex -20.818912999595593 2.493432874228728 -7
      vertex -20.818912999595593 2.493432874228728 7
      vertex -20.93959063690967 2.499270035200482 -7
    endloop
  endfacet
  facet normal -0.09651392091451653 -0.9953316347176484 0
    outer loop
      vertex -20.698658299361693 2.481772185245135 -7
      vertex -20.698658299361693 2.481772185245135 7
      vertex -20.818912999595593 2.493432874228728 -7
    endloop
  endfacet
  facet normal -0.9997080140801927 -0.024163745236146797 0
    outer loop
      vertex -18.5 0 -7
      vertex -18.5 0 7
      vertex -18.502919432919185 0.12078344881376767 -7
    endloop
  endfacet
  facet normal -0.9973731496914916 -0.07243480016175619 2.6227899525976133e-20
    outer loop
      vertex -18.51167091320588 0.24128480228628776 -7
      vertex -18.502919432919185 0.12078344881376767 -7
      vertex -18.502919432919185 0.12078344881376767 7
    endloop
  endfacet
  facet normal -0.9927088740980543 -0.12053668025532072 -4.6863892152317754e-20
    outer loop
      vertex -18.526234001372373 0.3612226239230534 -7
      vertex -18.51167091320588 0.24128480228628776 -7
      vertex -18.51167091320588 0.24128480228628776 7
    endloop
  endfacet
  facet normal -0.98572608093165 -0.16835704134704282 -6.33409867076187e-20
    outer loop
      vertex -18.546574684651468 0.4803167933842709 -7
      vertex -18.526234001372373 0.3612226239230534 -7
      vertex -18.526234001372373 0.3612226239230534 7
    endloop
  endfacet
  facet normal -0.9764410788292742 -0.21578419676779667 -7.224340797204208e-20
    outer loop
      vertex -18.57264545643487 0.5982891607188944 -7
      vertex -18.546574684651468 0.4803167933842709 -7
      vertex -18.546574684651468 0.4803167933842709 7
    endloop
  endfacet
  facet normal -0.9648755533435477 -0.2627073781986006 -7.671096786408714e-20
    outer loop
      vertex -18.604385427227086 0.7148641959967232 -7
      vertex -18.57264545643487 0.5982891607188944 -7
      vertex -18.57264545643487 0.5982891607188944 7
    endloop
  endfacet
  facet normal -0.9510565162951596 -0.3090169943749288 -1.816985249821824e-19
    outer loop
      vertex -18.64172046685564 0.829769632821321 -7
      vertex -18.604385427227086 0.7148641959967232 -7
      vertex -18.604385427227086 0.7148641959967232 7
    endloop
  endfacet
  facet normal -0.8229838658936475 -0.5680647467311688 1.4023450883241946e-19
    outer loop
      vertex -18.977457514062632 1.469463130731183 -7
      vertex -18.90882465497443 1.370031268386675 -7
      vertex -18.90882465497443 1.370031268386675 7
    endloop
  endfacet
  facet normal -0.7945776797137518 -0.6071625078187144 -2.179742430063122e-19
    outer loop
      vertex -19.050814114841945 1.565462993845784 -7
      vertex -18.977457514062632 1.469463130731183 -7
      vertex -18.977457514062632 1.469463130731183 7
    endloop
  endfacet
  facet normal -0.7643157205458526 -0.6448422127361656 9.771018964230205e-20
    outer loop
      vertex -19.128723129572247 1.657806645601988 -7
      vertex -19.050814114841945 1.565462993845784 -7
      vertex -19.050814114841945 1.565462993845784 7
    endloop
  endfacet
  facet normal -0.9350162426854096 -0.3546048870425495 -1.96086358069332e-19
    outer loop
      vertex -18.68456337760556 0.942737104220801 -7
      vertex -18.64172046685564 0.829769632821321 -7
      vertex -18.64172046685564 0.829769632821321 7
    endloop
  endfacet
  facet normal -0.9167921953165884 -0.39936458356568194 2.2958475004091517e-19
    outer loop
      vertex -18.732814097873636 1.0535027694313228 -7
      vertex -18.68456337760556 0.942737104220801 -7
      vertex -18.68456337760556 0.942737104220801 7
    endloop
  endfacet
  facet normal -0.8964269372956994 -0.44319154559925006 5.875761168810991e-20
    outer loop
      vertex -18.786359935866976 1.1618079301094215 -7
      vertex -18.732814097873636 1.0535027694313228 -7
      vertex -18.732814097873636 1.0535027694313228 7
    endloop
  endfacet
  facet normal -0.8739680326265143 -0.4859834132426127 -9.148548725303509e-21
    outer loop
      vertex -18.84507583279988 1.2673996345339757 -7
      vertex -18.786359935866976 1.1618079301094215 -7
      vertex -18.786359935866976 1.1618079301094215 7
    endloop
  endfacet
  facet normal -0.8494679351215346 -0.5276402441061108 9.715529653617117e-20
    outer loop
      vertex -18.90882465497443 1.370031268386675 -7
      vertex -18.84507583279988 1.2673996345339757 -7
      vertex -18.84507583279988 1.2673996345339757 7
    endloop
  endfacet
  facet normal -0.7322686665977752 -0.6810158587867952 3.4253873973272835e-20
    outer loop
      vertex -19.211002598139697 1.7462784131223423 -7
      vertex -19.128723129572247 1.657806645601988 -7
      vertex -19.128723129572247 1.657806645601988 7
    endloop
  endfacet
  facet normal -0.6985113652489386 -0.7155989607441195 0
    outer loop
      vertex -19.211002598139697 1.7462784131223423 -7
      vertex -19.211002598139697 1.7462784131223423 7
      vertex -19.297460353033006 1.830671666494434 -7
    endloop
  endfacet
  facet normal -0.6261851975383091 -0.7796743540632259 0
    outer loop
      vertex -19.387894468159573 1.9107893013646207 -7
      vertex -19.387894468159573 1.9107893013646207 7
      vertex -19.482093730453222 1.9864441992843855 -7
    endloop
  endfacet
  facet normal -0.5877852522924768 -0.8090169943749448 0
    outer loop
      vertex -19.482093730453222 1.9864441992843855 -7
      vertex -19.482093730453222 1.9864441992843855 7
      vertex -19.57983813317211 2.057459664734141 -7
    endloop
  endfacet
  facet normal -0.6631226582407941 -0.7485107481711021 0
    outer loop
      vertex -19.297460353033006 1.830671666494434 -7
      vertex -19.297460353033006 1.830671666494434 7
      vertex -19.387894468159573 1.9107893013646207 -7
    endloop
  endfacet
  facet normal -0.4647231720437696 -0.8854560256532094 0
    outer loop
      vertex -19.785041466893485 2.1849200815662946 -7
      vertex -19.785041466893485 2.1849200815662946 7
      vertex -19.892021136001897 2.2410673432392594 -7
    endloop
  endfacet
  facet normal -0.23931566428756246 -0.9709418174260509 0
    outer loop
      vertex -20.343231554503532 2.4121888833588785 -7
      vertex -20.343231554503532 2.4121888833588785 7
      vertex -20.460539508080483 2.4411026970731804 -7
    endloop
  endfacet
  facet normal -0.2859456783986919 -0.9582458291091653 0
    outer loop
      vertex -20.227457514062632 2.3776412907378837 -7
      vertex -20.227457514062632 2.3776412907378837 7
      vertex -20.343231554503532 2.4121888833588785 -7
    endloop
  endfacet
  facet normal -0.37709484168832236 -0.9261746489577757 0
    outer loop
      vertex -20.001588541085763 2.291980488291456 -7
      vertex -20.001588541085763 2.291980488291456 7
      vertex -20.113487782393662 2.337540606713537 -7
    endloop
  endfacet
  facet normal -0.4214011077725253 -0.9068743608505472 0
    outer loop
      vertex -19.892021136001897 2.2410673432392594 -7
      vertex -19.892021136001897 2.2410673432392594 7
      vertex -20.001588541085763 2.291980488291456 -7
    endloop
  endfacet
  facet normal -0.3319078531285292 -0.9433118132577428 0
    outer loop
      vertex -20.113487782393662 2.337540606713537 -7
      vertex -20.113487782393662 2.337540606713537 7
      vertex -20.227457514062632 2.3776412907378837 -7
    endloop
  endfacet
  facet normal -0.548012507354664 -0.8364701380102307 0
    outer loop
      vertex -19.57983813317211 2.057459664734141 -7
      vertex -19.57983813317211 2.057459664734141 7
      vertex -19.68089938973467 2.123669837803803 -7
    endloop
  endfacet
  facet normal -0.5069598538135902 -0.8619696668800494 0
    outer loop
      vertex -19.68089938973467 2.123669837803803 -7
      vertex -19.68089938973467 2.123669837803803 7
      vertex -19.785041466893485 2.1849200815662946 -7
    endloop
  endfacet
  facet normal -0.14448904956921954 -0.9895063994510515 0
    outer loop
      vertex -20.579107396632402 2.4643152023291273 -7
      vertex -20.579107396632402 2.4643152023291273 7
      vertex -20.698658299361693 2.481772185245135 -7
    endloop
  endfacet
  facet normal -0.19212671735370737 -0.9813701261394135 0
    outer loop
      vertex -20.460539508080483 2.4411026970731804 -7
      vertex -20.460539508080483 2.4411026970731804 7
      vertex -20.579107396632402 2.4643152023291273 -7
    endloop
  endfacet
  facet normal 0.9997080140801927 -0.02416374523614676 0
    outer loop
      vertex -23.5 0 -7
      vertex -23.497080567080815 0.12078344881376785 7
      vertex -23.5 0 7
    endloop
  endfacet
  facet normal 0.9973731496914916 -0.07243480016175606 0
    outer loop
      vertex -23.497080567080815 0.12078344881376785 -7
      vertex -23.48832908679412 0.24128480228628815 7
      vertex -23.497080567080815 0.12078344881376785 7
    endloop
  endfacet
  facet normal 0.9927088740980543 -0.12053668025532066 0
    outer loop
      vertex -23.48832908679412 0.24128480228628815 -7
      vertex -23.473765998627627 0.3612226239230538 7
      vertex -23.48832908679412 0.24128480228628815 7
    endloop
  endfacet
  facet normal 0.98572608093165 -0.168357041347044 0
    outer loop
      vertex -23.473765998627627 0.3612226239230538 -7
      vertex -23.453425315348532 0.4803167933842705 7
      vertex -23.473765998627627 0.3612226239230538 7
    endloop
  endfacet
  facet normal 0.9764410788292741 -0.21578419676779656 0
    outer loop
      vertex -23.453425315348532 0.4803167933842705 -7
      vertex -23.42735454356513 0.598289160718894 7
      vertex -23.453425315348532 0.4803167933842705 7
    endloop
  endfacet
  facet normal 0.9648755533435479 -0.2627073781986004 0
    outer loop
      vertex -23.42735454356513 0.598289160718894 -7
      vertex -23.395614572772914 0.714864195996723 7
      vertex -23.42735454356513 0.598289160718894 7
    endloop
  endfacet
  facet normal 0.95105651629516 -0.30901699437492774 0
    outer loop
      vertex -23.395614572772914 0.714864195996723 -7
      vertex -23.35827953314436 0.8297696328213212 7
      vertex -23.395614572772914 0.714864195996723 7
    endloop
  endfacet
  facet normal 0.9350162426854098 -0.3546048870425489 0
    outer loop
      vertex -23.35827953314436 0.8297696328213212 -7
      vertex -23.31543662239444 0.9427371042208015 7
      vertex -23.35827953314436 0.8297696328213212 7
    endloop
  endfacet
  facet normal 0.916792195316588 -0.3993645835656826 0
    outer loop
      vertex -23.31543662239444 0.9427371042208015 -7
      vertex -23.267185902126364 1.053502769431323 7
      vertex -23.31543662239444 0.9427371042208015 7
    endloop
  endfacet
  facet normal 0.896426937295698 -0.44319154559925295 0
    outer loop
      vertex -23.267185902126364 1.053502769431323 -7
      vertex -23.213640064133024 1.1618079301094208 7
      vertex -23.267185902126364 1.053502769431323 7
    endloop
  endfacet
  facet normal 0.8739680326265151 -0.48598341324261113 0
    outer loop
      vertex -23.213640064133024 1.1618079301094208 -7
      vertex -23.15492416720012 1.2673996345339755 7
      vertex -23.213640064133024 1.1618079301094208 7
    endloop
  endfacet
  facet normal 0.8494679351215341 -0.5276402441061115 0
    outer loop
      vertex -23.15492416720012 1.2673996345339755 -7
      vertex -23.09117534502557 1.3700312683866747 7
      vertex -23.15492416720012 1.2673996345339755 7
    endloop
  endfacet
  facet normal 0.8229838658936487 -0.568064746731167 0
    outer loop
      vertex -23.09117534502557 1.3700312683866747 -7
      vertex -23.022542485937368 1.469463130731183 7
      vertex -23.09117534502557 1.3700312683866747 7
    endloop
  endfacet
  facet normal 0.7945776797137533 -0.6071625078187126 0
    outer loop
      vertex -23.022542485937368 1.469463130731183 -7
      vertex -22.949185885158055 1.5654629938457845 7
      vertex -23.022542485937368 1.469463130731183 7
    endloop
  endfacet
  facet normal 0.7643157205458518 -0.6448422127361665 0
    outer loop
      vertex -22.949185885158055 1.5654629938457845 -7
      vertex -22.871276870427753 1.6578066456019882 7
      vertex -22.949185885158055 1.5654629938457845 7
    endloop
  endfacet
  facet normal 0.732268666597777 -0.6810158587867934 0
    outer loop
      vertex -22.871276870427753 1.6578066456019882 -7
      vertex -22.788997401860303 1.746278413122343 7
      vertex -22.871276870427753 1.6578066456019882 7
    endloop
  endfacet
  facet normal 0.6985113652489329 -0.715598960744125 0
    outer loop
      vertex -22.788997401860303 1.746278413122343 -7
      vertex -22.702539646966994 1.8306716664944334 7
      vertex -22.788997401860303 1.746278413122343 7
    endloop
  endfacet
  facet normal 0.6631226582407973 -0.7485107481710994 0
    outer loop
      vertex -22.702539646966994 1.8306716664944334 -7
      vertex -22.612105531840427 1.9107893013646207 7
      vertex -22.702539646966994 1.8306716664944334 7
    endloop
  endfacet
  facet normal 0.6261851975383091 -0.7796743540632259 0
    outer loop
      vertex -22.612105531840427 1.9107893013646207 -7
      vertex -22.517906269546778 1.9864441992843855 7
      vertex -22.612105531840427 1.9107893013646207 7
    endloop
  endfacet
  facet normal 0.5877852522924768 -0.8090169943749448 0
    outer loop
      vertex -22.517906269546778 1.9864441992843855 -7
      vertex -22.42016186682789 2.057459664734141 7
      vertex -22.517906269546778 1.9864441992843855 7
    endloop
  endfacet
  facet normal 0.548012507354664 -0.8364701380102307 0
    outer loop
      vertex -22.42016186682789 2.057459664734141 -7
      vertex -22.31910061026533 2.123669837803803 7
      vertex -22.42016186682789 2.057459664734141 7
    endloop
  endfacet
  facet normal 0.5069598538135902 -0.8619696668800494 0
    outer loop
      vertex -22.31910061026533 2.123669837803803 -7
      vertex -22.214958533106515 2.1849200815662946 7
      vertex -22.31910061026533 2.123669837803803 7
    endloop
  endfacet
  facet normal 0.4647231720437696 -0.8854560256532094 0
    outer loop
      vertex -22.214958533106515 2.1849200815662946 -7
      vertex -22.107978863998103 2.2410673432392594 7
      vertex -22.214958533106515 2.1849200815662946 7
    endloop
  endfacet
  facet normal 0.4214011077725253 -0.9068743608505472 0
    outer loop
      vertex -22.107978863998103 2.2410673432392594 -7
      vertex -21.998411458914237 2.291980488291456 7
      vertex -22.107978863998103 2.2410673432392594 7
    endloop
  endfacet
  facet normal 0.37709484168832236 -0.9261746489577757 0
    outer loop
      vertex -21.998411458914237 2.291980488291456 -7
      vertex -21.886512217606338 2.337540606713537 7
      vertex -21.998411458914237 2.291980488291456 7
    endloop
  endfacet
  facet normal 0.3319078531285292 -0.9433118132577428 0
    outer loop
      vertex -21.886512217606338 2.337540606713537 -7
      vertex -21.772542485937368 2.3776412907378837 7
      vertex -21.886512217606338 2.337540606713537 7
    endloop
  endfacet
  facet normal 0.2859456783986919 -0.9582458291091653 0
    outer loop
      vertex -21.772542485937368 2.3776412907378837 -7
      vertex -21.656768445496468 2.4121888833588785 7
      vertex -21.772542485937368 2.3776412907378837 7
    endloop
  endfacet
  facet normal 0.23931566428756246 -0.9709418174260509 0
    outer loop
      vertex -21.656768445496468 2.4121888833588785 -7
      vertex -21.539460491919517 2.4411026970731804 7
      vertex -21.656768445496468 2.4121888833588785 7
    endloop
  endfacet
  facet normal 0.19212671735370737 -0.9813701261394135 0
    outer loop
      vertex -21.539460491919517 2.4411026970731804 -7
      vertex -21.420892603367598 2.4643152023291273 7
      vertex -21.539460491919517 2.4411026970731804 7
    endloop
  endfacet
  facet normal 0.14448904956921954 -0.9895063994510515 0
    outer loop
      vertex -21.420892603367598 2.4643152023291273 -7
      vertex -21.301341700638307 2.481772185245135 7
      vertex -21.420892603367598 2.4643152023291273 7
    endloop
  endfacet
  facet normal 0.09651392091451653 -0.9953316347176484 0
    outer loop
      vertex -21.301341700638307 2.481772185245135 -7
      vertex -21.181087000404407 2.493432874228728 7
      vertex -21.301341700638307 2.481772185245135 7
    endloop
  endfacet
  facet normal 0.048313379525503 -0.9988322268323268 0
    outer loop
      vertex -21.181087000404407 2.493432874228728 -7
      vertex -21.06040936309033 2.499270035200482 7
      vertex -21.181087000404407 2.493432874228728 7
    endloop
  endfacet
  facet normal 0 -1 0
    outer loop
      vertex -21.06040936309033 2.499270035200482 -7
      vertex -20.93959063690967 2.499270035200482 7
      vertex -21.06040936309033 2.499270035200482 7
    endloop
  endfacet
  facet normal -0.048313379525503 -0.9988322268323268 0
    outer loop
      vertex -20.93959063690967 2.499270035200482 -7
      vertex -20.818912999595593 2.493432874228728 7
      vertex -20.93959063690967 2.499270035200482 7
    endloop
  endfacet
  facet normal -0.14448904956921954 -0.9895063994510515 0
    outer loop
      vertex -20.698658299361693 2.481772185245135 -7
      vertex -20.579107396632402 2.4643152023291273 7
      vertex -20.698658299361693 2.481772185245135 7
    endloop
  endfacet
  facet normal -0.09651392091451653 -0.9953316347176484 0
    outer loop
      vertex -20.818912999595593 2.493432874228728 -7
      vertex -20.698658299361693 2.481772185245135 7
      vertex -20.818912999595593 2.493432874228728 7
    endloop
  endfacet
  facet normal -0.9997080140801927 -0.024163745236146797 0
    outer loop
      vertex -18.502919432919185 0.12078344881376767 -7
      vertex -18.5 0 7
      vertex -18.502919432919185 0.12078344881376767 7
    endloop
  endfacet
  facet normal -0.9973731496914916 -0.07243480016175619 0
    outer loop
      vertex -18.51167091320588 0.24128480228628776 -7
      vertex -18.502919432919185 0.12078344881376767 7
      vertex -18.51167091320588 0.24128480228628776 7
    endloop
  endfacet
  facet normal -0.9927088740980543 -0.12053668025532072 0
    outer loop
      vertex -18.526234001372373 0.3612226239230534 -7
      vertex -18.51167091320588 0.24128480228628776 7
      vertex -18.526234001372373 0.3612226239230534 7
    endloop
  endfacet
  facet normal -0.98572608093165 -0.16835704134704282 0
    outer loop
      vertex -18.546574684651468 0.4803167933842709 -7
      vertex -18.526234001372373 0.3612226239230534 7
      vertex -18.546574684651468 0.4803167933842709 7
    endloop
  endfacet
  facet normal -0.9764410788292742 -0.21578419676779667 0
    outer loop
      vertex -18.57264545643487 0.5982891607188944 -7
      vertex -18.546574684651468 0.4803167933842709 7
      vertex -18.57264545643487 0.5982891607188944 7
    endloop
  endfacet
  facet normal -0.9648755533435477 -0.2627073781986006 0
    outer loop
      vertex -18.604385427227086 0.7148641959967232 -7
      vertex -18.57264545643487 0.5982891607188944 7
      vertex -18.604385427227086 0.7148641959967232 7
    endloop
  endfacet
  facet normal -0.9510565162951596 -0.3090169943749288 0
    outer loop
      vertex -18.64172046685564 0.829769632821321 -7
      vertex -18.604385427227086 0.7148641959967232 7
      vertex -18.64172046685564 0.829769632821321 7
    endloop
  endfacet
  facet normal -0.8229838658936475 -0.5680647467311688 0
    outer loop
      vertex -18.977457514062632 1.469463130731183 -7
      vertex -18.90882465497443 1.370031268386675 7
      vertex -18.977457514062632 1.469463130731183 7
    endloop
  endfacet
  facet normal -0.7945776797137518 -0.6071625078187144 0
    outer loop
      vertex -19.050814114841945 1.565462993845784 -7
      vertex -18.977457514062632 1.469463130731183 7
      vertex -19.050814114841945 1.565462993845784 7
    endloop
  endfacet
  facet normal -0.9350162426854096 -0.3546048870425495 0
    outer loop
      vertex -18.68456337760556 0.942737104220801 -7
      vertex -18.64172046685564 0.829769632821321 7
      vertex -18.68456337760556 0.942737104220801 7
    endloop
  endfacet
  facet normal -0.9167921953165884 -0.39936458356568194 0
    outer loop
      vertex -18.732814097873636 1.0535027694313228 -7
      vertex -18.68456337760556 0.942737104220801 7
      vertex -18.732814097873636 1.0535027694313228 7
    endloop
  endfacet
  facet normal -0.8964269372956994 -0.44319154559925006 0
    outer loop
      vertex -18.786359935866976 1.1618079301094215 -7
      vertex -18.732814097873636 1.0535027694313228 7
      vertex -18.786359935866976 1.1618079301094215 7
    endloop
  endfacet
  facet normal -0.8739680326265143 -0.4859834132426127 0
    outer loop
      vertex -18.84507583279988 1.2673996345339757 -7
      vertex -18.786359935866976 1.1618079301094215 7
      vertex -18.84507583279988 1.2673996345339757 7
    endloop
  endfacet
  facet normal -0.8494679351215346 -0.5276402441061108 0
    outer loop
      vertex -18.90882465497443 1.370031268386675 -7
      vertex -18.84507583279988 1.2673996345339757 7
      vertex -18.90882465497443 1.370031268386675 7
    endloop
  endfacet
  facet normal -0.7322686665977752 -0.6810158587867952 0
    outer loop
      vertex -19.211002598139697 1.7462784131223423 -7
      vertex -19.128723129572247 1.657806645601988 7
      vertex -19.211002598139697 1.7462784131223423 7
    endloop
  endfacet
  facet normal -0.7643157205458526 -0.6448422127361656 0
    outer loop
      vertex -19.128723129572247 1.657806645601988 -7
      vertex -19.050814114841945 1.565462993845784 7
      vertex -19.128723129572247 1.657806645601988 7
    endloop
  endfacet
  facet normal -0.6985113652489386 -0.7155989607441195 0
    outer loop
      vertex -19.297460353033006 1.830671666494434 -7
      vertex -19.211002598139697 1.7462784131223423 7
      vertex -19.297460353033006 1.830671666494434 7
    endloop
  endfacet
  facet normal -0.6631226582407941 -0.7485107481711021 0
    outer loop
      vertex -19.387894468159573 1.9107893013646207 -7
      vertex -19.297460353033006 1.830671666494434 7
      vertex -19.387894468159573 1.9107893013646207 7
    endloop
  endfacet
  facet normal -0.6261851975383091 -0.7796743540632259 0
    outer loop
      vertex -19.482093730453222 1.9864441992843855 -7
      vertex -19.387894468159573 1.9107893013646207 7
      vertex -19.482093730453222 1.9864441992843855 7
    endloop
  endfacet
  facet normal -0.4647231720437696 -0.8854560256532094 0
    outer loop
      vertex -19.892021136001897 2.2410673432392594 -7
      vertex -19.785041466893485 2.1849200815662946 7
      vertex -19.892021136001897 2.2410673432392594 7
    endloop
  endfacet
  facet normal -0.23931566428756246 -0.9709418174260509 0
    outer loop
      vertex -20.460539508080483 2.4411026970731804 -7
      vertex -20.343231554503532 2.4121888833588785 7
      vertex -20.460539508080483 2.4411026970731804 7
    endloop
  endfacet
  facet normal -0.2859456783986919 -0.9582458291091653 0
    outer loop
      vertex -20.343231554503532 2.4121888833588785 -7
      vertex -20.227457514062632 2.3776412907378837 7
      vertex -20.343231554503532 2.4121888833588785 7
    endloop
  endfacet
  facet normal -0.37709484168832236 -0.9261746489577757 0
    outer loop
      vertex -20.113487782393662 2.337540606713537 -7
      vertex -20.001588541085763 2.291980488291456 7
      vertex -20.113487782393662 2.337540606713537 7
    endloop
  endfacet
  facet normal -0.4214011077725253 -0.9068743608505472 0
    outer loop
      vertex -20.001588541085763 2.291980488291456 -7
      vertex -19.892021136001897 2.2410673432392594 7
      vertex -20.001588541085763 2.291980488291456 7
    endloop
  endfacet
  facet normal -0.3319078531285292 -0.9433118132577428 0
    outer loop
      vertex -20.227457514062632 2.3776412907378837 -7
      vertex -20.113487782393662 2.337540606713537 7
      vertex -20.227457514062632 2.3776412907378837 7
    endloop
  endfacet
  facet normal -0.548012507354664 -0.8364701380102307 0
    outer loop
      vertex -19.68089938973467 2.123669837803803 -7
      vertex -19.57983813317211 2.057459664734141 7
      vertex -19.68089938973467 2.123669837803803 7
    endloop
  endfacet
  facet normal -0.5877852522924768 -0.8090169943749448 0
    outer loop
      vertex -19.57983813317211 2.057459664734141 -7
      vertex -19.482093730453222 1.9864441992843855 7
      vertex -19.57983813317211 2.057459664734141 7
    endloop
  endfacet
  facet normal -0.5069598538135902 -0.8619696668800494 0
    outer loop
      vertex -19.785041466893485 2.1849200815662946 -7
      vertex -19.68089938973467 2.123669837803803 7
      vertex -19.785041466893485 2.1849200815662946 7
    endloop
  endfacet
  facet normal -0.19212671735370737 -0.9813701261394135 0
    outer loop
      vertex -20.579107396632402 2.4643152023291273 -7
      vertex -20.460539508080483 2.4411026970731804 7
      vertex -20.579107396632402 2.4643152023291273 7
    endloop
  endfacet
  facet normal 0.19212671735370737 0.9813701261394135 0
    outer loop
      vertex 20.460539508080487 -2.4411026970731804 -7
      vertex 20.460539508080487 -2.4411026970731804 7
      vertex 20.579107396632406 -2.4643152023291273 -7
    endloop
  endfacet
  facet normal 0.14448904956922376 0.9895063994510507 0
    outer loop
      vertex 20.579107396632406 -2.4643152023291273 -7
      vertex 20.579107396632406 -2.4643152023291273 7
      vertex 20.698658299361693 -2.481772185245135 -7
    endloop
  endfacet
  facet normal 0.5069598538135957 0.8619696668800462 0
    outer loop
      vertex 19.68089938973467 -2.123669837803803 -7
      vertex 19.68089938973467 -2.123669837803803 7
      vertex 19.785041466893485 -2.1849200815662955 -7
    endloop
  endfacet
  facet normal 0.548012507354664 0.8364701380102307 0
    outer loop
      vertex 19.57983813317211 -2.057459664734141 -7
      vertex 19.57983813317211 -2.057459664734141 7
      vertex 19.68089938973467 -2.123669837803803 -7
    endloop
  endfacet
  facet normal 0.3319078531285292 0.9433118132577428 0
    outer loop
      vertex 20.113487782393662 -2.337540606713537 -7
      vertex 20.113487782393662 -2.337540606713537 7
      vertex 20.227457514062632 -2.3776412907378837 -7
    endloop
  endfacet
  facet normal 0.4214011077725366 0.906874360850542 0
    outer loop
      vertex 19.892021136001897 -2.2410673432392594 -7
      vertex 19.892021136001897 -2.2410673432392594 7
      vertex 20.00158854108576 -2.291980488291456 -7
    endloop
  endfacet
  facet normal 0.37709484168831214 0.9261746489577799 0
    outer loop
      vertex 20.00158854108576 -2.291980488291456 -7
      vertex 20.00158854108576 -2.291980488291456 7
      vertex 20.113487782393662 -2.337540606713537 -7
    endloop
  endfacet
  facet normal 0.2859456783986919 0.9582458291091653 0
    outer loop
      vertex 20.227457514062632 -2.3776412907378837 -7
      vertex 20.227457514062632 -2.3776412907378837 7
      vertex 20.343231554503532 -2.4121888833588785 -7
    endloop
  endfacet
  facet normal 0.2393156642875556 0.9709418174260526 0
    outer loop
      vertex 20.343231554503532 -2.4121888833588785 -7
      vertex 20.343231554503532 -2.4121888833588785 7
      vertex 20.460539508080487 -2.4411026970731804 -7
    endloop
  endfacet
  facet normal 0.4647231720437639 0.8854560256532124 0
    outer loop
      vertex 19.785041466893485 -2.1849200815662955 -7
      vertex 19.785041466893485 -2.1849200815662955 7
      vertex 19.892021136001897 -2.2410673432392594 -7
    endloop
  endfacet
  facet normal 0.6631226582407973 0.7485107481710994 0
    outer loop
      vertex 19.297460353033006 -1.8306716664944334 7
      vertex 19.387894468159573 -1.9107893013646207 -7
      vertex 19.297460353033006 -1.8306716664944334 -7
    endloop
  endfacet
  facet normal 0.5877852522924768 0.8090169943749448 0
    outer loop
      vertex 19.482093730453222 -1.9864441992843855 7
      vertex 19.57983813317211 -2.057459664734141 -7
      vertex 19.482093730453222 -1.9864441992843855 -7
    endloop
  endfacet
  facet normal 0.6261851975383091 0.7796743540632259 0
    outer loop
      vertex 19.387894468159573 -1.9107893013646207 7
      vertex 19.482093730453222 -1.9864441992843855 -7
      vertex 19.387894468159573 -1.9107893013646207 -7
    endloop
  endfacet
  facet normal 0.6985113652489329 0.715598960744125 2.9807671935638507e-20
    outer loop
      vertex 19.297460353033006 -1.8306716664944334 -7
      vertex 19.211002598139697 -1.746278413122343 -7
      vertex 19.211002598139697 -1.746278413122343 7
    endloop
  endfacet
  facet normal 0.732268666597777 0.6810158587867934 0
    outer loop
      vertex 19.128723129572247 -1.6578066456019882 7
      vertex 19.211002598139697 -1.746278413122343 -7
      vertex 19.128723129572247 -1.6578066456019882 -7
    endloop
  endfacet
  facet normal 0.8494679351215341 0.5276402441061115 0
    outer loop
      vertex 18.84507583279988 -1.2673996345339755 7
      vertex 18.90882465497443 -1.3700312683866747 -7
      vertex 18.84507583279988 -1.2673996345339755 -7
    endloop
  endfacet
  facet normal 0.8739680326265151 0.48598341324261113 0
    outer loop
      vertex 18.786359935866976 -1.1618079301094208 7
      vertex 18.84507583279988 -1.2673996345339755 -7
      vertex 18.786359935866976 -1.1618079301094208 -7
    endloop
  endfacet
  facet normal 0.896426937295698 0.44319154559925295 0
    outer loop
      vertex 18.732814097873636 -1.053502769431323 7
      vertex 18.786359935866976 -1.1618079301094208 -7
      vertex 18.732814097873636 -1.053502769431323 -7
    endloop
  endfacet
  facet normal 0.916792195316588 0.3993645835656826 0
    outer loop
      vertex 18.68456337760556 -0.9427371042208015 7
      vertex 18.732814097873636 -1.053502769431323 -7
      vertex 18.68456337760556 -0.9427371042208015 -7
    endloop
  endfacet
  facet normal 0.9350162426854098 0.3546048870425489 0
    outer loop
      vertex 18.64172046685564 -0.8297696328213212 7
      vertex 18.68456337760556 -0.9427371042208015 -7
      vertex 18.64172046685564 -0.8297696328213212 -7
    endloop
  endfacet
  facet normal 0.7643157205458518 0.6448422127361665 0
    outer loop
      vertex 19.050814114841945 -1.5654629938457845 7
      vertex 19.128723129572247 -1.6578066456019882 -7
      vertex 19.050814114841945 -1.5654629938457845 -7
    endloop
  endfacet
  facet normal 0.7945776797137533 0.6071625078187126 0
    outer loop
      vertex 18.977457514062632 -1.469463130731183 7
      vertex 19.050814114841945 -1.5654629938457845 -7
      vertex 18.977457514062632 -1.469463130731183 -7
    endloop
  endfacet
  facet normal 0.8229838658936487 0.568064746731167 0
    outer loop
      vertex 18.90882465497443 -1.3700312683866747 7
      vertex 18.977457514062632 -1.469463130731183 -7
      vertex 18.90882465497443 -1.3700312683866747 -7
    endloop
  endfacet
  facet normal 0.95105651629516 0.30901699437492774 0
    outer loop
      vertex 18.604385427227086 -0.714864195996723 7
      vertex 18.64172046685564 -0.8297696328213212 -7
      vertex 18.604385427227086 -0.714864195996723 -7
    endloop
  endfacet
  facet normal 0.9648755533435479 0.2627073781986004 0
    outer loop
      vertex 18.57264545643487 -0.598289160718894 7
      vertex 18.604385427227086 -0.714864195996723 -7
      vertex 18.57264545643487 -0.598289160718894 -7
    endloop
  endfacet
  facet normal 0.9764410788292741 0.21578419676779656 0
    outer loop
      vertex 18.546574684651468 -0.4803167933842705 7
      vertex 18.57264545643487 -0.598289160718894 -7
      vertex 18.546574684651468 -0.4803167933842705 -7
    endloop
  endfacet
  facet normal 0.98572608093165 0.168357041347044 0
    outer loop
      vertex 18.526234001372373 -0.3612226239230538 7
      vertex 18.546574684651468 -0.4803167933842705 -7
      vertex 18.526234001372373 -0.3612226239230538 -7
    endloop
  endfacet
  facet normal 0.9927088740980543 0.12053668025532066 0
    outer loop
      vertex 18.51167091320588 -0.24128480228628815 7
      vertex 18.526234001372373 -0.3612226239230538 -7
      vertex 18.51167091320588 -0.24128480228628815 -7
    endloop
  endfacet
  facet normal 0.9973731496914916 0.07243480016175606 0
    outer loop
      vertex 18.502919432919185 -0.12078344881376785 7
      vertex 18.51167091320588 -0.24128480228628815 -7
      vertex 18.502919432919185 -0.12078344881376785 -7
    endloop
  endfacet
  facet normal 0.9997080140801927 0.02416374523614676 0
    outer loop
      vertex 18.5 0 7
      vertex 18.502919432919185 -0.12078344881376785 -7
      vertex 18.5 0 -7
    endloop
  endfacet
  facet normal 0.09651392091451372 0.9953316347176488 0
    outer loop
      vertex 20.698658299361693 -2.481772185245135 -7
      vertex 20.698658299361693 -2.481772185245135 7
      vertex 20.818912999595597 -2.493432874228728 -7
    endloop
  endfacet
  facet normal 0.04831337952550442 0.9988322268323268 0
    outer loop
      vertex 20.818912999595597 -2.493432874228728 -7
      vertex 20.818912999595597 -2.493432874228728 7
      vertex 20.93959063690967 -2.499270035200482 -7
    endloop
  endfacet
  facet normal 0 1 0
    outer loop
      vertex 20.93959063690967 -2.499270035200482 -7
      vertex 20.93959063690967 -2.499270035200482 7
      vertex 21.06040936309033 -2.499270035200482 -7
    endloop
  endfacet
  facet normal -0.04831337952550442 0.9988322268323268 0
    outer loop
      vertex 21.06040936309033 -2.499270035200482 -7
      vertex 21.06040936309033 -2.499270035200482 7
      vertex 21.181087000404403 -2.493432874228728 -7
    endloop
  endfacet
  facet normal -0.09651392091451372 0.9953316347176488 0
    outer loop
      vertex 21.181087000404403 -2.493432874228728 -7
      vertex 21.181087000404403 -2.493432874228728 7
      vertex 21.301341700638307 -2.481772185245135 -7
    endloop
  endfacet
  facet normal -0.14448904956922376 0.9895063994510507 0
    outer loop
      vertex 21.301341700638307 -2.481772185245135 -7
      vertex 21.301341700638307 -2.481772185245135 7
      vertex 21.420892603367594 -2.4643152023291273 -7
    endloop
  endfacet
  facet normal -0.19212671735370737 0.9813701261394135 0
    outer loop
      vertex 21.420892603367594 -2.4643152023291273 -7
      vertex 21.420892603367594 -2.4643152023291273 7
      vertex 21.539460491919513 -2.4411026970731804 -7
    endloop
  endfacet
  facet normal -0.2393156642875556 0.9709418174260526 0
    outer loop
      vertex 21.539460491919513 -2.4411026970731804 -7
      vertex 21.539460491919513 -2.4411026970731804 7
      vertex 21.656768445496468 -2.4121888833588785 -7
    endloop
  endfacet
  facet normal -0.2859456783986919 0.9582458291091653 0
    outer loop
      vertex 21.656768445496468 -2.4121888833588785 -7
      vertex 21.656768445496468 -2.4121888833588785 7
      vertex 21.772542485937368 -2.3776412907378837 -7
    endloop
  endfacet
  facet normal -0.3319078531285292 0.9433118132577428 0
    outer loop
      vertex 21.772542485937368 -2.3776412907378837 7
      vertex 21.886512217606338 -2.337540606713537 -7
      vertex 21.772542485937368 -2.3776412907378837 -7
    endloop
  endfacet
  facet normal -0.37709484168831214 0.9261746489577799 0
    outer loop
      vertex 21.886512217606338 -2.337540606713537 7
      vertex 21.99841145891424 -2.291980488291456 -7
      vertex 21.886512217606338 -2.337540606713537 -7
    endloop
  endfacet
  facet normal -0.4214011077725366 0.906874360850542 0
    outer loop
      vertex 21.99841145891424 -2.291980488291456 7
      vertex 22.107978863998103 -2.2410673432392594 -7
      vertex 21.99841145891424 -2.291980488291456 -7
    endloop
  endfacet
  facet normal -0.4647231720437696 0.8854560256532094 0
    outer loop
      vertex 22.107978863998103 -2.2410673432392594 7
      vertex 22.214958533106515 -2.1849200815662946 -7
      vertex 22.107978863998103 -2.2410673432392594 -7
    endloop
  endfacet
  facet normal -0.5069598538135828 0.8619696668800537 0
    outer loop
      vertex 22.214958533106515 -2.1849200815662946 7
      vertex 22.319100610265334 -2.123669837803802 -7
      vertex 22.214958533106515 -2.1849200815662946 -7
    endloop
  endfacet
  facet normal -0.5480125073546774 0.8364701380102219 0
    outer loop
      vertex 22.319100610265334 -2.123669837803802 7
      vertex 22.42016186682789 -2.0574596647341403 -7
      vertex 22.319100610265334 -2.123669837803802 -7
    endloop
  endfacet
  facet normal -0.5877852522924671 0.8090169943749518 0
    outer loop
      vertex 22.42016186682789 -2.0574596647341403 7
      vertex 22.517906269546778 -1.9864441992843864 -7
      vertex 22.42016186682789 -2.0574596647341403 -7
    endloop
  endfacet
  facet normal -0.6261851975383091 0.7796743540632259 0
    outer loop
      vertex 22.517906269546778 -1.9864441992843864 7
      vertex 22.612105531840427 -1.9107893013646216 -7
      vertex 22.517906269546778 -1.9864441992843864 -7
    endloop
  endfacet
  facet normal -0.6631226582407962 0.7485107481711003 0
    outer loop
      vertex 22.612105531840427 -1.9107893013646216 7
      vertex 22.702539646966994 -1.8306716664944345 -7
      vertex 22.612105531840427 -1.9107893013646216 -7
    endloop
  endfacet
  facet normal -0.6985113652489376 0.7155989607441204 0
    outer loop
      vertex 22.702539646966994 -1.8306716664944345 7
      vertex 22.788997401860303 -1.746278413122343 -7
      vertex 22.702539646966994 -1.8306716664944345 -7
    endloop
  endfacet
  facet normal -0.732268666597777 0.6810158587867934 0
    outer loop
      vertex 22.788997401860303 -1.746278413122343 -7
      vertex 22.788997401860303 -1.746278413122343 7
      vertex 22.871276870427753 -1.6578066456019882 -7
    endloop
  endfacet
  facet normal -0.7643157205458518 0.6448422127361665 0
    outer loop
      vertex 22.871276870427753 -1.6578066456019882 7
      vertex 22.949185885158055 -1.5654629938457845 -7
      vertex 22.871276870427753 -1.6578066456019882 -7
    endloop
  endfacet
  facet normal -0.7945776797137533 0.6071625078187126 0
    outer loop
      vertex 22.949185885158055 -1.5654629938457845 7
      vertex 23.022542485937368 -1.469463130731183 -7
      vertex 22.949185885158055 -1.5654629938457845 -7
    endloop
  endfacet
  facet normal -0.8229838658936487 0.568064746731167 0
    outer loop
      vertex 23.022542485937368 -1.469463130731183 7
      vertex 23.09117534502557 -1.3700312683866747 -7
      vertex 23.022542485937368 -1.469463130731183 -7
    endloop
  endfacet
  facet normal -0.8494679351215341 0.5276402441061115 0
    outer loop
      vertex 23.09117534502557 -1.3700312683866747 7
      vertex 23.15492416720012 -1.2673996345339755 -7
      vertex 23.09117534502557 -1.3700312683866747 -7
    endloop
  endfacet
  facet normal -0.8739680326265151 0.48598341324261113 0
    outer loop
      vertex 23.15492416720012 -1.2673996345339755 7
      vertex 23.213640064133024 -1.1618079301094208 -7
      vertex 23.15492416720012 -1.2673996345339755 -7
    endloop
  endfacet
  facet normal -0.8964269372956994 0.44319154559925006 0
    outer loop
      vertex 23.213640064133024 -1.1618079301094208 7
      vertex 23.267185902126364 -1.0535027694313222 -7
      vertex 23.213640064133024 -1.1618079301094208 -7
    endloop
  endfacet
  facet normal -0.9167921953165779 0.399364583565706 0
    outer loop
      vertex 23.267185902126364 -1.0535027694313222 7
      vertex 23.315436622394444 -0.9427371042208001 -7
      vertex 23.267185902126364 -1.0535027694313222 -7
    endloop
  endfacet
  facet normal -0.9350162426854194 0.35460488704252346 0
    outer loop
      vertex 23.315436622394444 -0.9427371042208001 7
      vertex 23.35827953314436 -0.82976963282132 -7
      vertex 23.315436622394444 -0.9427371042208001 -7
    endloop
  endfacet
  facet normal -0.951056516295158 0.3090169943749339 0
    outer loop
      vertex 23.35827953314436 -0.82976963282132 7
      vertex 23.395614572772914 -0.7148641959967243 -7
      vertex 23.35827953314436 -0.82976963282132 -7
    endloop
  endfacet
  facet normal -0.9648755533435479 0.2627073781986004 0
    outer loop
      vertex 23.395614572772914 -0.7148641959967243 7
      vertex 23.42735454356513 -0.5982891607188954 -7
      vertex 23.395614572772914 -0.7148641959967243 -7
    endloop
  endfacet
  facet normal -0.9764410788292743 0.2157841967677962 0
    outer loop
      vertex 23.42735454356513 -0.5982891607188954 7
      vertex 23.453425315348532 -0.48031679338427163 -7
      vertex 23.42735454356513 -0.5982891607188954 -7
    endloop
  endfacet
  facet normal -0.9857260809316502 0.16835704134704244 0
    outer loop
      vertex 23.453425315348532 -0.48031679338427163 7
      vertex 23.473765998627627 -0.3612226239230538 -7
      vertex 23.453425315348532 -0.48031679338427163 -7
    endloop
  endfacet
  facet normal -0.9927088740980543 0.12053668025532066 0
    outer loop
      vertex 23.473765998627627 -0.3612226239230538 7
      vertex 23.48832908679412 -0.24128480228628815 -7
      vertex 23.473765998627627 -0.3612226239230538 -7
    endloop
  endfacet
  facet normal -0.9973731496914916 0.07243480016175606 0
    outer loop
      vertex 23.48832908679412 -0.24128480228628815 7
      vertex 23.497080567080815 -0.12078344881376785 -7
      vertex 23.48832908679412 -0.24128480228628815 -7
    endloop
  endfacet
  facet normal -0.9997080140801927 0.02416374523614676 0
    outer loop
      vertex 23.497080567080815 -0.12078344881376785 -7
      vertex 23.497080567080815 -0.12078344881376785 7
      vertex 23.5 0 -7
    endloop
  endfacet
  facet normal 0.19212671735370737 0.9813701261394135 0
    outer loop
      vertex 20.579107396632406 -2.4643152023291273 -7
      vertex 20.460539508080487 -2.4411026970731804 7
      vertex 20.579107396632406 -2.4643152023291273 7
    endloop
  endfacet
  facet normal 0.5069598538135957 0.8619696668800462 0
    outer loop
      vertex 19.785041466893485 -2.1849200815662955 -7
      vertex 19.68089938973467 -2.123669837803803 7
      vertex 19.785041466893485 -2.1849200815662955 7
    endloop
  endfacet
  facet normal 0.5877852522924768 0.8090169943749448 0
    outer loop
      vertex 19.57983813317211 -2.057459664734141 -7
      vertex 19.482093730453222 -1.9864441992843855 7
      vertex 19.57983813317211 -2.057459664734141 7
    endloop
  endfacet
  facet normal 0.548012507354664 0.8364701380102307 0
    outer loop
      vertex 19.68089938973467 -2.123669837803803 -7
      vertex 19.57983813317211 -2.057459664734141 7
      vertex 19.68089938973467 -2.123669837803803 7
    endloop
  endfacet
  facet normal 0.3319078531285292 0.9433118132577428 0
    outer loop
      vertex 20.227457514062632 -2.3776412907378837 -7
      vertex 20.113487782393662 -2.337540606713537 7
      vertex 20.227457514062632 -2.3776412907378837 7
    endloop
  endfacet
  facet normal 0.4214011077725366 0.906874360850542 0
    outer loop
      vertex 20.00158854108576 -2.291980488291456 -7
      vertex 19.892021136001897 -2.2410673432392594 7
      vertex 20.00158854108576 -2.291980488291456 7
    endloop
  endfacet
  facet normal 0.37709484168831214 0.9261746489577799 0
    outer loop
      vertex 20.113487782393662 -2.337540606713537 -7
      vertex 20.00158854108576 -2.291980488291456 7
      vertex 20.113487782393662 -2.337540606713537 7
    endloop
  endfacet
  facet normal 0.2859456783986919 0.9582458291091653 0
    outer loop
      vertex 20.343231554503532 -2.4121888833588785 -7
      vertex 20.227457514062632 -2.3776412907378837 7
      vertex 20.343231554503532 -2.4121888833588785 7
    endloop
  endfacet
  facet normal 0.2393156642875556 0.9709418174260526 0
    outer loop
      vertex 20.460539508080487 -2.4411026970731804 -7
      vertex 20.343231554503532 -2.4121888833588785 7
      vertex 20.460539508080487 -2.4411026970731804 7
    endloop
  endfacet
  facet normal 0.4647231720437639 0.8854560256532124 0
    outer loop
      vertex 19.892021136001897 -2.2410673432392594 -7
      vertex 19.785041466893485 -2.1849200815662955 7
      vertex 19.892021136001897 -2.2410673432392594 7
    endloop
  endfacet
  facet normal 0.6261851975383091 0.7796743540632259 0
    outer loop
      vertex 19.482093730453222 -1.9864441992843855 7
      vertex 19.482093730453222 -1.9864441992843855 -7
      vertex 19.387894468159573 -1.9107893013646207 7
    endloop
  endfacet
  facet normal 0.6631226582407973 0.7485107481710994 0
    outer loop
      vertex 19.387894468159573 -1.9107893013646207 7
      vertex 19.387894468159573 -1.9107893013646207 -7
      vertex 19.297460353033006 -1.8306716664944334 7
    endloop
  endfacet
  facet normal 0.6985113652489329 0.715598960744125 0
    outer loop
      vertex 19.297460353033006 -1.8306716664944334 7
      vertex 19.297460353033006 -1.8306716664944334 -7
      vertex 19.211002598139697 -1.746278413122343 7
    endloop
  endfacet
  facet normal 0.7643157205458518 0.6448422127361665 6.935699036380154e-20
    outer loop
      vertex 19.050814114841945 -1.5654629938457845 7
      vertex 19.128723129572247 -1.6578066456019882 7
      vertex 19.128723129572247 -1.6578066456019882 -7
    endloop
  endfacet
  facet normal 0.732268666597777 0.6810158587867934 -3.0915297214840574e-20
    outer loop
      vertex 19.128723129572247 -1.6578066456019882 7
      vertex 19.211002598139697 -1.746278413122343 7
      vertex 19.211002598139697 -1.746278413122343 -7
    endloop
  endfacet
  facet normal 0.8494679351215341 0.5276402441061115 -2.5169525613624587e-19
    outer loop
      vertex 18.84507583279988 -1.2673996345339755 7
      vertex 18.90882465497443 -1.3700312683866747 7
      vertex 18.90882465497443 -1.3700312683866747 -7
    endloop
  endfacet
  facet normal 0.8739680326265151 0.48598341324261113 -4.121792396268731e-20
    outer loop
      vertex 18.786359935866976 -1.1618079301094208 7
      vertex 18.84507583279988 -1.2673996345339755 7
      vertex 18.84507583279988 -1.2673996345339755 -7
    endloop
  endfacet
  facet normal 0.896426937295698 0.44319154559925295 -2.7935322874673895e-20
    outer loop
      vertex 18.732814097873636 -1.053502769431323 7
      vertex 18.786359935866976 -1.1618079301094208 7
      vertex 18.786359935866976 -1.1618079301094208 -7
    endloop
  endfacet
  facet normal 0.916792195316588 0.3993645835656826 -1.0260741227573936e-19
    outer loop
      vertex 18.68456337760556 -0.9427371042208015 7
      vertex 18.732814097873636 -1.053502769431323 7
      vertex 18.732814097873636 -1.053502769431323 -7
    endloop
  endfacet
  facet normal 0.9350162426854098 0.3546048870425489 -1.7956696607739512e-19
    outer loop
      vertex 18.64172046685564 -0.8297696328213212 7
      vertex 18.68456337760556 -0.9427371042208015 7
      vertex 18.68456337760556 -0.9427371042208015 -7
    endloop
  endfacet
  facet normal 0.7945776797137533 0.6071625078187126 8.380903306763746e-21
    outer loop
      vertex 18.977457514062632 -1.469463130731183 7
      vertex 19.050814114841945 -1.5654629938457845 7
      vertex 19.050814114841945 -1.5654629938457845 -7
    endloop
  endfacet
  facet normal 0.8229838658936487 0.568064746731167 6.843193763759448e-20
    outer loop
      vertex 18.90882465497443 -1.3700312683866747 7
      vertex 18.977457514062632 -1.469463130731183 7
      vertex 18.977457514062632 -1.469463130731183 -7
    endloop
  endfacet
  facet normal 0.95105651629516 0.30901699437492774 -2.409462152759767e-19
    outer loop
      vertex 18.604385427227086 -0.714864195996723 7
      vertex 18.64172046685564 -0.8297696328213212 7
      vertex 18.64172046685564 -0.8297696328213212 -7
    endloop
  endfacet
  facet normal 0.9648755533435479 0.2627073781986004 -1.0887112288715905e-19
    outer loop
      vertex 18.57264545643487 -0.598289160718894 7
      vertex 18.604385427227086 -0.714864195996723 7
      vertex 18.604385427227086 -0.714864195996723 -7
    endloop
  endfacet
  facet normal 0.9764410788292741 0.21578419676779656 9.773078742050846e-20
    outer loop
      vertex 18.546574684651468 -0.4803167933842705 7
      vertex 18.57264545643487 -0.598289160718894 7
      vertex 18.57264545643487 -0.598289160718894 -7
    endloop
  endfacet
  facet normal 0.98572608093165 0.168357041347044 -4.946701749647129e-20
    outer loop
      vertex 18.526234001372373 -0.3612226239230538 7
      vertex 18.546574684651468 -0.4803167933842705 7
      vertex 18.546574684651468 -0.4803167933842705 -7
    endloop
  endfacet
  facet normal 0.9927088740980543 0.12053668025532066 -1.2013601350368884e-20
    outer loop
      vertex 18.51167091320588 -0.24128480228628815 7
      vertex 18.526234001372373 -0.3612226239230538 7
      vertex 18.526234001372373 -0.3612226239230538 -7
    endloop
  endfacet
  facet normal 0.9973731496914916 0.07243480016175606 -2.5233092088745887e-20
    outer loop
      vertex 18.502919432919185 -0.12078344881376785 7
      vertex 18.51167091320588 -0.24128480228628815 7
      vertex 18.51167091320588 -0.24128480228628815 -7
    endloop
  endfacet
  facet normal 0.9997080140801927 0.02416374523614676 8.373915064722047e-21
    outer loop
      vertex 18.5 0 7
      vertex 18.502919432919185 -0.12078344881376785 7
      vertex 18.502919432919185 -0.12078344881376785 -7
    endloop
  endfacet
  facet normal 0.09651392091451372 0.9953316347176488 0
    outer loop
      vertex 20.818912999595597 -2.493432874228728 -7
      vertex 20.698658299361693 -2.481772185245135 7
      vertex 20.818912999595597 -2.493432874228728 7
    endloop
  endfacet
  facet normal 0.14448904956922376 0.9895063994510507 0
    outer loop
      vertex 20.698658299361693 -2.481772185245135 -7
      vertex 20.579107396632406 -2.4643152023291273 7
      vertex 20.698658299361693 -2.481772185245135 7
    endloop
  endfacet
  facet normal 0.04831337952550442 0.9988322268323268 0
    outer loop
      vertex 20.93959063690967 -2.499270035200482 -7
      vertex 20.818912999595597 -2.493432874228728 7
      vertex 20.93959063690967 -2.499270035200482 7
    endloop
  endfacet
  facet normal 0 1 0
    outer loop
      vertex 21.06040936309033 -2.499270035200482 -7
      vertex 20.93959063690967 -2.499270035200482 7
      vertex 21.06040936309033 -2.499270035200482 7
    endloop
  endfacet
  facet normal -0.04831337952550442 0.9988322268323268 0
    outer loop
      vertex 21.181087000404403 -2.493432874228728 -7
      vertex 21.06040936309033 -2.499270035200482 7
      vertex 21.181087000404403 -2.493432874228728 7
    endloop
  endfacet
  facet normal -0.09651392091451372 0.9953316347176488 0
    outer loop
      vertex 21.301341700638307 -2.481772185245135 -7
      vertex 21.181087000404403 -2.493432874228728 7
      vertex 21.301341700638307 -2.481772185245135 7
    endloop
  endfacet
  facet normal -0.14448904956922376 0.9895063994510507 0
    outer loop
      vertex 21.420892603367594 -2.4643152023291273 -7
      vertex 21.301341700638307 -2.481772185245135 7
      vertex 21.420892603367594 -2.4643152023291273 7
    endloop
  endfacet
  facet normal -0.19212671735370737 0.9813701261394135 0
    outer loop
      vertex 21.539460491919513 -2.4411026970731804 -7
      vertex 21.420892603367594 -2.4643152023291273 7
      vertex 21.539460491919513 -2.4411026970731804 7
    endloop
  endfacet
  facet normal -0.2393156642875556 0.9709418174260526 0
    outer loop
      vertex 21.656768445496468 -2.4121888833588785 -7
      vertex 21.539460491919513 -2.4411026970731804 7
      vertex 21.656768445496468 -2.4121888833588785 7
    endloop
  endfacet
  facet normal -0.2859456783986919 0.9582458291091653 0
    outer loop
      vertex 21.772542485937368 -2.3776412907378837 7
      vertex 21.772542485937368 -2.3776412907378837 -7
      vertex 21.656768445496468 -2.4121888833588785 7
    endloop
  endfacet
  facet normal -0.3319078531285292 0.9433118132577428 0
    outer loop
      vertex 21.886512217606338 -2.337540606713537 7
      vertex 21.886512217606338 -2.337540606713537 -7
      vertex 21.772542485937368 -2.3776412907378837 7
    endloop
  endfacet
  facet normal -0.37709484168831214 0.9261746489577799 0
    outer loop
      vertex 21.99841145891424 -2.291980488291456 7
      vertex 21.99841145891424 -2.291980488291456 -7
      vertex 21.886512217606338 -2.337540606713537 7
    endloop
  endfacet
  facet normal -0.4214011077725366 0.906874360850542 0
    outer loop
      vertex 22.107978863998103 -2.2410673432392594 7
      vertex 22.107978863998103 -2.2410673432392594 -7
      vertex 21.99841145891424 -2.291980488291456 7
    endloop
  endfacet
  facet normal -0.4647231720437696 0.8854560256532094 0
    outer loop
      vertex 22.214958533106515 -2.1849200815662946 7
      vertex 22.214958533106515 -2.1849200815662946 -7
      vertex 22.107978863998103 -2.2410673432392594 7
    endloop
  endfacet
  facet normal -0.5069598538135828 0.8619696668800537 0
    outer loop
      vertex 22.319100610265334 -2.123669837803802 7
      vertex 22.319100610265334 -2.123669837803802 -7
      vertex 22.214958533106515 -2.1849200815662946 7
    endloop
  endfacet
  facet normal -0.5480125073546774 0.8364701380102219 0
    outer loop
      vertex 22.42016186682789 -2.0574596647341403 7
      vertex 22.42016186682789 -2.0574596647341403 -7
      vertex 22.319100610265334 -2.123669837803802 7
    endloop
  endfacet
  facet normal -0.5877852522924671 0.8090169943749518 0
    outer loop
      vertex 22.517906269546778 -1.9864441992843864 7
      vertex 22.517906269546778 -1.9864441992843864 -7
      vertex 22.42016186682789 -2.0574596647341403 7
    endloop
  endfacet
  facet normal -0.6261851975383091 0.7796743540632259 0
    outer loop
      vertex 22.612105531840427 -1.9107893013646216 7
      vertex 22.612105531840427 -1.9107893013646216 -7
      vertex 22.517906269546778 -1.9864441992843864 7
    endloop
  endfacet
  facet normal -0.6631226582407962 0.7485107481711003 0
    outer loop
      vertex 22.702539646966994 -1.8306716664944345 7
      vertex 22.702539646966994 -1.8306716664944345 -7
      vertex 22.612105531840427 -1.9107893013646216 7
    endloop
  endfacet
  facet normal -0.6985113652489376 0.7155989607441204 0
    outer loop
      vertex 22.788997401860303 -1.746278413122343 7
      vertex 22.788997401860303 -1.746278413122343 -7
      vertex 22.702539646966994 -1.8306716664944345 7
    endloop
  endfacet
  facet normal -0.732268666597777 0.6810158587867934 3.0915297214840574e-20
    outer loop
      vertex 22.788997401860303 -1.746278413122343 7
      vertex 22.871276870427753 -1.6578066456019882 7
      vertex 22.871276870427753 -1.6578066456019882 -7
    endloop
  endfacet
  facet normal -0.7643157205458518 0.6448422127361665 -6.935699036380154e-20
    outer loop
      vertex 22.871276870427753 -1.6578066456019882 7
      vertex 22.949185885158055 -1.5654629938457845 7
      vertex 22.949185885158055 -1.5654629938457845 -7
    endloop
  endfacet
  facet normal -0.7945776797137533 0.6071625078187126 -8.380903306763746e-21
    outer loop
      vertex 22.949185885158055 -1.5654629938457845 7
      vertex 23.022542485937368 -1.469463130731183 7
      vertex 23.022542485937368 -1.469463130731183 -7
    endloop
  endfacet
  facet normal -0.8229838658936487 0.568064746731167 -6.843193763759448e-20
    outer loop
      vertex 23.022542485937368 -1.469463130731183 7
      vertex 23.09117534502557 -1.3700312683866747 7
      vertex 23.09117534502557 -1.3700312683866747 -7
    endloop
  endfacet
  facet normal -0.8494679351215341 0.5276402441061115 2.5169525613624587e-19
    outer loop
      vertex 23.09117534502557 -1.3700312683866747 7
      vertex 23.15492416720012 -1.2673996345339755 7
      vertex 23.15492416720012 -1.2673996345339755 -7
    endloop
  endfacet
  facet normal -0.8739680326265151 0.48598341324261113 4.121792396268731e-20
    outer loop
      vertex 23.15492416720012 -1.2673996345339755 7
      vertex 23.213640064133024 -1.1618079301094208 7
      vertex 23.213640064133024 -1.1618079301094208 -7
    endloop
  endfacet
  facet normal -0.8964269372956994 0.44319154559925006 -5.875761168810991e-20
    outer loop
      vertex 23.213640064133024 -1.1618079301094208 7
      vertex 23.267185902126364 -1.0535027694313222 7
      vertex 23.267185902126364 -1.0535027694313222 -7
    endloop
  endfacet
  facet normal -0.9167921953165779 0.399364583565706 -2.0479190964214572e-19
    outer loop
      vertex 23.267185902126364 -1.0535027694313222 7
      vertex 23.315436622394444 -0.9427371042208001 7
      vertex 23.315436622394444 -0.9427371042208001 -7
    endloop
  endfacet
  facet normal -0.9350162426854194 0.35460488704252346 7.769881855020387e-20
    outer loop
      vertex 23.315436622394444 -0.9427371042208001 7
      vertex 23.35827953314436 -0.82976963282132 7
      vertex 23.35827953314436 -0.82976963282132 -7
    endloop
  endfacet
  facet normal -0.951056516295158 0.3090169943749339 -2.279250388739593e-19
    outer loop
      vertex 23.35827953314436 -0.82976963282132 7
      vertex 23.395614572772914 -0.7148641959967243 7
      vertex 23.395614572772914 -0.7148641959967243 -7
    endloop
  endfacet
  facet normal -0.9648755533435479 0.2627073781986004 1.0887112288715905e-19
    outer loop
      vertex 23.395614572772914 -0.7148641959967243 7
      vertex 23.42735454356513 -0.5982891607188954 7
      vertex 23.42735454356513 -0.5982891607188954 -7
    endloop
  endfacet
  facet normal -0.9764410788292743 0.2157841967677962 -8.445359227048332e-21
    outer loop
      vertex 23.42735454356513 -0.5982891607188954 7
      vertex 23.453425315348532 -0.48031679338427163 7
      vertex 23.453425315348532 -0.48031679338427163 -7
    endloop
  endfacet
  facet normal -0.9857260809316502 0.16835704134704244 6.796564311133446e-20
    outer loop
      vertex 23.453425315348532 -0.48031679338427163 7
      vertex 23.473765998627627 -0.3612226239230538 7
      vertex 23.473765998627627 -0.3612226239230538 -7
    endloop
  endfacet
  facet normal -0.9927088740980543 0.12053668025532066 1.2013601350368884e-20
    outer loop
      vertex 23.473765998627627 -0.3612226239230538 7
      vertex 23.48832908679412 -0.24128480228628815 7
      vertex 23.48832908679412 -0.24128480228628815 -7
    endloop
  endfacet
  facet normal -0.9973731496914916 0.07243480016175606 2.5233092088745887e-20
    outer loop
      vertex 23.48832908679412 -0.24128480228628815 7
      vertex 23.497080567080815 -0.12078344881376785 7
      vertex 23.497080567080815 -0.12078344881376785 -7
    endloop
  endfacet
  facet normal -0.9997080140801927 0.02416374523614676 -8.373915064722047e-21
    outer loop
      vertex 23.497080567080815 -0.12078344881376785 7
      vertex 23.5 0 7
      vertex 23.5 0 -7
    endloop
  endfacet
  facet normal 0.9997080140801927 -0.02416374523614676 0
    outer loop
      vertex 18.502919432919185 0.12078344881376785 7
      vertex 18.5 0 -7
      vertex 18.502919432919185 0.12078344881376785 -7
    endloop
  endfacet
  facet normal 0.9973731496914916 -0.07243480016175606 0
    outer loop
      vertex 18.51167091320588 0.24128480228628815 7
      vertex 18.502919432919185 0.12078344881376785 -7
      vertex 18.51167091320588 0.24128480228628815 -7
    endloop
  endfacet
  facet normal 0.9927088740980543 -0.12053668025532066 0
    outer loop
      vertex 18.526234001372373 0.3612226239230538 7
      vertex 18.51167091320588 0.24128480228628815 -7
      vertex 18.526234001372373 0.3612226239230538 -7
    endloop
  endfacet
  facet normal 0.98572608093165 -0.168357041347044 0
    outer loop
      vertex 18.546574684651468 0.4803167933842705 7
      vertex 18.526234001372373 0.3612226239230538 -7
      vertex 18.546574684651468 0.4803167933842705 -7
    endloop
  endfacet
  facet normal 0.9764410788292741 -0.21578419676779656 0
    outer loop
      vertex 18.57264545643487 0.598289160718894 7
      vertex 18.546574684651468 0.4803167933842705 -7
      vertex 18.57264545643487 0.598289160718894 -7
    endloop
  endfacet
  facet normal 0.9648755533435479 -0.2627073781986004 0
    outer loop
      vertex 18.604385427227086 0.714864195996723 7
      vertex 18.57264545643487 0.598289160718894 -7
      vertex 18.604385427227086 0.714864195996723 -7
    endloop
  endfacet
  facet normal 0.95105651629516 -0.30901699437492774 0
    outer loop
      vertex 18.64172046685564 0.8297696328213212 7
      vertex 18.604385427227086 0.714864195996723 -7
      vertex 18.64172046685564 0.8297696328213212 -7
    endloop
  endfacet
  facet normal 0.9350162426854098 -0.3546048870425489 0
    outer loop
      vertex 18.68456337760556 0.9427371042208015 7
      vertex 18.64172046685564 0.8297696328213212 -7
      vertex 18.68456337760556 0.9427371042208015 -7
    endloop
  endfacet
  facet normal 0.916792195316588 -0.3993645835656826 0
    outer loop
      vertex 18.732814097873636 1.053502769431323 7
      vertex 18.68456337760556 0.9427371042208015 -7
      vertex 18.732814097873636 1.053502769431323 -7
    endloop
  endfacet
  facet normal 0.896426937295698 -0.44319154559925295 0
    outer loop
      vertex 18.786359935866976 1.1618079301094208 7
      vertex 18.732814097873636 1.053502769431323 -7
      vertex 18.786359935866976 1.1618079301094208 -7
    endloop
  endfacet
  facet normal 0.8739680326265151 -0.48598341324261113 0
    outer loop
      vertex 18.84507583279988 1.2673996345339755 7
      vertex 18.786359935866976 1.1618079301094208 -7
      vertex 18.84507583279988 1.2673996345339755 -7
    endloop
  endfacet
  facet normal 0.8494679351215341 -0.5276402441061115 0
    outer loop
      vertex 18.90882465497443 1.3700312683866747 7
      vertex 18.84507583279988 1.2673996345339755 -7
      vertex 18.90882465497443 1.3700312683866747 -7
    endloop
  endfacet
  facet normal 0.8229838658936487 -0.568064746731167 0
    outer loop
      vertex 18.977457514062632 1.469463130731183 7
      vertex 18.90882465497443 1.3700312683866747 -7
      vertex 18.977457514062632 1.469463130731183 -7
    endloop
  endfacet
  facet normal 0.7945776797137533 -0.6071625078187126 0
    outer loop
      vertex 19.050814114841945 1.5654629938457845 7
      vertex 18.977457514062632 1.469463130731183 -7
      vertex 19.050814114841945 1.5654629938457845 -7
    endloop
  endfacet
  facet normal 0.7643157205458518 -0.6448422127361665 0
    outer loop
      vertex 19.128723129572247 1.6578066456019882 7
      vertex 19.050814114841945 1.5654629938457845 -7
      vertex 19.128723129572247 1.6578066456019882 -7
    endloop
  endfacet
  facet normal 0.732268666597777 -0.6810158587867934 0
    outer loop
      vertex 19.211002598139697 1.746278413122343 7
      vertex 19.128723129572247 1.6578066456019882 -7
      vertex 19.211002598139697 1.746278413122343 -7
    endloop
  endfacet
  facet normal 0.6985113652489329 -0.715598960744125 0
    outer loop
      vertex 19.297460353033006 1.8306716664944334 7
      vertex 19.211002598139697 1.746278413122343 -7
      vertex 19.297460353033006 1.8306716664944334 -7
    endloop
  endfacet
  facet normal 0.6631226582407973 -0.7485107481710994 0
    outer loop
      vertex 19.387894468159573 1.9107893013646207 7
      vertex 19.297460353033006 1.8306716664944334 -7
      vertex 19.387894468159573 1.9107893013646207 -7
    endloop
  endfacet
  facet normal 0.6261851975383091 -0.7796743540632259 0
    outer loop
      vertex 19.482093730453222 1.9864441992843855 7
      vertex 19.387894468159573 1.9107893013646207 -7
      vertex 19.482093730453222 1.9864441992843855 -7
    endloop
  endfacet
  facet normal 0.5877852522924768 -0.8090169943749448 0
    outer loop
      vertex 19.57983813317211 2.057459664734141 7
      vertex 19.482093730453222 1.9864441992843855 -7
      vertex 19.57983813317211 2.057459664734141 -7
    endloop
  endfacet
  facet normal 0.548012507354664 -0.8364701380102307 0
    outer loop
      vertex 19.68089938973467 2.123669837803803 7
      vertex 19.57983813317211 2.057459664734141 -7
      vertex 19.68089938973467 2.123669837803803 -7
    endloop
  endfacet
  facet normal 0.5069598538135902 -0.8619696668800494 0
    outer loop
      vertex 19.785041466893485 2.1849200815662946 7
      vertex 19.68089938973467 2.123669837803803 -7
      vertex 19.785041466893485 2.1849200815662946 -7
    endloop
  endfacet
  facet normal 0.4647231720437696 -0.8854560256532094 0
    outer loop
      vertex 19.892021136001897 2.2410673432392594 7
      vertex 19.785041466893485 2.1849200815662946 -7
      vertex 19.892021136001897 2.2410673432392594 -7
    endloop
  endfacet
  facet normal 0.4214011077725253 -0.9068743608505472 0
    outer loop
      vertex 20.001588541085763 2.291980488291456 7
      vertex 19.892021136001897 2.2410673432392594 -7
      vertex 20.001588541085763 2.291980488291456 -7
    endloop
  endfacet
  facet normal 0.37709484168832236 -0.9261746489577757 0
    outer loop
      vertex 20.113487782393662 2.337540606713537 7
      vertex 20.001588541085763 2.291980488291456 -7
      vertex 20.113487782393662 2.337540606713537 -7
    endloop
  endfacet
  facet normal 0.3319078531285292 -0.9433118132577428 0
    outer loop
      vertex 20.227457514062632 2.3776412907378837 7
      vertex 20.113487782393662 2.337540606713537 -7
      vertex 20.227457514062632 2.3776412907378837 -7
    endloop
  endfacet
  facet normal 0.2859456783986919 -0.9582458291091653 0
    outer loop
      vertex 20.343231554503532 2.4121888833588785 7
      vertex 20.227457514062632 2.3776412907378837 -7
      vertex 20.343231554503532 2.4121888833588785 -7
    endloop
  endfacet
  facet normal 0.23931566428756246 -0.9709418174260509 0
    outer loop
      vertex 20.460539508080483 2.4411026970731804 7
      vertex 20.343231554503532 2.4121888833588785 -7
      vertex 20.460539508080483 2.4411026970731804 -7
    endloop
  endfacet
  facet normal 0.19212671735370737 -0.9813701261394135 0
    outer loop
      vertex 20.579107396632402 2.4643152023291273 7
      vertex 20.460539508080483 2.4411026970731804 -7
      vertex 20.579107396632402 2.4643152023291273 -7
    endloop
  endfacet
  facet normal -0.9997080140801927 -0.024163745236146797 0
    outer loop
      vertex 23.5 0 -7
      vertex 23.5 0 7
      vertex 23.497080567080815 0.12078344881376767 -7
    endloop
  endfacet
  facet normal -0.9973731496914916 -0.07243480016175619 0
    outer loop
      vertex 23.497080567080815 0.12078344881376767 7
      vertex 23.48832908679412 0.24128480228628776 -7
      vertex 23.497080567080815 0.12078344881376767 -7
    endloop
  endfacet
  facet normal -0.9927088740980543 -0.12053668025532072 0
    outer loop
      vertex 23.48832908679412 0.24128480228628776 7
      vertex 23.473765998627627 0.3612226239230534 -7
      vertex 23.48832908679412 0.24128480228628776 -7
    endloop
  endfacet
  facet normal -0.98572608093165 -0.16835704134704282 0
    outer loop
      vertex 23.473765998627627 0.3612226239230534 7
      vertex 23.453425315348532 0.4803167933842709 -7
      vertex 23.473765998627627 0.3612226239230534 -7
    endloop
  endfacet
  facet normal -0.9764410788292742 -0.21578419676779667 0
    outer loop
      vertex 23.453425315348532 0.4803167933842709 7
      vertex 23.42735454356513 0.5982891607188944 -7
      vertex 23.453425315348532 0.4803167933842709 -7
    endloop
  endfacet
  facet normal -0.9648755533435477 -0.2627073781986006 0
    outer loop
      vertex 23.42735454356513 0.5982891607188944 7
      vertex 23.395614572772914 0.7148641959967232 -7
      vertex 23.42735454356513 0.5982891607188944 -7
    endloop
  endfacet
  facet normal -0.9510565162951596 -0.3090169943749288 0
    outer loop
      vertex 23.395614572772914 0.7148641959967232 7
      vertex 23.35827953314436 0.829769632821321 -7
      vertex 23.395614572772914 0.7148641959967232 -7
    endloop
  endfacet
  facet normal -0.8739680326265143 -0.4859834132426127 0
    outer loop
      vertex 23.213640064133024 1.1618079301094215 7
      vertex 23.15492416720012 1.2673996345339757 -7
      vertex 23.213640064133024 1.1618079301094215 -7
    endloop
  endfacet
  facet normal -0.9350162426854096 -0.3546048870425495 0
    outer loop
      vertex 23.35827953314436 0.829769632821321 7
      vertex 23.31543662239444 0.942737104220801 -7
      vertex 23.35827953314436 0.829769632821321 -7
    endloop
  endfacet
  facet normal -0.9167921953165884 -0.39936458356568194 0
    outer loop
      vertex 23.31543662239444 0.942737104220801 7
      vertex 23.267185902126364 1.0535027694313228 -7
      vertex 23.31543662239444 0.942737104220801 -7
    endloop
  endfacet
  facet normal -0.8964269372956994 -0.44319154559925006 0
    outer loop
      vertex 23.267185902126364 1.0535027694313228 7
      vertex 23.213640064133024 1.1618079301094215 -7
      vertex 23.267185902126364 1.0535027694313228 -7
    endloop
  endfacet
  facet normal -0.8494679351215346 -0.5276402441061108 0
    outer loop
      vertex 23.15492416720012 1.2673996345339757 7
      vertex 23.09117534502557 1.370031268386675 -7
      vertex 23.15492416720012 1.2673996345339757 -7
    endloop
  endfacet
  facet normal -0.8229838658936475 -0.5680647467311688 0
    outer loop
      vertex 23.09117534502557 1.370031268386675 7
      vertex 23.022542485937368 1.469463130731183 -7
      vertex 23.09117534502557 1.370031268386675 -7
    endloop
  endfacet
  facet normal -0.7945776797137518 -0.6071625078187144 0
    outer loop
      vertex 23.022542485937368 1.469463130731183 7
      vertex 22.949185885158055 1.565462993845784 -7
      vertex 23.022542485937368 1.469463130731183 -7
    endloop
  endfacet
  facet normal -0.7643157205458526 -0.6448422127361656 0
    outer loop
      vertex 22.949185885158055 1.565462993845784 7
      vertex 22.871276870427753 1.657806645601988 -7
      vertex 22.949185885158055 1.565462993845784 -7
    endloop
  endfacet
  facet normal -0.5069598538135902 -0.8619696668800494 0
    outer loop
      vertex 22.31910061026533 2.123669837803803 7
      vertex 22.214958533106515 2.1849200815662946 -7
      vertex 22.31910061026533 2.123669837803803 -7
    endloop
  endfacet
  facet normal -0.4647231720437696 -0.8854560256532094 0
    outer loop
      vertex 22.214958533106515 2.1849200815662946 7
      vertex 22.107978863998103 2.2410673432392594 -7
      vertex 22.214958533106515 2.1849200815662946 -7
    endloop
  endfacet
  facet normal -0.23931566428756246 -0.9709418174260509 0
    outer loop
      vertex 21.656768445496468 2.4121888833588785 7
      vertex 21.539460491919517 2.4411026970731804 -7
      vertex 21.656768445496468 2.4121888833588785 -7
    endloop
  endfacet
  facet normal -0.3319078531285292 -0.9433118132577428 0
    outer loop
      vertex 21.886512217606338 2.337540606713537 7
      vertex 21.772542485937368 2.3776412907378837 -7
      vertex 21.886512217606338 2.337540606713537 -7
    endloop
  endfacet
  facet normal -0.2859456783986919 -0.9582458291091653 0
    outer loop
      vertex 21.772542485937368 2.3776412907378837 7
      vertex 21.656768445496468 2.4121888833588785 -7
      vertex 21.772542485937368 2.3776412907378837 -7
    endloop
  endfacet
  facet normal -0.4214011077725253 -0.9068743608505472 0
    outer loop
      vertex 22.107978863998103 2.2410673432392594 7
      vertex 21.998411458914237 2.291980488291456 -7
      vertex 22.107978863998103 2.2410673432392594 -7
    endloop
  endfacet
  facet normal -0.37709484168832236 -0.9261746489577757 0
    outer loop
      vertex 21.998411458914237 2.291980488291456 7
      vertex 21.886512217606338 2.337540606713537 -7
      vertex 21.998411458914237 2.291980488291456 -7
    endloop
  endfacet
  facet normal -0.6985113652489386 -0.7155989607441195 0
    outer loop
      vertex 22.788997401860303 1.7462784131223423 7
      vertex 22.702539646966994 1.830671666494434 -7
      vertex 22.788997401860303 1.7462784131223423 -7
    endloop
  endfacet
  facet normal -0.7322686665977752 -0.6810158587867952 0
    outer loop
      vertex 22.871276870427753 1.657806645601988 7
      vertex 22.788997401860303 1.7462784131223423 -7
      vertex 22.871276870427753 1.657806645601988 -7
    endloop
  endfacet
  facet normal -0.6631226582407941 -0.7485107481711021 0
    outer loop
      vertex 22.702539646966994 1.830671666494434 7
      vertex 22.612105531840427 1.9107893013646207 -7
      vertex 22.702539646966994 1.830671666494434 -7
    endloop
  endfacet
  facet normal -0.5877852522924768 -0.8090169943749448 0
    outer loop
      vertex 22.517906269546778 1.9864441992843855 7
      vertex 22.42016186682789 2.057459664734141 -7
      vertex 22.517906269546778 1.9864441992843855 -7
    endloop
  endfacet
  facet normal -0.6261851975383091 -0.7796743540632259 0
    outer loop
      vertex 22.612105531840427 1.9107893013646207 7
      vertex 22.517906269546778 1.9864441992843855 -7
      vertex 22.612105531840427 1.9107893013646207 -7
    endloop
  endfacet
  facet normal -0.548012507354664 -0.8364701380102307 0
    outer loop
      vertex 22.42016186682789 2.057459664734141 7
      vertex 22.31910061026533 2.123669837803803 -7
      vertex 22.42016186682789 2.057459664734141 -7
    endloop
  endfacet
  facet normal 0.14448904956921954 -0.9895063994510515 0
    outer loop
      vertex 20.698658299361693 2.481772185245135 7
      vertex 20.579107396632402 2.4643152023291273 -7
      vertex 20.698658299361693 2.481772185245135 -7
    endloop
  endfacet
  facet normal 0.09651392091451653 -0.9953316347176484 0
    outer loop
      vertex 20.818912999595593 2.493432874228728 7
      vertex 20.698658299361693 2.481772185245135 -7
      vertex 20.818912999595593 2.493432874228728 -7
    endloop
  endfacet
  facet normal 0.048313379525503 -0.9988322268323268 0
    outer loop
      vertex 20.93959063690967 2.499270035200482 7
      vertex 20.818912999595593 2.493432874228728 -7
      vertex 20.93959063690967 2.499270035200482 -7
    endloop
  endfacet
  facet normal 0 -1 0
    outer loop
      vertex 21.06040936309033 2.499270035200482 7
      vertex 20.93959063690967 2.499270035200482 -7
      vertex 21.06040936309033 2.499270035200482 -7
    endloop
  endfacet
  facet normal -0.09651392091451653 -0.9953316347176484 0
    outer loop
      vertex 21.301341700638307 2.481772185245135 7
      vertex 21.181087000404407 2.493432874228728 -7
      vertex 21.301341700638307 2.481772185245135 -7
    endloop
  endfacet
  facet normal -0.048313379525503 -0.9988322268323268 0
    outer loop
      vertex 21.181087000404407 2.493432874228728 7
      vertex 21.06040936309033 2.499270035200482 -7
      vertex 21.181087000404407 2.493432874228728 -7
    endloop
  endfacet
  facet normal -0.14448904956921954 -0.9895063994510515 0
    outer loop
      vertex 21.420892603367598 2.4643152023291273 7
      vertex 21.301341700638307 2.481772185245135 -7
      vertex 21.420892603367598 2.4643152023291273 -7
    endloop
  endfacet
  facet normal -0.19212671735370737 -0.9813701261394135 0
    outer loop
      vertex 21.539460491919517 2.4411026970731804 7
      vertex 21.420892603367598 2.4643152023291273 -7
      vertex 21.539460491919517 2.4411026970731804 -7
    endloop
  endfacet
  facet normal 0.9997080140801927 -0.02416374523614676 -8.373915064722047e-21
    outer loop
      vertex 18.502919432919185 0.12078344881376785 7
      vertex 18.5 0 7
      vertex 18.5 0 -7
    endloop
  endfacet
  facet normal 0.9973731496914916 -0.07243480016175606 2.5233092088745887e-20
    outer loop
      vertex 18.51167091320588 0.24128480228628815 7
      vertex 18.502919432919185 0.12078344881376785 7
      vertex 18.502919432919185 0.12078344881376785 -7
    endloop
  endfacet
  facet normal 0.9927088740980543 -0.12053668025532066 1.2013601350368884e-20
    outer loop
      vertex 18.526234001372373 0.3612226239230538 7
      vertex 18.51167091320588 0.24128480228628815 7
      vertex 18.51167091320588 0.24128480228628815 -7
    endloop
  endfacet
  facet normal 0.98572608093165 -0.168357041347044 4.946701749647129e-20
    outer loop
      vertex 18.546574684651468 0.4803167933842705 7
      vertex 18.526234001372373 0.3612226239230538 7
      vertex 18.526234001372373 0.3612226239230538 -7
    endloop
  endfacet
  facet normal 0.9764410788292741 -0.21578419676779656 -9.773078742050846e-20
    outer loop
      vertex 18.57264545643487 0.598289160718894 7
      vertex 18.546574684651468 0.4803167933842705 7
      vertex 18.546574684651468 0.4803167933842705 -7
    endloop
  endfacet
  facet normal 0.9648755533435479 -0.2627073781986004 1.0887112288715905e-19
    outer loop
      vertex 18.604385427227086 0.714864195996723 7
      vertex 18.57264545643487 0.598289160718894 7
      vertex 18.57264545643487 0.598289160718894 -7
    endloop
  endfacet
  facet normal 0.95105651629516 -0.30901699437492774 2.409462152759767e-19
    outer loop
      vertex 18.64172046685564 0.8297696328213212 7
      vertex 18.604385427227086 0.714864195996723 7
      vertex 18.604385427227086 0.714864195996723 -7
    endloop
  endfacet
  facet normal 0.9350162426854098 -0.3546048870425489 1.7956696607739512e-19
    outer loop
      vertex 18.68456337760556 0.9427371042208015 7
      vertex 18.64172046685564 0.8297696328213212 7
      vertex 18.64172046685564 0.8297696328213212 -7
    endloop
  endfacet
  facet normal 0.916792195316588 -0.3993645835656826 1.0260741227573936e-19
    outer loop
      vertex 18.732814097873636 1.053502769431323 7
      vertex 18.68456337760556 0.9427371042208015 7
      vertex 18.68456337760556 0.9427371042208015 -7
    endloop
  endfacet
  facet normal 0.896426937295698 -0.44319154559925295 2.7935322874673895e-20
    outer loop
      vertex 18.786359935866976 1.1618079301094208 7
      vertex 18.732814097873636 1.053502769431323 7
      vertex 18.732814097873636 1.053502769431323 -7
    endloop
  endfacet
  facet normal 0.8739680326265151 -0.48598341324261113 4.121792396268731e-20
    outer loop
      vertex 18.84507583279988 1.2673996345339755 7
      vertex 18.786359935866976 1.1618079301094208 7
      vertex 18.786359935866976 1.1618079301094208 -7
    endloop
  endfacet
  facet normal 0.8494679351215341 -0.5276402441061115 2.5169525613624587e-19
    outer loop
      vertex 18.90882465497443 1.3700312683866747 7
      vertex 18.84507583279988 1.2673996345339755 7
      vertex 18.84507583279988 1.2673996345339755 -7
    endloop
  endfacet
  facet normal 0.8229838658936487 -0.568064746731167 -6.843193763759448e-20
    outer loop
      vertex 18.977457514062632 1.469463130731183 7
      vertex 18.90882465497443 1.3700312683866747 7
      vertex 18.90882465497443 1.3700312683866747 -7
    endloop
  endfacet
  facet normal 0.7945776797137533 -0.6071625078187126 -8.380903306763746e-21
    outer loop
      vertex 19.050814114841945 1.5654629938457845 7
      vertex 18.977457514062632 1.469463130731183 7
      vertex 18.977457514062632 1.469463130731183 -7
    endloop
  endfacet
  facet normal 0.7643157205458518 -0.6448422127361665 -6.935699036380154e-20
    outer loop
      vertex 19.128723129572247 1.6578066456019882 7
      vertex 19.050814114841945 1.5654629938457845 7
      vertex 19.050814114841945 1.5654629938457845 -7
    endloop
  endfacet
  facet normal 0.732268666597777 -0.6810158587867934 3.0915297214840574e-20
    outer loop
      vertex 19.211002598139697 1.746278413122343 7
      vertex 19.128723129572247 1.6578066456019882 7
      vertex 19.128723129572247 1.6578066456019882 -7
    endloop
  endfacet
  facet normal 0.6985113652489329 -0.715598960744125 0
    outer loop
      vertex 19.211002598139697 1.746278413122343 7
      vertex 19.211002598139697 1.746278413122343 -7
      vertex 19.297460353033006 1.8306716664944334 7
    endloop
  endfacet
  facet normal 0.6631226582407973 -0.7485107481710994 0
    outer loop
      vertex 19.297460353033006 1.8306716664944334 7
      vertex 19.297460353033006 1.8306716664944334 -7
      vertex 19.387894468159573 1.9107893013646207 7
    endloop
  endfacet
  facet normal 0.6261851975383091 -0.7796743540632259 0
    outer loop
      vertex 19.387894468159573 1.9107893013646207 7
      vertex 19.387894468159573 1.9107893013646207 -7
      vertex 19.482093730453222 1.9864441992843855 7
    endloop
  endfacet
  facet normal 0.5877852522924768 -0.8090169943749448 0
    outer loop
      vertex 19.482093730453222 1.9864441992843855 7
      vertex 19.482093730453222 1.9864441992843855 -7
      vertex 19.57983813317211 2.057459664734141 7
    endloop
  endfacet
  facet normal 0.548012507354664 -0.8364701380102307 0
    outer loop
      vertex 19.57983813317211 2.057459664734141 7
      vertex 19.57983813317211 2.057459664734141 -7
      vertex 19.68089938973467 2.123669837803803 7
    endloop
  endfacet
  facet normal 0.5069598538135902 -0.8619696668800494 0
    outer loop
      vertex 19.68089938973467 2.123669837803803 7
      vertex 19.68089938973467 2.123669837803803 -7
      vertex 19.785041466893485 2.1849200815662946 7
    endloop
  endfacet
  facet normal 0.4647231720437696 -0.8854560256532094 0
    outer loop
      vertex 19.785041466893485 2.1849200815662946 7
      vertex 19.785041466893485 2.1849200815662946 -7
      vertex 19.892021136001897 2.2410673432392594 7
    endloop
  endfacet
  facet normal 0.4214011077725253 -0.9068743608505472 0
    outer loop
      vertex 19.892021136001897 2.2410673432392594 7
      vertex 19.892021136001897 2.2410673432392594 -7
      vertex 20.001588541085763 2.291980488291456 7
    endloop
  endfacet
  facet normal 0.37709484168832236 -0.9261746489577757 0
    outer loop
      vertex 20.001588541085763 2.291980488291456 7
      vertex 20.001588541085763 2.291980488291456 -7
      vertex 20.113487782393662 2.337540606713537 7
    endloop
  endfacet
  facet normal 0.3319078531285292 -0.9433118132577428 0
    outer loop
      vertex 20.113487782393662 2.337540606713537 7
      vertex 20.113487782393662 2.337540606713537 -7
      vertex 20.227457514062632 2.3776412907378837 7
    endloop
  endfacet
  facet normal 0.2859456783986919 -0.9582458291091653 0
    outer loop
      vertex 20.227457514062632 2.3776412907378837 7
      vertex 20.227457514062632 2.3776412907378837 -7
      vertex 20.343231554503532 2.4121888833588785 7
    endloop
  endfacet
  facet normal 0.23931566428756246 -0.9709418174260509 0
    outer loop
      vertex 20.343231554503532 2.4121888833588785 7
      vertex 20.343231554503532 2.4121888833588785 -7
      vertex 20.460539508080483 2.4411026970731804 7
    endloop
  endfacet
  facet normal 0.19212671735370737 -0.9813701261394135 0
    outer loop
      vertex 20.460539508080483 2.4411026970731804 7
      vertex 20.460539508080483 2.4411026970731804 -7
      vertex 20.579107396632402 2.4643152023291273 7
    endloop
  endfacet
  facet normal 0.14448904956921954 -0.9895063994510515 0
    outer loop
      vertex 20.579107396632402 2.4643152023291273 7
      vertex 20.579107396632402 2.4643152023291273 -7
      vertex 20.698658299361693 2.481772185245135 7
    endloop
  endfacet
  facet normal -0.9997080140801927 -0.024163745236146797 -7.321525238513499e-22
    outer loop
      vertex 23.5 0 7
      vertex 23.497080567080815 0.12078344881376767 7
      vertex 23.497080567080815 0.12078344881376767 -7
    endloop
  endfacet
  facet normal -0.9973731496914916 -0.07243480016175619 2.6227899525976133e-20
    outer loop
      vertex 23.497080567080815 0.12078344881376767 7
      vertex 23.48832908679412 0.24128480228628776 7
      vertex 23.48832908679412 0.24128480228628776 -7
    endloop
  endfacet
  facet normal -0.9927088740980543 -0.12053668025532072 -4.6863892152317754e-20
    outer loop
      vertex 23.48832908679412 0.24128480228628776 7
      vertex 23.473765998627627 0.3612226239230534 7
      vertex 23.473765998627627 0.3612226239230534 -7
    endloop
  endfacet
  facet normal -0.98572608093165 -0.16835704134704282 -6.33409867076187e-20
    outer loop
      vertex 23.473765998627627 0.3612226239230534 7
      vertex 23.453425315348532 0.4803167933842709 7
      vertex 23.453425315348532 0.4803167933842709 -7
    endloop
  endfacet
  facet normal -0.9764410788292742 -0.21578419676779667 -7.224340797204208e-20
    outer loop
      vertex 23.453425315348532 0.4803167933842709 7
      vertex 23.42735454356513 0.5982891607188944 7
      vertex 23.42735454356513 0.5982891607188944 -7
    endloop
  endfacet
  facet normal -0.9648755533435477 -0.2627073781986006 -7.671096786408714e-20
    outer loop
      vertex 23.42735454356513 0.5982891607188944 7
      vertex 23.395614572772914 0.7148641959967232 7
      vertex 23.395614572772914 0.7148641959967232 -7
    endloop
  endfacet
  facet normal -0.9510565162951596 -0.3090169943749288 -1.816985249821824e-19
    outer loop
      vertex 23.395614572772914 0.7148641959967232 7
      vertex 23.35827953314436 0.829769632821321 7
      vertex 23.35827953314436 0.829769632821321 -7
    endloop
  endfacet
  facet normal -0.9350162426854096 -0.3546048870425495 -1.96086358069332e-19
    outer loop
      vertex 23.35827953314436 0.829769632821321 7
      vertex 23.31543662239444 0.942737104220801 7
      vertex 23.31543662239444 0.942737104220801 -7
    endloop
  endfacet
  facet normal -0.9167921953165884 -0.39936458356568194 2.2958475004091517e-19
    outer loop
      vertex 23.31543662239444 0.942737104220801 7
      vertex 23.267185902126364 1.0535027694313228 7
      vertex 23.267185902126364 1.0535027694313228 -7
    endloop
  endfacet
  facet normal -0.8964269372956994 -0.44319154559925006 5.875761168810991e-20
    outer loop
      vertex 23.267185902126364 1.0535027694313228 7
      vertex 23.213640064133024 1.1618079301094215 7
      vertex 23.213640064133024 1.1618079301094215 -7
    endloop
  endfacet
  facet normal -0.8739680326265143 -0.4859834132426127 -9.148548725303509e-21
    outer loop
      vertex 23.213640064133024 1.1618079301094215 7
      vertex 23.15492416720012 1.2673996345339757 7
      vertex 23.15492416720012 1.2673996345339757 -7
    endloop
  endfacet
  facet normal -0.8494679351215346 -0.5276402441061108 9.715529653617117e-20
    outer loop
      vertex 23.15492416720012 1.2673996345339757 7
      vertex 23.09117534502557 1.370031268386675 7
      vertex 23.09117534502557 1.370031268386675 -7
    endloop
  endfacet
  facet normal -0.8229838658936475 -0.5680647467311688 1.4023450883241946e-19
    outer loop
      vertex 23.09117534502557 1.370031268386675 7
      vertex 23.022542485937368 1.469463130731183 7
      vertex 23.022542485937368 1.469463130731183 -7
    endloop
  endfacet
  facet normal -0.7945776797137518 -0.6071625078187144 -2.179742430063122e-19
    outer loop
      vertex 23.022542485937368 1.469463130731183 7
      vertex 22.949185885158055 1.565462993845784 7
      vertex 22.949185885158055 1.565462993845784 -7
    endloop
  endfacet
  facet normal -0.5069598538135902 -0.8619696668800494 0
    outer loop
      vertex 22.214958533106515 2.1849200815662946 7
      vertex 22.214958533106515 2.1849200815662946 -7
      vertex 22.31910061026533 2.123669837803803 7
    endloop
  endfacet
  facet normal -0.4647231720437696 -0.8854560256532094 0
    outer loop
      vertex 22.107978863998103 2.2410673432392594 7
      vertex 22.107978863998103 2.2410673432392594 -7
      vertex 22.214958533106515 2.1849200815662946 7
    endloop
  endfacet
  facet normal -0.23931566428756246 -0.9709418174260509 0
    outer loop
      vertex 21.539460491919517 2.4411026970731804 7
      vertex 21.539460491919517 2.4411026970731804 -7
      vertex 21.656768445496468 2.4121888833588785 7
    endloop
  endfacet
  facet normal -0.2859456783986919 -0.9582458291091653 0
    outer loop
      vertex 21.656768445496468 2.4121888833588785 7
      vertex 21.656768445496468 2.4121888833588785 -7
      vertex 21.772542485937368 2.3776412907378837 7
    endloop
  endfacet
  facet normal -0.3319078531285292 -0.9433118132577428 0
    outer loop
      vertex 21.772542485937368 2.3776412907378837 7
      vertex 21.772542485937368 2.3776412907378837 -7
      vertex 21.886512217606338 2.337540606713537 7
    endloop
  endfacet
  facet normal -0.4214011077725253 -0.9068743608505472 0
    outer loop
      vertex 21.998411458914237 2.291980488291456 7
      vertex 21.998411458914237 2.291980488291456 -7
      vertex 22.107978863998103 2.2410673432392594 7
    endloop
  endfacet
  facet normal -0.37709484168832236 -0.9261746489577757 0
    outer loop
      vertex 21.886512217606338 2.337540606713537 7
      vertex 21.886512217606338 2.337540606713537 -7
      vertex 21.998411458914237 2.291980488291456 7
    endloop
  endfacet
  facet normal -0.6985113652489386 -0.7155989607441195 0
    outer loop
      vertex 22.702539646966994 1.830671666494434 7
      vertex 22.702539646966994 1.830671666494434 -7
      vertex 22.788997401860303 1.7462784131223423 7
    endloop
  endfacet
  facet normal -0.7643157205458526 -0.6448422127361656 9.771018964230205e-20
    outer loop
      vertex 22.949185885158055 1.565462993845784 7
      vertex 22.871276870427753 1.657806645601988 7
      vertex 22.871276870427753 1.657806645601988 -7
    endloop
  endfacet
  facet normal -0.7322686665977752 -0.6810158587867952 3.4253873973272835e-20
    outer loop
      vertex 22.871276870427753 1.657806645601988 7
      vertex 22.788997401860303 1.7462784131223423 7
      vertex 22.788997401860303 1.7462784131223423 -7
    endloop
  endfacet
  facet normal -0.6631226582407941 -0.7485107481711021 0
    outer loop
      vertex 22.612105531840427 1.9107893013646207 7
      vertex 22.612105531840427 1.9107893013646207 -7
      vertex 22.702539646966994 1.830671666494434 7
    endloop
  endfacet
  facet normal -0.6261851975383091 -0.7796743540632259 0
    outer loop
      vertex 22.517906269546778 1.9864441992843855 7
      vertex 22.517906269546778 1.9864441992843855 -7
      vertex 22.612105531840427 1.9107893013646207 7
    endloop
  endfacet
  facet normal -0.5877852522924768 -0.8090169943749448 0
    outer loop
      vertex 22.42016186682789 2.057459664734141 7
      vertex 22.42016186682789 2.057459664734141 -7
      vertex 22.517906269546778 1.9864441992843855 7
    endloop
  endfacet
  facet normal -0.548012507354664 -0.8364701380102307 0
    outer loop
      vertex 22.31910061026533 2.123669837803803 7
      vertex 22.31910061026533 2.123669837803803 -7
      vertex 22.42016186682789 2.057459664734141 7
    endloop
  endfacet
  facet normal 0.09651392091451653 -0.9953316347176484 0
    outer loop
      vertex 20.698658299361693 2.481772185245135 7
      vertex 20.698658299361693 2.481772185245135 -7
      vertex 20.818912999595593 2.493432874228728 7
    endloop
  endfacet
  facet normal 0.048313379525503 -0.9988322268323268 0
    outer loop
      vertex 20.818912999595593 2.493432874228728 7
      vertex 20.818912999595593 2.493432874228728 -7
      vertex 20.93959063690967 2.499270035200482 7
    endloop
  endfacet
  facet normal 0 -1 0
    outer loop
      vertex 20.93959063690967 2.499270035200482 7
      vertex 20.93959063690967 2.499270035200482 -7
      vertex 21.06040936309033 2.499270035200482 7
    endloop
  endfacet
  facet normal -0.048313379525503 -0.9988322268323268 0
    outer loop
      vertex 21.06040936309033 2.499270035200482 7
      vertex 21.06040936309033 2.499270035200482 -7
      vertex 21.181087000404407 2.493432874228728 7
    endloop
  endfacet
  facet normal -0.09651392091451653 -0.9953316347176484 0
    outer loop
      vertex 21.181087000404407 2.493432874228728 7
      vertex 21.181087000404407 2.493432874228728 -7
      vertex 21.301341700638307 2.481772185245135 7
    endloop
  endfacet
  facet normal -0.14448904956921954 -0.9895063994510515 0
    outer loop
      vertex 21.301341700638307 2.481772185245135 7
      vertex 21.301341700638307 2.481772185245135 -7
      vertex 21.420892603367598 2.4643152023291273 7
    endloop
  endfacet
  facet normal -0.19212671735370737 -0.9813701261394135 0
    outer loop
      vertex 21.420892603367598 2.4643152023291273 7
      vertex 21.420892603367598 2.4643152023291273 -7
      vertex 21.539460491919517 2.4411026970731804 7
    endloop
  endfacet
endsolid OpenSCAD_Model
